[2026-09-15T14:19:09.381] [DEBUG] debug-file - session manager: set active socket. socketId=nuEywlTbxBRv8OX5AAAZ
[2026-09-15T14:19:09.391] [DEBUG] debug-file - watch worker: worker id should be larger than 0. Nothing will be sent to any worker thread.
[2026-09-15T14:19:09.394] [DEBUG] debug-file - Hvigor init with startParameters:{
  hvigorfileTypeCheck: false,
  parallelExecution: true,
  incrementalExecution: true,
  printStackTrace: false,
  daemon: true,
  analyze: 0,
  logLevel: Level { level: 20000, levelStr: 'INFO', colour: 'green' },
  optimizationStrategy: 'memory',
  hotCompile: undefined,
  hotReloadBuild: undefined
}
[2026-09-15T14:19:09.396] [DEBUG] debug-file - Cache service initialization finished in 3 ms 
[2026-09-15T14:19:09.396] [DEBUG] debug-file - hvigorfile, resolving D:\CityUproject\CampusNavigation\RoomMarkerHarmony\hvigorfile.ts
[2026-09-15T14:19:09.400] [DEBUG] debug-file - hvigorfile, require result:  { default: {} }
[2026-09-15T14:19:09.400] [DEBUG] debug-file - hvigorfile, binding system plugins null
[2026-09-15T14:19:09.403] [DEBUG] debug-file - Start initialize project's product build option map with build mode debug.
[2026-09-15T14:19:09.403] [DEBUG] debug-file - Picking option from product 'default' with build mode 'debug'.
[2026-09-15T14:19:09.403] [DEBUG] debug-file - Product 'default' build option initialized
[2026-09-15T14:19:09.403] [DEBUG] debug-file - End initialize project's product build option map with build mode 'debug'.
[2026-09-15T14:19:09.404] [DEBUG] debug-file - Obtain build option for product 'default'in this build.
[2026-09-15T14:19:09.404] [DEBUG] debug-file - D:\CityUproject\CampusNavigation\RoomMarkerHarmony\build\cache\default\remote_hsp\remoteHspCache.json not exists.
[2026-09-15T14:19:09.406] [DEBUG] debug-file - Start recording SDK configuration permission data.
[2026-09-15T14:19:09.421] [DEBUG] debug-file - Sdk init in 17 ms 
[2026-09-15T14:19:09.422] [DEBUG] debug-file - Project task initialization takes 2 ms 
[2026-09-15T14:19:09.423] [DEBUG] debug-file - hvigorfile, binding custom plugins undefined
[2026-09-15T14:19:09.423] [DEBUG] debug-file - hvigorfile, no custom plugins were found in D:\CityUproject\CampusNavigation\RoomMarkerHarmony\hvigorfile.ts
[2026-09-15T14:19:09.423] [DEBUG] debug-file - hvigorfile, resolve finished D:\CityUproject\CampusNavigation\RoomMarkerHarmony\hvigorfile.ts
[2026-09-15T14:19:09.423] [DEBUG] debug-file - hvigorfile, resolving D:\CityUproject\CampusNavigation\RoomMarkerHarmony\entry\hvigorfile.ts
[2026-09-15T14:19:09.424] [DEBUG] debug-file - hvigorfile, require result:  { default: {} }
[2026-09-15T14:19:09.424] [DEBUG] debug-file - hvigorfile, binding system plugins null
[2026-09-15T14:19:09.425] [DEBUG] debug-file - failed to load cangjie to dynamically generate schemas: Error: Cannot find module '@ohos/cangjie-build-support/index'
Require stack:
- D:\DevEco\DevEco Studio\tools\hvigor\hvigor-ohos-plugin\src\plugin\factory\plugin-factory.js
- D:\DevEco\DevEco Studio\tools\hvigor\hvigor-ohos-plugin\index.js
- D:\CityUproject\CampusNavigation\RoomMarkerHarmony\hvigorfile.ts
- D:\DevEco\DevEco Studio\tools\hvigor\hvigor\src\base\internal\lifecycle\configuration.js
- D:\DevEco\DevEco Studio\tools\hvigor\hvigor\src\base\boot\index.js
- D:\DevEco\DevEco Studio\tools\hvigor\hvigor\src\base\daemon\cluster\worker-process-lifecycle.js
- D:\DevEco\DevEco Studio\tools\hvigor\hvigor\src\base\daemon\process\daemon-process-boot-script.js
[2026-09-15T14:19:09.426] [DEBUG] debug-file - Start initialize module-target build option map, moduleName=entry, buildMode=debug
[2026-09-15T14:19:09.426] [DEBUG] debug-file - Target 'default' config initialized
[2026-09-15T14:19:09.427] [DEBUG] debug-file - Module 'entry' target 'default' build option initialized
[2026-09-15T14:19:09.427] [DEBUG] debug-file - End initialize module-target build option map, moduleName=entry
[2026-09-15T14:19:09.427] [DEBUG] debug-file - Start initialize module-target build option map, moduleName=entry, buildMode=release
[2026-09-15T14:19:09.427] [DEBUG] debug-file - Target 'default' config initialized
[2026-09-15T14:19:09.427] [DEBUG] debug-file - Module 'entry' target 'default' build option initialized
[2026-09-15T14:19:09.427] [DEBUG] debug-file - End initialize module-target build option map, moduleName=entry
[2026-09-15T14:19:09.427] [DEBUG] debug-file - Start initialize module-target build option map, moduleName=entry, buildMode=debug
[2026-09-15T14:19:09.427] [DEBUG] debug-file - Target 'default' config initialized
[2026-09-15T14:19:09.427] [DEBUG] debug-file - Module 'entry' target 'default' build option initialized
[2026-09-15T14:19:09.427] [DEBUG] debug-file - End initialize module-target build option map, moduleName=entry
[2026-09-15T14:19:09.427] [DEBUG] debug-file - Obtain build option for module 'entry' target 'default'in this build.
[2026-09-15T14:19:09.428] [DEBUG] debug-file - Module entry task initialization takes 1 ms 
[2026-09-15T14:19:09.428] [DEBUG] debug-file - hvigorfile, binding custom plugins undefined
[2026-09-15T14:19:09.428] [DEBUG] debug-file - hvigorfile, no custom plugins were found in D:\CityUproject\CampusNavigation\RoomMarkerHarmony\entry\hvigorfile.ts
[2026-09-15T14:19:09.428] [DEBUG] debug-file - hvigorfile, resolve finished D:\CityUproject\CampusNavigation\RoomMarkerHarmony\entry\hvigorfile.ts
[2026-09-15T14:19:09.438] [DEBUG] debug-file - hvigorfile, resolve hvigorfile dependencies in 11 ms 
[2026-09-15T14:19:09.438] [DEBUG] debug-file - project has submodules:entry
[2026-09-15T14:19:09.439] [DEBUG] debug-file - start to load updatedOhPackageInfo to the disk
[2026-09-15T14:19:09.441] [DEBUG] debug-file - load to the disk finished
[2026-09-15T14:19:09.442] [DEBUG] debug-file - Start to initialize dependency information.
[2026-09-15T14:19:09.442] [DEBUG] debug-file - Module RoomMarkerHarmony Collected Dependency: 
[2026-09-15T14:19:09.442] [DEBUG] debug-file - Module RoomMarkerHarmony's total dependency: 0
[2026-09-15T14:19:09.443] [DEBUG] debug-file - Start to initialize dependency information.
[2026-09-15T14:19:09.444] [DEBUG] debug-file - Module entry Collected Dependency: 
[2026-09-15T14:19:09.444] [DEBUG] debug-file - Module entry's total dependency: 0
[2026-09-15T14:19:09.445] [DEBUG] debug-file - Configuration phase cost:49 ms 
[2026-09-15T14:19:09.445] [DEBUG] debug-file - Configuration task cost before running: 54 ms 
[2026-09-15T14:19:09.448] [DEBUG] debug-file - Executing task :entry:default@PreBuild
[2026-09-15T14:19:09.448] [DEBUG] debug-file - Task 'entry:default@PreBuild' cost while wrapping incremental declarations: 1 ms 
[2026-09-15T14:19:09.452] [DEBUG] debug-file - Incremental task entry:default@PreBuild pre-execution cost: 3 ms .
[2026-09-15T14:19:09.452] [DEBUG] debug-file - entry : default@PreBuild cost memory 0.31592559814453125
[2026-09-15T14:19:09.453] [INFO] debug-file - UP-TO-DATE :entry:default@PreBuild...  
[2026-09-15T14:19:09.453] [DEBUG] debug-file - Executing task :entry:default@CreateModuleInfo
[2026-09-15T14:19:09.454] [DEBUG] debug-file - Task 'entry:default@CreateModuleInfo' cost while wrapping incremental declarations: 1 ms 
[2026-09-15T14:19:09.454] [DEBUG] debug-file - entry : default@CreateModuleInfo cost memory 0.040069580078125
[2026-09-15T14:19:09.454] [DEBUG] debug-file - runTaskFromQueue task cost before running: 62 ms 
[2026-09-15T14:19:09.454] [INFO] debug-file - Finished :entry:default@CreateModuleInfo... after 1 ms 
[2026-09-15T14:19:09.455] [DEBUG] debug-file - Executing task :entry:default@GenerateMetadata
[2026-09-15T14:19:09.456] [DEBUG] debug-file - Task 'entry:default@GenerateMetadata' cost while wrapping incremental declarations: 1 ms 
[2026-09-15T14:19:09.456] [DEBUG] debug-file - Incremental task entry:default@GenerateMetadata pre-execution cost: 1 ms .
[2026-09-15T14:19:09.456] [DEBUG] debug-file - entry : default@GenerateMetadata cost memory 0.09069061279296875
[2026-09-15T14:19:09.456] [INFO] debug-file - UP-TO-DATE :entry:default@GenerateMetadata...  
[2026-09-15T14:19:09.457] [DEBUG] debug-file - Executing task :entry:default@ConfigureCmake
[2026-09-15T14:19:09.457] [DEBUG] debug-file - entry : default@ConfigureCmake cost memory 0.01549530029296875
[2026-09-15T14:19:09.457] [DEBUG] debug-file - runTaskFromQueue task cost before running: 65 ms 
[2026-09-15T14:19:09.457] [INFO] debug-file - Finished :entry:default@ConfigureCmake... after 1 ms 
[2026-09-15T14:19:09.457] [DEBUG] debug-file - Executing task :entry:default@MergeProfile
[2026-09-15T14:19:09.457] [DEBUG] debug-file - Task 'entry:default@MergeProfile' cost while wrapping incremental declarations: 1 ms 
[2026-09-15T14:19:09.458] [DEBUG] debug-file - Incremental task entry:default@MergeProfile pre-execution cost: 1 ms .
[2026-09-15T14:19:09.458] [DEBUG] debug-file - entry : default@MergeProfile cost memory 0.13214874267578125
[2026-09-15T14:19:09.458] [INFO] debug-file - UP-TO-DATE :entry:default@MergeProfile...  
[2026-09-15T14:19:09.459] [DEBUG] debug-file - Executing task :entry:default@CreateBuildProfile
[2026-09-15T14:19:09.459] [DEBUG] debug-file - Task 'entry:default@CreateBuildProfile' cost while wrapping incremental declarations: 1 ms 
[2026-09-15T14:19:09.460] [DEBUG] debug-file - Incremental task entry:default@CreateBuildProfile pre-execution cost: 1 ms .
[2026-09-15T14:19:09.460] [DEBUG] debug-file - entry : default@CreateBuildProfile cost memory 0.095611572265625
[2026-09-15T14:19:09.460] [INFO] debug-file - UP-TO-DATE :entry:default@CreateBuildProfile...  
[2026-09-15T14:19:09.460] [DEBUG] debug-file - Executing task :entry:default@PreCheckSyscap
[2026-09-15T14:19:09.460] [DEBUG] debug-file - entry : default@PreCheckSyscap cost memory 0.015716552734375
[2026-09-15T14:19:09.460] [DEBUG] debug-file - runTaskFromQueue task cost before running: 69 ms 
[2026-09-15T14:19:09.460] [INFO] debug-file - Finished :entry:default@PreCheckSyscap... after 1 ms 
[2026-09-15T14:19:09.461] [DEBUG] debug-file - Executing task :entry:default@GeneratePkgContextInfo
[2026-09-15T14:19:09.462] [DEBUG] debug-file - Task 'entry:default@GeneratePkgContextInfo' cost while wrapping incremental declarations: 1 ms 
[2026-09-15T14:19:09.463] [DEBUG] debug-file - entry : default@GeneratePkgContextInfo cost memory 0.16138458251953125
[2026-09-15T14:19:09.463] [DEBUG] debug-file - runTaskFromQueue task cost before running: 71 ms 
[2026-09-15T14:19:09.463] [INFO] debug-file - Finished :entry:default@GeneratePkgContextInfo... after 2 ms 
[2026-09-15T14:19:09.464] [DEBUG] debug-file - Executing task :entry:default@ProcessIntegratedHsp
[2026-09-15T14:19:09.465] [DEBUG] debug-file - entry:default@ProcessIntegratedHsp is not up-to-date, since the output file 'D:\CityUproject\CampusNavigation\RoomMarkerHarmony\build\cache\default\integrated_hsp\integratedHspCache.json' does not exist.
[2026-09-15T14:19:09.465] [DEBUG] debug-file - Incremental task entry:default@ProcessIntegratedHsp pre-execution cost: 1 ms .
[2026-09-15T14:19:09.465] [DEBUG] debug-file - entry : default@ProcessIntegratedHsp cost memory 0.063629150390625
[2026-09-15T14:19:09.465] [DEBUG] debug-file - runTaskFromQueue task cost before running: 73 ms 
[2026-09-15T14:19:09.465] [INFO] debug-file - Finished :entry:default@ProcessIntegratedHsp... after 1 ms 
[2026-09-15T14:19:09.465] [DEBUG] debug-file - Executing task :entry:default@BuildNativeWithCmake
[2026-09-15T14:19:09.465] [DEBUG] debug-file - entry : default@BuildNativeWithCmake cost memory 0.01654052734375
[2026-09-15T14:19:09.465] [DEBUG] debug-file - runTaskFromQueue task cost before running: 74 ms 
[2026-09-15T14:19:09.465] [INFO] debug-file - Finished :entry:default@BuildNativeWithCmake... after 1 ms 
[2026-09-15T14:19:09.466] [DEBUG] debug-file - Executing task :entry:default@MakePackInfo
[2026-09-15T14:19:09.467] [DEBUG] debug-file - Incremental task entry:default@MakePackInfo pre-execution cost: 1 ms .
[2026-09-15T14:19:09.467] [DEBUG] debug-file - entry : default@MakePackInfo cost memory 0.10672760009765625
[2026-09-15T14:19:09.467] [INFO] debug-file - UP-TO-DATE :entry:default@MakePackInfo...  
[2026-09-15T14:19:09.468] [DEBUG] debug-file - Executing task :entry:default@SyscapTransform
[2026-09-15T14:19:09.468] [DEBUG] debug-file - File: 'D:\CityUproject\CampusNavigation\RoomMarkerHarmony\entry\src\main\syscap.json' from 'sysCapJsonPath' is not exists, just ignore.
[2026-09-15T14:19:09.468] [DEBUG] debug-file - Task 'entry:default@SyscapTransform' cost while wrapping incremental declarations: 1 ms 
[2026-09-15T14:19:09.469] [DEBUG] debug-file - entry:default@SyscapTransform is not up-to-date, since the output file 'D:\CityUproject\CampusNavigation\RoomMarkerHarmony\entry\build\default\intermediates\syscap\default\rpcid.sc' does not exist.
[2026-09-15T14:19:09.469] [DEBUG] debug-file - Incremental task entry:default@SyscapTransform pre-execution cost: 2 ms .
[2026-09-15T14:19:09.469] [DEBUG] debug-file - entry : default@SyscapTransform cost memory 0.15494537353515625
[2026-09-15T14:19:09.469] [DEBUG] debug-file - runTaskFromQueue task cost before running: 78 ms 
[2026-09-15T14:19:09.469] [INFO] debug-file - Finished :entry:default@SyscapTransform... after 2 ms 
[2026-09-15T14:19:09.470] [DEBUG] debug-file - Executing task :entry:default@ProcessProfile
[2026-09-15T14:19:09.470] [DEBUG] debug-file - Task 'entry:default@ProcessProfile' cost while wrapping incremental declarations: 1 ms 
[2026-09-15T14:19:09.471] [DEBUG] debug-file - Incremental task entry:default@ProcessProfile pre-execution cost: 1 ms .
[2026-09-15T14:19:09.471] [DEBUG] debug-file - entry : default@ProcessProfile cost memory 0.14514923095703125
[2026-09-15T14:19:09.471] [INFO] debug-file - UP-TO-DATE :entry:default@ProcessProfile...  
[2026-09-15T14:19:09.472] [DEBUG] debug-file - Executing task :entry:default@ProcessRouterMap
[2026-09-15T14:19:09.473] [DEBUG] debug-file - Incremental task entry:default@ProcessRouterMap pre-execution cost: 2 ms .
[2026-09-15T14:19:09.473] [DEBUG] debug-file - entry : default@ProcessRouterMap cost memory 0.12525177001953125
[2026-09-15T14:19:09.473] [INFO] debug-file - UP-TO-DATE :entry:default@ProcessRouterMap...  
[2026-09-15T14:19:09.474] [DEBUG] debug-file - Executing task :entry:default@ProcessShareConfig
[2026-09-15T14:19:09.475] [DEBUG] debug-file - Incremental task entry:default@ProcessShareConfig pre-execution cost: 1 ms .
[2026-09-15T14:19:09.475] [DEBUG] debug-file - entry : default@ProcessShareConfig cost memory 0.11472320556640625
[2026-09-15T14:19:09.475] [INFO] debug-file - UP-TO-DATE :entry:default@ProcessShareConfig...  
[2026-09-15T14:19:09.475] [DEBUG] debug-file - Executing task :entry:default@ProcessStartupConfig
[2026-09-15T14:19:09.475] [DEBUG] debug-file - Task 'entry:default@ProcessStartupConfig' cost while wrapping incremental declarations: 1 ms 
[2026-09-15T14:19:09.476] [DEBUG] debug-file - entry:default@ProcessStartupConfig is not up-to-date, since the output file 'D:\CityUproject\CampusNavigation\RoomMarkerHarmony\entry\build\default\intermediates\startup\default\startup_config.json' does not exist.
[2026-09-15T14:19:09.476] [DEBUG] debug-file - Incremental task entry:default@ProcessStartupConfig pre-execution cost: 1 ms .
[2026-09-15T14:19:09.476] [DEBUG] debug-file - entry : default@ProcessStartupConfig cost memory 0.1162567138671875
[2026-09-15T14:19:09.476] [DEBUG] debug-file - runTaskFromQueue task cost before running: 84 ms 
[2026-09-15T14:19:09.476] [INFO] debug-file - Finished :entry:default@ProcessStartupConfig... after 1 ms 
[2026-09-15T14:19:09.476] [DEBUG] debug-file - Executing task :entry:default@BuildNativeWithNinja
[2026-09-15T14:19:09.476] [DEBUG] debug-file - entry : default@BuildNativeWithNinja cost memory 0.02591705322265625
[2026-09-15T14:19:09.476] [DEBUG] debug-file - runTaskFromQueue task cost before running: 85 ms 
[2026-09-15T14:19:09.477] [INFO] debug-file - Finished :entry:default@BuildNativeWithNinja... after 1 ms 
[2026-09-15T14:19:09.477] [DEBUG] debug-file - restool module names: entry; moduleName=entry, taskName=default@ProcessResource
[2026-09-15T14:19:09.478] [DEBUG] debug-file - Executing task :entry:default@ProcessResource
[2026-09-15T14:19:09.478] [DEBUG] debug-file - Task 'entry:default@ProcessResource' cost while wrapping incremental declarations: 1 ms 
[2026-09-15T14:19:09.479] [DEBUG] debug-file - Incremental task entry:default@ProcessResource pre-execution cost: 1 ms .
[2026-09-15T14:19:09.479] [DEBUG] debug-file - entry : default@ProcessResource cost memory 0.1368560791015625
[2026-09-15T14:19:09.479] [INFO] debug-file - UP-TO-DATE :entry:default@ProcessResource...  
[2026-09-15T14:19:09.480] [DEBUG] debug-file - Executing task :entry:default@GenerateLoaderJson
[2026-09-15T14:19:09.480] [DEBUG] debug-file - Task 'entry:default@GenerateLoaderJson' cost while wrapping incremental declarations: 1 ms 
[2026-09-15T14:19:09.484] [DEBUG] debug-file - Incremental task entry:default@GenerateLoaderJson pre-execution cost: 3 ms .
[2026-09-15T14:19:09.484] [DEBUG] debug-file - entry : default@GenerateLoaderJson cost memory 0.46025848388671875
[2026-09-15T14:19:09.486] [INFO] debug-file - UP-TO-DATE :entry:default@GenerateLoaderJson...  
[2026-09-15T14:19:09.486] [DEBUG] debug-file - Executing task :entry:default@ProcessLibs
[2026-09-15T14:19:09.487] [DEBUG] debug-file - Incremental task entry:default@ProcessLibs pre-execution cost: 1 ms .
[2026-09-15T14:19:09.487] [DEBUG] debug-file - entry : default@ProcessLibs cost memory 0.1022491455078125
[2026-09-15T14:19:09.488] [INFO] debug-file - UP-TO-DATE :entry:default@ProcessLibs...  
[2026-09-15T14:19:09.488] [DEBUG] debug-file - restool module names: entry; moduleName=entry, taskName=default@CompileResource
[2026-09-15T14:19:09.488] [DEBUG] debug-file - Executing task :entry:default@CompileResource
[2026-09-15T14:19:09.495] [DEBUG] debug-file - Incremental task entry:default@CompileResource pre-execution cost: 6 ms .
[2026-09-15T14:19:09.495] [DEBUG] debug-file - entry : default@CompileResource cost memory 0.48836517333984375
[2026-09-15T14:19:09.495] [INFO] debug-file - UP-TO-DATE :entry:default@CompileResource...  
[2026-09-15T14:19:09.496] [DEBUG] debug-file - Executing task :entry:default@DoNativeStrip
[2026-09-15T14:19:09.496] [DEBUG] debug-file - Task 'entry:default@DoNativeStrip' cost while wrapping incremental declarations: 1 ms 
[2026-09-15T14:19:09.496] [DEBUG] debug-file - Incremental task entry:default@DoNativeStrip pre-execution cost: 1 ms .
[2026-09-15T14:19:09.496] [DEBUG] debug-file - entry : default@DoNativeStrip cost memory 0.08046722412109375
[2026-09-15T14:19:09.496] [INFO] debug-file - UP-TO-DATE :entry:default@DoNativeStrip...  
[2026-09-15T14:19:09.497] [DEBUG] debug-file - Executing task :entry:default@CompileArkTS
[2026-09-15T14:19:09.497] [DEBUG] debug-file - obfuscationOptions: undefined
[2026-09-15T14:19:09.498] [DEBUG] debug-file - Task 'entry:default@CompileArkTS' cost while wrapping incremental declarations: 1 ms 
[2026-09-15T14:19:09.502] [DEBUG] debug-file - entry:default@CompileArkTS is not up-to-date, since the input file 'D:\CityUproject\CampusNavigation\RoomMarkerHarmony\entry\src\main\ets' has been changed.
[2026-09-15T14:19:09.503] [DEBUG] debug-file - Incremental task entry:default@CompileArkTS pre-execution cost: 4 ms .
[2026-09-15T14:19:09.507] [DEBUG] debug-file - build config:
[2026-09-15T14:19:09.507] [DEBUG] debug-file - {
  moduleType: 'entry',
  perf: 0,
  targetName: '.default',
  packageManagerType: 'ohpm',
  localPropertiesPath: 'D:\\CityUproject\\CampusNavigation\\RoomMarkerHarmony\\local.properties',
  isPreview: false,
  isOhosTest: false,
  isLocalTest: false,
  buildMode: 'Debug',
  hotReloadBuild: undefined,
  watchMode: 'false',
  aceProfilePath: 'D:\\CityUproject\\CampusNavigation\\RoomMarkerHarmony\\entry\\build\\default\\intermediates\\res\\default\\resources\\base\\profile',
  etsLoaderPath: 'D:\\DevEco\\DevEco Studio\\sdk\\default\\openharmony\\ets\\build-tools\\ets-loader',
  modulePath: 'D:\\CityUproject\\CampusNavigation\\RoomMarkerHarmony\\entry',
  testFrameworkPar: {
    testMode: undefined,
    coveragePathFilter: undefined,
    coverageMode: undefined
  },
  needCoverageInsert: false,
  debugLine: false,
  projectTopDir: 'D:\\CityUproject\\CampusNavigation\\RoomMarkerHarmony',
  compileSdkVersion: 21,
  compatibleSdkVersion: 12,
  originCompatibleSdkVersion: '5.0.0(12)',
  compatibleSdkVersionStage: 'beta1',
  bundleName: 'c***r',
  etsLoaderVersion: '6.0.1.112',
  etsLoaderReleaseType: 'Release',
  aotCompileMode: 'type',
  apPath: 'D:\\CityUproject\\CampusNavigation\\RoomMarkerHarmony\\entry\\modules.ap',
  entryModuleName: 'entry',
  entryModuleVersion: '1.0.0',
  entryPackageName: 'entry',
  allModuleNameHash: '3e2de7d5bc42bc0bc7298cf037dca8e36c6e8252845ff7b4815a3aa3e34aecb9',
  externalApiPaths: [ 'D:\\DevEco\\DevEco Studio\\sdk\\default\\hms\\ets' ],
  compilerTypes: [],
  isCrossplatform: false,
  hvigorPluginFile: undefined,
  compilePluginPath: undefined,
  buildGeneratedProfilePath: 'D:\\CityUproject\\CampusNavigation\\RoomMarkerHarmony\\entry\\build\\default\\generated\\profile\\default',
  bundleType: 'app',
  arkTSVersion: undefined,
  apiVersion: 21,
  needCompleteSourcesMap: false,
  isFaMode: false,
  buildDir: 'D:\\CityUproject\\CampusNavigation\\RoomMarkerHarmony\\entry\\build',
  deviceTypes: [ 'phone' ],
  pkgContextInfo: undefined,
  ohPackagePathMap: {},
  dependencyAliasMap: {},
  permission: {
    requestPermissions: [
      [Object], [Object],
      [Object], [Object],
      [Object], [Object],
      [Object]
    ],
    definePermissions: undefined
  },
  integratedHsp: false,
  projectArkOption: undefined,
  sourceMapDir: undefined,
  branchElimination: false,
  transformLib: undefined,
  tsImportSendable: false,
  resolveConflictMode: true,
  depName2RootPath: {},
  depName2DepInfo: {},
  rootPathSet: [ 'D:\\CityUproject\\CampusNavigation\\RoomMarkerHarmony' ],
  useNativeResolver: true,
  shouldEmitJs: true,
  useTscResolve: false,
  singleFileEmit: false,
  userProjectConfig: {
    autoLazyImport: false,
    allowEmptyBundleName: false,
    reExportCheckMode: 'noCheck',
    executionMode: 'memory',
    usePathPlaceholder: false,
    writeRollupCache: true,
    isExpandImportEnabled: false,
    expandImportExclude: '',
    lazyImportExclude: '',
    lazyImportInclude: '',
    ignoreCrossplatformCheck: false,
    isHarDeduplicateEnabled: false,
    enableStrictCheckOHModule: false,
    useDeclarationFileSignature: false,
    isPreloadSoEnabled: false
  },
  skipOhModulesLint: false,
  executionMode: 'memory',
  arkCompileCachePath: 'D:\\CityUproject\\CampusNavigation\\RoomMarkerHarmony\\entry\\build\\default\\cache\\default\\default@CompileArkTS\\esmodule',
  autoLazyFilter: undefined,
  isHarDeduplicateEnabled: false,
  intermediateHarDuplicateDirPath: 'D:\\CityUproject\\CampusNavigation\\RoomMarkerHarmony\\entry\\build\\default\\intermediates\\har_duplicate\\default',
  autoLazyImport: false,
  allowEmptyBundleName: false,
  reExportCheckMode: 'noCheck',
  usePathPlaceholder: false,
  writeRollupCache: true,
  isExpandImportEnabled: false,
  expandImportExclude: '',
  lazyImportExclude: '',
  lazyImportInclude: '',
  ignoreCrossplatformCheck: false,
  enableStrictCheckOHModule: false,
  useDeclarationFileSignature: false,
  isPreloadSoEnabled: false,
  strictMode: undefined,
  useNormalizedOHMUrl: false,
  caseSensitiveCheck: false,
  aceModuleJsonPath: 'D:\\CityUproject\\CampusNavigation\\RoomMarkerHarmony\\entry\\build\\default\\intermediates\\res\\default\\ark_module.json',
  appResource: 'D:\\CityUproject\\CampusNavigation\\RoomMarkerHarmony\\entry\\build\\default\\intermediates\\res\\default\\ResourceTable.txt',
  rawFileResource: 'D:\\CityUproject\\CampusNavigation\\RoomMarkerHarmony\\entry\\build\\default\\intermediates\\res\\default\\resources\\rawfile',
  resourceTableHash: '329571f6e7865bcbebcf8afddc66aad5756e94716c0b215a8fc517b976439783',
  runtimeOS: 'HarmonyOS',
  sdkInfo: 'false:21:6.0.1.112:Release',
  aceModuleRoot: 'D:\\CityUproject\\CampusNavigation\\RoomMarkerHarmony\\entry\\src\\main\\ets',
  compileMode: 'esmodule',
  aceSuperVisualPath: 'D:\\CityUproject\\CampusNavigation\\RoomMarkerHarmony\\entry\\src\\main\\supervisual',
  aceBuildJson: 'D:\\CityUproject\\CampusNavigation\\RoomMarkerHarmony\\entry\\build\\default\\intermediates\\loader\\default\\loader.json',
  cachePath: 'D:\\CityUproject\\CampusNavigation\\RoomMarkerHarmony\\entry\\build\\default\\cache\\default\\default@CompileArkTS\\esmodule\\debug',
  aceModuleBuild: 'D:\\CityUproject\\CampusNavigation\\RoomMarkerHarmony\\entry\\build\\default\\intermediates\\loader_out\\default\\ets',
  supportChunks: true,
  declaredFilesPath: undefined,
  shouldCollectDirectImportees: false,
  isByteCodeHarOptimize: false,
  expandImportPath: undefined,
  pkgNameToPkgBriefInfo: {
    entry: {
      pkgRoot: 'D:\\CityUproject\\CampusNavigation\\RoomMarkerHarmony\\entry',
      originalSourceRoots: undefined,
      sourceRoots: [Array],
      pkgName: 'entry'
    }
  },
  projectModel: {
    'D:\\CityUproject\\CampusNavigation\\RoomMarkerHarmony\\entry\\src\\main': {
      moduleName: 'entry',
      modulePkgPath: 'D:\\CityUproject\\CampusNavigation\\RoomMarkerHarmony\\entry',
      belongProjectPath: 'D:\\CityUproject\\CampusNavigation\\RoomMarkerHarmony'
    },
    'D:\\CityUproject\\CampusNavigation\\RoomMarkerHarmony\\entry': {
      moduleName: 'entry',
      modulePkgPath: 'D:\\CityUproject\\CampusNavigation\\RoomMarkerHarmony\\entry',
      belongProjectPath: 'D:\\CityUproject\\CampusNavigation\\RoomMarkerHarmony'
    },
    'D:\\CityUproject\\CampusNavigation\\RoomMarkerHarmony': {
      moduleName: 'RoomMarkerHarmony',
      modulePkgPath: 'D:\\CityUproject\\CampusNavigation\\RoomMarkerHarmony',
      belongProjectPath: 'D:\\CityUproject\\CampusNavigation\\RoomMarkerHarmony'
    }
  },
  pkgJsonFileHash: 'ac019853f4aab35e0389d66085a03b3c996fc93df6c0d2d552ea85d3dfb7436a',
  allModulePaths: [ 'D:\\CityUproject\\CampusNavigation\\RoomMarkerHarmony\\entry' ],
  routerMap: {},
  obfuscationOptions: undefined,
  byteCodeHarToDependencyKeys: undefined,
  compileBlockPkg: [],
  mockParams: {
    decorator: '@MockSetup',
    packageName: '@ohos/hamock',
    etsSourceRootPath: 'src/main/ets',
    mockConfigPath: undefined,
    mockConfigKey2ModuleInfo: {},
    source2ModuleIdMap: {}
  },
  copyCodeResourceEnable: true,
  copyCodeResourceExcludes: [],
  copyCodeResourceIncludes: undefined,
  uiTransformOptimization: false,
  sdkPath: 'D:/DevEco/DevEco Studio/sdk',
  needPreloadSoFileSet: {},
  preloadSoFilePath: 'D:\\CityUproject\\CampusNavigation\\RoomMarkerHarmony\\entry\\build\\default\\intermediates\\preload\\default\\preload.json',
  useSourceHash: false,
  localModuleParamMap: {},
  otherPaths: {
    'entry/*': [
      '..\\*',
      '..\\..\\..\\build\\default\\generated\\profile\\default\\*'
    ]
  },
  collectImportersConfig: undefined
}
[2026-09-15T14:19:09.507] [DEBUG] debug-file - Compile arkts with external api path: D:\DevEco\DevEco Studio\sdk\default\hms\ets
[2026-09-15T14:19:09.507] [DEBUG] debug-file - default@CompileArkTS work[22] is submitted.
[2026-09-15T14:19:09.507] [DEBUG] debug-file - default@CompileArkTS work[22] is pushed to ready queue.
[2026-09-15T14:19:09.508] [DEBUG] debug-file - A work dispatched to worker[15] failed because unable to get work from ready queue.
[2026-09-15T14:19:09.508] [DEBUG] debug-file - A work dispatched to worker[14] failed because unable to get work from ready queue.
[2026-09-15T14:19:09.508] [DEBUG] debug-file - A work dispatched to worker[13] failed because unable to get work from ready queue.
[2026-09-15T14:19:09.508] [DEBUG] debug-file - A work dispatched to worker[12] failed because unable to get work from ready queue.
[2026-09-15T14:19:09.508] [DEBUG] debug-file - A work dispatched to worker[11] failed because unable to get work from ready queue.
[2026-09-15T14:19:09.508] [DEBUG] debug-file - A work dispatched to worker[10] failed because unable to get work from ready queue.
[2026-09-15T14:19:09.508] [DEBUG] debug-file - A work dispatched to worker[9] failed because unable to get work from ready queue.
[2026-09-15T14:19:09.508] [DEBUG] debug-file - A work dispatched to worker[8] failed because unable to get work from ready queue.
[2026-09-15T14:19:09.508] [DEBUG] debug-file - A work dispatched to worker[7] failed because unable to get work from ready queue.
[2026-09-15T14:19:09.508] [DEBUG] debug-file - A work dispatched to worker[6] failed because unable to get work from ready queue.
[2026-09-15T14:19:09.508] [DEBUG] debug-file - A work dispatched to worker[5] failed because unable to get work from ready queue.
[2026-09-15T14:19:09.508] [DEBUG] debug-file - default@CompileArkTS work[22] has been dispatched to worker[4].
[2026-09-15T14:19:09.508] [DEBUG] debug-file - default@CompileArkTS work[22] is dispatched.
[2026-09-15T14:19:09.508] [DEBUG] debug-file - CopyResources startTime: 13452896836200
[2026-09-15T14:19:09.508] [DEBUG] debug-file - default@CompileArkTS work[23] is submitted.
[2026-09-15T14:19:09.508] [DEBUG] debug-file - default@CompileArkTS work[23] is pushed to ready queue.
[2026-09-15T14:19:09.508] [DEBUG] debug-file - A work dispatched to worker[15] failed because unable to get work from ready queue.
[2026-09-15T14:19:09.508] [DEBUG] debug-file - Create  resident worker with id: 14.
[2026-09-15T14:19:09.508] [DEBUG] debug-file - default@CompileArkTS work[23] has been dispatched to worker[14].
[2026-09-15T14:19:09.508] [DEBUG] debug-file - default@CompileArkTS work[23] is dispatched.
[2026-09-15T14:19:09.509] [DEBUG] debug-file - entry : default@CompileArkTS cost memory 1.5643386840820312
[2026-09-15T14:19:09.509] [DEBUG] debug-file - Executing task :entry:default@BuildJS
[2026-09-15T14:19:09.509] [DEBUG] debug-file - Task 'entry:default@BuildJS' cost while wrapping incremental declarations: 1 ms 
[2026-09-15T14:19:09.511] [DEBUG] debug-file - entry : default@BuildJS cost memory -1.467620849609375
[2026-09-15T14:19:09.511] [DEBUG] debug-file - runTaskFromQueue task cost before running: 119 ms 
[2026-09-15T14:19:09.511] [INFO] debug-file - Finished :entry:default@BuildJS... after 2 ms 
[2026-09-15T14:19:09.512] [DEBUG] debug-file - Executing task :entry:default@CacheNativeLibs
[2026-09-15T14:19:09.512] [DEBUG] debug-file - Task 'entry:default@CacheNativeLibs' cost while wrapping incremental declarations: 1 ms 
[2026-09-15T14:19:09.512] [DEBUG] debug-file - Incremental task entry:default@CacheNativeLibs pre-execution cost: 1 ms .
[2026-09-15T14:19:09.512] [DEBUG] debug-file - entry : default@CacheNativeLibs cost memory 0.0950775146484375
[2026-09-15T14:19:09.513] [INFO] debug-file - UP-TO-DATE :entry:default@CacheNativeLibs...  
[2026-09-15T14:19:10.036] [DEBUG] debug-file - worker[4] has one work error.
[2026-09-15T14:19:10.036] [DEBUG] debug-file - default@CompileArkTS work[22] failed.
[2026-09-15T14:19:10.036] [ERROR] debug-file - Failed :entry:default@CompileArkTS... 
[2026-09-15T14:19:10.036] [WARN] debug-file - 
[33m1 WARN: [33m[33mArkTS:WARN File: D:/CityUproject/CampusNavigation/RoomMarkerHarmony/entry/src/main/ets/data/Store.ets:113:49
 Function may throw exceptions. Special handling is required.
[39m[39m
[33m2 WARN: [33m[33mArkTS:WARN File: D:/CityUproject/CampusNavigation/RoomMarkerHarmony/entry/src/main/ets/data/Store.ets:118:12
 Function may throw exceptions. Special handling is required.
[39m[39m
[33m3 WARN: [33m[33mArkTS:WARN File: D:/CityUproject/CampusNavigation/RoomMarkerHarmony/entry/src/main/ets/data/Store.ets:120:13
 Function may throw exceptions. Special handling is required.
[39m[39m
[33m4 WARN: [33m[33mArkTS:WARN File: D:/CityUproject/CampusNavigation/RoomMarkerHarmony/entry/src/main/ets/data/Store.ets:120:24
 Function may throw exceptions. Special handling is required.
[39m[39m
[33m5 WARN: [33m[33mArkTS:WARN File: D:/CityUproject/CampusNavigation/RoomMarkerHarmony/entry/src/main/ets/data/Store.ets:121:15
 Function may throw exceptions. Special handling is required.
[39m[39m
[33m6 WARN: [33m[33mArkTS:WARN File: D:/CityUproject/CampusNavigation/RoomMarkerHarmony/entry/src/main/ets/data/Store.ets:121:28
 Function may throw exceptions. Special handling is required.
[39m[39m
[33m7 WARN: [33m[33mArkTS:WARN File: D:/CityUproject/CampusNavigation/RoomMarkerHarmony/entry/src/main/ets/data/Store.ets:122:15
 Function may throw exceptions. Special handling is required.
[39m[39m
[33m8 WARN: [33m[33mArkTS:WARN File: D:/CityUproject/CampusNavigation/RoomMarkerHarmony/entry/src/main/ets/data/Store.ets:122:28
 Function may throw exceptions. Special handling is required.
[39m[39m
[33m9 WARN: [33m[33mArkTS:WARN File: D:/CityUproject/CampusNavigation/RoomMarkerHarmony/entry/src/main/ets/data/Store.ets:127:20
 Function may throw exceptions. Special handling is required.
[39m[39m
[33m10 WARN: [33m[33mArkTS:WARN File: D:/CityUproject/CampusNavigation/RoomMarkerHarmony/entry/src/main/ets/data/Store.ets:127:31
 Function may throw exceptions. Special handling is required.
[39m[39m
[33m11 WARN: [33m[33mArkTS:WARN File: D:/CityUproject/CampusNavigation/RoomMarkerHarmony/entry/src/main/ets/data/Store.ets:130:5
 Function may throw exceptions. Special handling is required.
[39m[39m
[33m12 WARN: [33m[33mArkTS:WARN File: D:/CityUproject/CampusNavigation/RoomMarkerHarmony/entry/src/main/ets/data/Store.ets:141:49
 Function may throw exceptions. Special handling is required.
[39m[39m
[33m13 WARN: [33m[33mArkTS:WARN File: D:/CityUproject/CampusNavigation/RoomMarkerHarmony/entry/src/main/ets/data/Store.ets:145:9
 Function may throw exceptions. Special handling is required.
[39m[39m
[33m14 WARN: [33m[33mArkTS:WARN File: D:/CityUproject/CampusNavigation/RoomMarkerHarmony/entry/src/main/ets/data/Store.ets:147:13
 Function may throw exceptions. Special handling is required.
[39m[39m
[33m15 WARN: [33m[33mArkTS:WARN File: D:/CityUproject/CampusNavigation/RoomMarkerHarmony/entry/src/main/ets/data/Store.ets:147:24
 Function may throw exceptions. Special handling is required.
[39m[39m
[33m16 WARN: [33m[33mArkTS:WARN File: D:/CityUproject/CampusNavigation/RoomMarkerHarmony/entry/src/main/ets/data/Store.ets:148:15
 Function may throw exceptions. Special handling is required.
[39m[39m
[33m17 WARN: [33m[33mArkTS:WARN File: D:/CityUproject/CampusNavigation/RoomMarkerHarmony/entry/src/main/ets/data/Store.ets:148:28
 Function may throw exceptions. Special handling is required.
[39m[39m
[33m18 WARN: [33m[33mArkTS:WARN File: D:/CityUproject/CampusNavigation/RoomMarkerHarmony/entry/src/main/ets/data/Store.ets:149:15
 Function may throw exceptions. Special handling is required.
[39m[39m
[33m19 WARN: [33m[33mArkTS:WARN File: D:/CityUproject/CampusNavigation/RoomMarkerHarmony/entry/src/main/ets/data/Store.ets:149:28
 Function may throw exceptions. Special handling is required.
[39m[39m
[33m20 WARN: [33m[33mArkTS:WARN File: D:/CityUproject/CampusNavigation/RoomMarkerHarmony/entry/src/main/ets/data/Store.ets:154:20
 Function may throw exceptions. Special handling is required.
[39m[39m
[33m21 WARN: [33m[33mArkTS:WARN File: D:/CityUproject/CampusNavigation/RoomMarkerHarmony/entry/src/main/ets/data/Store.ets:154:31
 Function may throw exceptions. Special handling is required.
[39m[39m
[33m22 WARN: [33m[33mArkTS:WARN File: D:/CityUproject/CampusNavigation/RoomMarkerHarmony/entry/src/main/ets/data/Store.ets:157:5
 Function may throw exceptions. Special handling is required.
[39m[39m
[33m23 WARN: [33m[33mArkTS:WARN File: D:/CityUproject/CampusNavigation/RoomMarkerHarmony/entry/src/main/ets/data/Store.ets:169:49
 Function may throw exceptions. Special handling is required.
[39m[39m
[33m24 WARN: [33m[33mArkTS:WARN File: D:/CityUproject/CampusNavigation/RoomMarkerHarmony/entry/src/main/ets/data/Store.ets:175:12
 Function may throw exceptions. Special handling is required.
[39m[39m
[33m25 WARN: [33m[33mArkTS:WARN File: D:/CityUproject/CampusNavigation/RoomMarkerHarmony/entry/src/main/ets/data/Store.ets:177:13
 Function may throw exceptions. Special handling is required.
[39m[39m
[33m26 WARN: [33m[33mArkTS:WARN File: D:/CityUproject/CampusNavigation/RoomMarkerHarmony/entry/src/main/ets/data/Store.ets:177:24
 Function may throw exceptions. Special handling is required.
[39m[39m
[33m27 WARN: [33m[33mArkTS:WARN File: D:/CityUproject/CampusNavigation/RoomMarkerHarmony/entry/src/main/ets/data/Store.ets:178:17
 Function may throw exceptions. Special handling is required.
[39m[39m
[33m28 WARN: [33m[33mArkTS:WARN File: D:/CityUproject/CampusNavigation/RoomMarkerHarmony/entry/src/main/ets/data/Store.ets:178:28
 Function may throw exceptions. Special handling is required.
[39m[39m
[33m29 WARN: [33m[33mArkTS:WARN File: D:/CityUproject/CampusNavigation/RoomMarkerHarmony/entry/src/main/ets/data/Store.ets:179:15
 Function may throw exceptions. Special handling is required.
[39m[39m
[33m30 WARN: [33m[33mArkTS:WARN File: D:/CityUproject/CampusNavigation/RoomMarkerHarmony/entry/src/main/ets/data/Store.ets:179:28
 Function may throw exceptions. Special handling is required.
[39m[39m
[33m31 WARN: [33m[33mArkTS:WARN File: D:/CityUproject/CampusNavigation/RoomMarkerHarmony/entry/src/main/ets/data/Store.ets:180:21
 Function may throw exceptions. Special handling is required.
[39m[39m
[33m32 WARN: [33m[33mArkTS:WARN File: D:/CityUproject/CampusNavigation/RoomMarkerHarmony/entry/src/main/ets/data/Store.ets:180:34
 Function may throw exceptions. Special handling is required.
[39m[39m
[33m33 WARN: [33m[33mArkTS:WARN File: D:/CityUproject/CampusNavigation/RoomMarkerHarmony/entry/src/main/ets/data/Store.ets:189:20
 Function may throw exceptions. Special handling is required.
[39m[39m
[33m34 WARN: [33m[33mArkTS:WARN File: D:/CityUproject/CampusNavigation/RoomMarkerHarmony/entry/src/main/ets/data/Store.ets:189:31
 Function may throw exceptions. Special handling is required.
[39m[39m
[33m35 WARN: [33m[33mArkTS:WARN File: D:/CityUproject/CampusNavigation/RoomMarkerHarmony/entry/src/main/ets/data/Store.ets:192:5
 Function may throw exceptions. Special handling is required.
[39m[39m
[33m36 WARN: [33m[33mArkTS:WARN File: D:/CityUproject/CampusNavigation/RoomMarkerHarmony/entry/src/main/ets/data/Store.ets:203:49
 Function may throw exceptions. Special handling is required.
[39m[39m
[33m37 WARN: [33m[33mArkTS:WARN File: D:/CityUproject/CampusNavigation/RoomMarkerHarmony/entry/src/main/ets/data/Store.ets:207:12
 Function may throw exceptions. Special handling is required.
[39m[39m
[33m38 WARN: [33m[33mArkTS:WARN File: D:/CityUproject/CampusNavigation/RoomMarkerHarmony/entry/src/main/ets/data/Store.ets:209:13
 Function may throw exceptions. Special handling is required.
[39m[39m
[33m39 WARN: [33m[33mArkTS:WARN File: D:/CityUproject/CampusNavigation/RoomMarkerHarmony/entry/src/main/ets/data/Store.ets:209:24
 Function may throw exceptions. Special handling is required.
[39m[39m
[33m40 WARN: [33m[33mArkTS:WARN File: D:/CityUproject/CampusNavigation/RoomMarkerHarmony/entry/src/main/ets/data/Store.ets:210:15
 Function may throw exceptions. Special handling is required.
[39m[39m
[33m41 WARN: [33m[33mArkTS:WARN File: D:/CityUproject/CampusNavigation/RoomMarkerHarmony/entry/src/main/ets/data/Store.ets:210:28
 Function may throw exceptions. Special handling is required.
[39m[39m
[33m42 WARN: [33m[33mArkTS:WARN File: D:/CityUproject/CampusNavigation/RoomMarkerHarmony/entry/src/main/ets/data/Store.ets:211:20
 Function may throw exceptions. Special handling is required.
[39m[39m
[33m43 WARN: [33m[33mArkTS:WARN File: D:/CityUproject/CampusNavigation/RoomMarkerHarmony/entry/src/main/ets/data/Store.ets:211:31
 Function may throw exceptions. Special handling is required.
[39m[39m
[33m44 WARN: [33m[33mArkTS:WARN File: D:/CityUproject/CampusNavigation/RoomMarkerHarmony/entry/src/main/ets/data/Store.ets:213:21
 Function may throw exceptions. Special handling is required.
[39m[39m
[33m45 WARN: [33m[33mArkTS:WARN File: D:/CityUproject/CampusNavigation/RoomMarkerHarmony/entry/src/main/ets/data/Store.ets:213:32
 Function may throw exceptions. Special handling is required.
[39m[39m
[33m46 WARN: [33m[33mArkTS:WARN File: D:/CityUproject/CampusNavigation/RoomMarkerHarmony/entry/src/main/ets/data/Store.ets:216:5
 Function may throw exceptions. Special handling is required.
[39m[39m
[33m47 WARN: [33m[33mArkTS:WARN File: D:/CityUproject/CampusNavigation/RoomMarkerHarmony/entry/src/main/ets/data/Store.ets:227:49
 Function may throw exceptions. Special handling is required.
[39m[39m
[33m48 WARN: [33m[33mArkTS:WARN File: D:/CityUproject/CampusNavigation/RoomMarkerHarmony/entry/src/main/ets/data/Store.ets:231:9
 Function may throw exceptions. Special handling is required.
[39m[39m
[33m49 WARN: [33m[33mArkTS:WARN File: D:/CityUproject/CampusNavigation/RoomMarkerHarmony/entry/src/main/ets/data/Store.ets:233:13
 Function may throw exceptions. Special handling is required.
[39m[39m
[33m50 WARN: [33m[33mArkTS:WARN File: D:/CityUproject/CampusNavigation/RoomMarkerHarmony/entry/src/main/ets/data/Store.ets:233:24
 Function may throw exceptions. Special handling is required.
[39m[39m
[33m51 WARN: [33m[33mArkTS:WARN File: D:/CityUproject/CampusNavigation/RoomMarkerHarmony/entry/src/main/ets/data/Store.ets:234:15
 Function may throw exceptions. Special handling is required.
[39m[39m
[33m52 WARN: [33m[33mArkTS:WARN File: D:/CityUproject/CampusNavigation/RoomMarkerHarmony/entry/src/main/ets/data/Store.ets:234:28
 Function may throw exceptions. Special handling is required.
[39m[39m
[33m53 WARN: [33m[33mArkTS:WARN File: D:/CityUproject/CampusNavigation/RoomMarkerHarmony/entry/src/main/ets/data/Store.ets:235:20
 Function may throw exceptions. Special handling is required.
[39m[39m
[33m54 WARN: [33m[33mArkTS:WARN File: D:/CityUproject/CampusNavigation/RoomMarkerHarmony/entry/src/main/ets/data/Store.ets:235:31
 Function may throw exceptions. Special handling is required.
[39m[39m
[33m55 WARN: [33m[33mArkTS:WARN File: D:/CityUproject/CampusNavigation/RoomMarkerHarmony/entry/src/main/ets/data/Store.ets:237:21
 Function may throw exceptions. Special handling is required.
[39m[39m
[33m56 WARN: [33m[33mArkTS:WARN File: D:/CityUproject/CampusNavigation/RoomMarkerHarmony/entry/src/main/ets/data/Store.ets:237:32
 Function may throw exceptions. Special handling is required.
[39m[39m
[33m57 WARN: [33m[33mArkTS:WARN File: D:/CityUproject/CampusNavigation/RoomMarkerHarmony/entry/src/main/ets/data/Store.ets:240:5
 Function may throw exceptions. Special handling is required.
[39m[39m
[33m58 WARN: [33m[33mArkTS:WARN File: D:/CityUproject/CampusNavigation/RoomMarkerHarmony/entry/src/main/ets/data/Store.ets:252:49
 Function may throw exceptions. Special handling is required.
[39m[39m
[33m59 WARN: [33m[33mArkTS:WARN File: D:/CityUproject/CampusNavigation/RoomMarkerHarmony/entry/src/main/ets/data/Store.ets:258:12
 Function may throw exceptions. Special handling is required.
[39m[39m
[33m60 WARN: [33m[33mArkTS:WARN File: D:/CityUproject/CampusNavigation/RoomMarkerHarmony/entry/src/main/ets/data/Store.ets:260:13
 Function may throw exceptions. Special handling is required.
[39m[39m
[33m61 WARN: [33m[33mArkTS:WARN File: D:/CityUproject/CampusNavigation/RoomMarkerHarmony/entry/src/main/ets/data/Store.ets:260:24
 Function may throw exceptions. Special handling is required.
[39m[39m
[33m62 WARN: [33m[33mArkTS:WARN File: D:/CityUproject/CampusNavigation/RoomMarkerHarmony/entry/src/main/ets/data/Store.ets:261:18
 Function may throw exceptions. Special handling is required.
[39m[39m
[33m63 WARN: [33m[33mArkTS:WARN File: D:/CityUproject/CampusNavigation/RoomMarkerHarmony/entry/src/main/ets/data/Store.ets:261:29
 Function may throw exceptions. Special handling is required.
[39m[39m
[33m64 WARN: [33m[33mArkTS:WARN File: D:/CityUproject/CampusNavigation/RoomMarkerHarmony/entry/src/main/ets/data/Store.ets:262:17
 Function may throw exceptions. Special handling is required.
[39m[39m
[33m65 WARN: [33m[33mArkTS:WARN File: D:/CityUproject/CampusNavigation/RoomMarkerHarmony/entry/src/main/ets/data/Store.ets:262:28
 Function may throw exceptions. Special handling is required.
[39m[39m
[33m66 WARN: [33m[33mArkTS:WARN File: D:/CityUproject/CampusNavigation/RoomMarkerHarmony/entry/src/main/ets/data/Store.ets:271:20
 Function may throw exceptions. Special handling is required.
[39m[39m
[33m67 WARN: [33m[33mArkTS:WARN File: D:/CityUproject/CampusNavigation/RoomMarkerHarmony/entry/src/main/ets/data/Store.ets:271:31
 Function may throw exceptions. Special handling is required.
[39m[39m
[33m68 WARN: [33m[33mArkTS:WARN File: D:/CityUproject/CampusNavigation/RoomMarkerHarmony/entry/src/main/ets/data/Store.ets:272:18
 Function may throw exceptions. Special handling is required.
[39m[39m
[33m69 WARN: [33m[33mArkTS:WARN File: D:/CityUproject/CampusNavigation/RoomMarkerHarmony/entry/src/main/ets/data/Store.ets:272:31
 Function may throw exceptions. Special handling is required.
[39m[39m
[33m70 WARN: [33m[33mArkTS:WARN File: D:/CityUproject/CampusNavigation/RoomMarkerHarmony/entry/src/main/ets/data/Store.ets:275:5
 Function may throw exceptions. Special handling is required.
[39m[39m
[33m71 WARN: [33m[33mArkTS:WARN File: D:/CityUproject/CampusNavigation/RoomMarkerHarmony/entry/src/main/ets/data/Store.ets:289:33
 Function may throw exceptions. Special handling is required.
[39m[39m
[33m72 WARN: [33m[33mArkTS:WARN File: D:/CityUproject/CampusNavigation/RoomMarkerHarmony/entry/src/main/ets/data/Store.ets:313:11
 Function may throw exceptions. Special handling is required.
[39m[39m
[33m73 WARN: [33m[33mArkTS:WARN File: D:/CityUproject/CampusNavigation/RoomMarkerHarmony/entry/src/main/ets/data/Store.ets:321:11
 Function may throw exceptions. Special handling is required.
[39m[39m
[33m74 WARN: [33m[33mArkTS:WARN File: D:/CityUproject/CampusNavigation/RoomMarkerHarmony/entry/src/main/ets/data/Store.ets:325:11
 Function may throw exceptions. Special handling is required.
[39m[39m
[33m75 WARN: [33m[33mArkTS:WARN File: D:/CityUproject/CampusNavigation/RoomMarkerHarmony/entry/src/main/ets/data/Store.ets:347:11
 Function may throw exceptions. Special handling is required.
[39m[39m
[33m76 WARN: [33m[33mArkTS:WARN File: D:/CityUproject/CampusNavigation/RoomMarkerHarmony/entry/src/main/ets/data/Store.ets:355:11
 Function may throw exceptions. Special handling is required.
[39m[39m
[33m77 WARN: [33m[33mArkTS:WARN File: D:/CityUproject/CampusNavigation/RoomMarkerHarmony/entry/src/main/ets/data/Store.ets:367:33
 Function may throw exceptions. Special handling is required.
[39m[39m
[33m78 WARN: [33m[33mArkTS:WARN File: D:/CityUproject/CampusNavigation/RoomMarkerHarmony/entry/src/main/ets/data/Store.ets:392:13
 Function may throw exceptions. Special handling is required.
[39m[39m
[33m79 WARN: [33m[33mArkTS:WARN File: D:/CityUproject/CampusNavigation/RoomMarkerHarmony/entry/src/main/ets/data/Store.ets:405:11
 Function may throw exceptions. Special handling is required.
[39m[39m
[33m80 WARN: [33m[33mArkTS:WARN File: D:/CityUproject/CampusNavigation/RoomMarkerHarmony/entry/src/main/ets/data/Store.ets:413:11
 Function may throw exceptions. Special handling is required.
[39m[39m
[33m81 WARN: [33m[33mArkTS:WARN File: D:/CityUproject/CampusNavigation/RoomMarkerHarmony/entry/src/main/ets/data/Store.ets:417:11
 Function may throw exceptions. Special handling is required.
[39m[39m
[33m82 WARN: [33m[33mArkTS:WARN File: D:/CityUproject/CampusNavigation/RoomMarkerHarmony/entry/src/main/ets/data/Store.ets:424:27
 Function may throw exceptions. Special handling is required.
[39m[39m
[33m83 WARN: [33m[33mArkTS:WARN File: D:/CityUproject/CampusNavigation/RoomMarkerHarmony/entry/src/main/ets/data/Store.ets:425:12
 Function may throw exceptions. Special handling is required.
[39m[39m
[33m84 WARN: [33m[33mArkTS:WARN File: D:/CityUproject/CampusNavigation/RoomMarkerHarmony/entry/src/main/ets/data/Store.ets:425:49
 Function may throw exceptions. Special handling is required.
[39m[39m
[33m85 WARN: [33m[33mArkTS:WARN File: D:/CityUproject/CampusNavigation/RoomMarkerHarmony/entry/src/main/ets/data/Store.ets:429:27
 Function may throw exceptions. Special handling is required.
[39m[39m
[33m86 WARN: [33m[33mArkTS:WARN File: D:/CityUproject/CampusNavigation/RoomMarkerHarmony/entry/src/main/ets/data/Store.ets:430:12
 Function may throw exceptions. Special handling is required.
[39m[39m
[33m87 WARN: [33m[33mArkTS:WARN File: D:/CityUproject/CampusNavigation/RoomMarkerHarmony/entry/src/main/ets/data/Store.ets:430:49
 Function may throw exceptions. Special handling is required.
[39m[39m
[33m88 WARN: [33m[33mArkTS:WARN File: D:/CityUproject/CampusNavigation/RoomMarkerHarmony/entry/src/main/ets/data/Store.ets:440:49
 Function may throw exceptions. Special handling is required.
[39m[39m
[33m89 WARN: [33m[33mArkTS:WARN File: D:/CityUproject/CampusNavigation/RoomMarkerHarmony/entry/src/main/ets/data/Store.ets:442:9
 Function may throw exceptions. Special handling is required.
[39m[39m
[33m90 WARN: [33m[33mArkTS:WARN File: D:/CityUproject/CampusNavigation/RoomMarkerHarmony/entry/src/main/ets/data/Store.ets:443:12
 Function may throw exceptions. Special handling is required.
[39m[39m
[33m91 WARN: [33m[33mArkTS:WARN File: D:/CityUproject/CampusNavigation/RoomMarkerHarmony/entry/src/main/ets/data/Store.ets:443:23
 Function may throw exceptions. Special handling is required.
[39m[39m
[33m92 WARN: [33m[33mArkTS:WARN File: D:/CityUproject/CampusNavigation/RoomMarkerHarmony/entry/src/main/ets/data/Store.ets:445:5
 Function may throw exceptions. Special handling is required.
[39m[39m
[33m93 WARN: [33m[33mArkTS:WARN File: D:/CityUproject/CampusNavigation/RoomMarkerHarmony/entry/src/main/ets/sensors/TrackRecorder.ets:178:19
 'scan' has been deprecated.
[39m[39m
[33m94 WARN: [33m[33mArkTS:WARN File: D:/CityUproject/CampusNavigation/RoomMarkerHarmony/entry/src/main/ets/sensors/TrackRecorder.ets:208:13
 The system capacity of this api 'backgroundTaskManager' is not supported on all devices
[39m[39m
[33m95 WARN: [33m[33mArkTS:WARN File: D:/CityUproject/CampusNavigation/RoomMarkerHarmony/entry/src/main/ets/sensors/TrackRecorder.ets:230:9
 The system capacity of this api 'backgroundTaskManager' is not supported on all devices
[39m[39m
[33m96 WARN: [33m[33mArkTS:WARN File: D:/CityUproject/CampusNavigation/RoomMarkerHarmony/entry/src/main/ets/pages/RoomDetail.ets:91:24
 'showToast' has been deprecated.
[39m[39m
[33m97 WARN: [33m[33mArkTS:WARN File: D:/CityUproject/CampusNavigation/RoomMarkerHarmony/entry/src/main/ets/pages/RoomDetail.ets:100:24
 'showToast' has been deprecated.
[39m[39m
[33m98 WARN: [33m[33mArkTS:WARN File: D:/CityUproject/CampusNavigation/RoomMarkerHarmony/entry/src/main/ets/pages/RoomDetail.ets:106:18
 'showDialog' has been deprecated.
[39m[39m
[33m99 WARN: [33m[33mArkTS:WARN File: D:/CityUproject/CampusNavigation/RoomMarkerHarmony/entry/src/main/ets/pages/RoomDetail.ets:199:22
 'showToast' has been deprecated.
[39m[39m
[33m100 WARN: [33m[33mArkTS:WARN File: D:/CityUproject/CampusNavigation/RoomMarkerHarmony/entry/src/main/ets/pages/TrackList.ets:75:24
 'showToast' has been deprecated.
[39m[39m
[33m101 WARN: [33m[33mArkTS:WARN File: D:/CityUproject/CampusNavigation/RoomMarkerHarmony/entry/src/main/ets/pages/TrackList.ets:129:36
 'showToast' has been deprecated.
[39m[39m
[33m102 WARN: [33m[33mArkTS:WARN File: D:/CityUproject/CampusNavigation/RoomMarkerHarmony/entry/src/main/ets/sensors/LiveStream.ets:381:19
 'scan' has been deprecated.
[39m[39m
[2026-09-15T14:19:10.037] [DEBUG] debug-file - hvigor build process will be closed with an error.
[2026-09-15T14:19:10.037] [DEBUG] debug-file - ERROR: stacktrace = Error: ArkTS Compiler Error
[31m1 ERROR: [31m10905220 ArkTS Compiler Error
Error Message: The 'Scroll' component can have only one child component. At File: D:/CityUproject/CampusNavigation/RoomMarkerHarmony/entry/src/main/ets/pages/LiveSensors.ets:106:7
[39m
[39m
[31mCOMPILE RESULT:FAIL {ERROR:2 WARN:102}[39m
    at runArkPack (D:\DevEco\DevEco Studio\tools\hvigor\hvigor-ohos-plugin\node_modules\@ohos\hvigor-arkts-compose\dist\src\arkts-pack.js:1:5721)
ArkTSCompilerError: ArkTS Compiler Error
    at throwArkTsCompilerError (D:\DevEco\DevEco Studio\tools\hvigor\hvigor-ohos-plugin\node_modules\@ohos\hvigor-arkts-compose\dist\src\data\compose-error.js:1:423)
    at throwErrorIfHasErrorInfo (D:\DevEco\DevEco Studio\tools\hvigor\hvigor-ohos-plugin\node_modules\@ohos\hvigor-arkts-compose\dist\src\plugins\common-plugin.js:1:4478)
    at Object.handler (D:\DevEco\DevEco Studio\tools\hvigor\hvigor-ohos-plugin\node_modules\@ohos\hvigor-arkts-compose\dist\src\plugins\common-plugin.js:1:2547)
    at D:\DevEco\DevEco Studio\tools\hvigor\hvigor-ohos-plugin\node_modules\@ohos\hvigor-arkts-base\node_modules\rollup\dist\shared\rollup.js:27765:40
[2026-09-15T14:19:10.037] [ERROR] debug-file - Error: ArkTS Compiler Error
[31m1 ERROR: [31m10905220 ArkTS Compiler Error
Error Message: The 'Scroll' component can have only one child component. At File: D:/CityUproject/CampusNavigation/RoomMarkerHarmony/entry/src/main/ets/pages/LiveSensors.ets:106:7
[39m
[39m
[31mCOMPILE RESULT:FAIL {ERROR:2 WARN:102}[39m
    at runArkPack (D:\DevEco\DevEco Studio\tools\hvigor\hvigor-ohos-plugin\node_modules\@ohos\hvigor-arkts-compose\dist\src\arkts-pack.js:1:5721)
ArkTSCompilerError: ArkTS Compiler Error
    at throwArkTsCompilerError (D:\DevEco\DevEco Studio\tools\hvigor\hvigor-ohos-plugin\node_modules\@ohos\hvigor-arkts-compose\dist\src\data\compose-error.js:1:423)
    at throwErrorIfHasErrorInfo (D:\DevEco\DevEco Studio\tools\hvigor\hvigor-ohos-plugin\node_modules\@ohos\hvigor-arkts-compose\dist\src\plugins\common-plugin.js:1:4478)
    at Object.handler (D:\DevEco\DevEco Studio\tools\hvigor\hvigor-ohos-plugin\node_modules\@ohos\hvigor-arkts-compose\dist\src\plugins\common-plugin.js:1:2547)
    at D:\DevEco\DevEco Studio\tools\hvigor\hvigor-ohos-plugin\node_modules\@ohos\hvigor-arkts-base\node_modules\rollup\dist\shared\rollup.js:27765:40
[2026-09-15T14:19:10.046] [ERROR] debug-file - BUILD FAILED in 654 ms 
[2026-09-15T14:19:10.046] [DEBUG] debug-file - There is no need to refresh cache, since the incremental task entry:default@PreBuild is up-to-date.
[2026-09-15T14:19:10.046] [DEBUG] debug-file - Update task entry:default@CreateModuleInfo output file:D:\CityUproject\CampusNavigation\RoomMarkerHarmony\entry\build\default\generated\profile\default\ModuleInfo.ts cache.
[2026-09-15T14:19:10.046] [DEBUG] debug-file - Incremental task entry:default@CreateModuleInfo post-execution cost:1 ms .
[2026-09-15T14:19:10.046] [DEBUG] debug-file - There is no need to refresh cache, since the incremental task entry:default@GenerateMetadata is up-to-date.
[2026-09-15T14:19:10.046] [DEBUG] debug-file - There is no need to refresh cache, since the incremental task entry:default@MergeProfile is up-to-date.
[2026-09-15T14:19:10.046] [DEBUG] debug-file - There is no need to refresh cache, since the incremental task entry:default@CreateBuildProfile is up-to-date.
[2026-09-15T14:19:10.046] [DEBUG] debug-file - Update task entry:default@GeneratePkgContextInfo output file:D:\CityUproject\CampusNavigation\RoomMarkerHarmony\entry\build\default\intermediates\loader\default\pkgContextInfo.json cache.
[2026-09-15T14:19:10.047] [DEBUG] debug-file - Incremental task entry:default@GeneratePkgContextInfo post-execution cost:1 ms .
[2026-09-15T14:19:10.047] [DEBUG] debug-file - Update task entry:default@ProcessIntegratedHsp output file:D:\CityUproject\CampusNavigation\RoomMarkerHarmony\build\cache\default\integrated_hsp\integratedHspCache.json cache.
[2026-09-15T14:19:10.047] [DEBUG] debug-file - Incremental task entry:default@ProcessIntegratedHsp post-execution cost:1 ms .
[2026-09-15T14:19:10.047] [DEBUG] debug-file - There is no need to refresh cache, since the incremental task entry:default@MakePackInfo is up-to-date.
[2026-09-15T14:19:10.047] [DEBUG] debug-file - Update task entry:default@SyscapTransform input file:D:\DevEco\DevEco Studio\sdk\default\openharmony\toolchains\syscap_tool.exe cache by regenerate.
[2026-09-15T14:19:10.047] [DEBUG] debug-file - Update task entry:default@SyscapTransform input file:D:\DevEco\DevEco Studio\sdk\default\openharmony\ets\api\device-define cache by regenerate.
[2026-09-15T14:19:10.048] [DEBUG] debug-file - Update task entry:default@SyscapTransform output file:D:\CityUproject\CampusNavigation\RoomMarkerHarmony\entry\build\default\intermediates\syscap\default\rpcid.sc cache.
[2026-09-15T14:19:10.048] [DEBUG] debug-file - Incremental task entry:default@SyscapTransform post-execution cost:2 ms .
[2026-09-15T14:19:10.048] [DEBUG] debug-file - There is no need to refresh cache, since the incremental task entry:default@ProcessProfile is up-to-date.
[2026-09-15T14:19:10.048] [DEBUG] debug-file - There is no need to refresh cache, since the incremental task entry:default@ProcessRouterMap is up-to-date.
[2026-09-15T14:19:10.048] [DEBUG] debug-file - There is no need to refresh cache, since the incremental task entry:default@ProcessShareConfig is up-to-date.
[2026-09-15T14:19:10.048] [DEBUG] debug-file - Update task entry:default@ProcessStartupConfig output file:D:\CityUproject\CampusNavigation\RoomMarkerHarmony\entry\build\default\intermediates\startup\default\startup_config.json cache.
[2026-09-15T14:19:10.048] [DEBUG] debug-file - Incremental task entry:default@ProcessStartupConfig post-execution cost:1 ms .
[2026-09-15T14:19:10.048] [DEBUG] debug-file - There is no need to refresh cache, since the incremental task entry:default@ProcessResource is up-to-date.
[2026-09-15T14:19:10.048] [DEBUG] debug-file - There is no need to refresh cache, since the incremental task entry:default@GenerateLoaderJson is up-to-date.
[2026-09-15T14:19:10.048] [DEBUG] debug-file - There is no need to refresh cache, since the incremental task entry:default@ProcessLibs is up-to-date.
[2026-09-15T14:19:10.048] [DEBUG] debug-file - There is no need to refresh cache, since the incremental task entry:default@CompileResource is up-to-date.
[2026-09-15T14:19:10.048] [DEBUG] debug-file - There is no need to refresh cache, since the incremental task entry:default@DoNativeStrip is up-to-date.
[2026-09-15T14:19:10.049] [DEBUG] debug-file - Update task entry:default@CompileArkTS input file:D:\CityUproject\CampusNavigation\RoomMarkerHarmony\entry\build\default\intermediates\loader\default cache by regenerate.
[2026-09-15T14:19:10.050] [DEBUG] debug-file - Update task entry:default@CompileArkTS input file:D:\CityUproject\CampusNavigation\RoomMarkerHarmony\entry\build\default\intermediates\res\default\ResourceTable.txt cache by regenerate.
[2026-09-15T14:19:10.050] [DEBUG] debug-file - Update task entry:default@CompileArkTS input file:D:\CityUproject\CampusNavigation\RoomMarkerHarmony\entry\build\default\intermediates\res\default\ark_module.json cache by regenerate.
[2026-09-15T14:19:10.050] [DEBUG] debug-file - Update task entry:default@CompileArkTS input file:D:\CityUproject\CampusNavigation\RoomMarkerHarmony\entry\build\default\intermediates\res\default\resources\base\profile cache by regenerate.
[2026-09-15T14:19:10.050] [DEBUG] debug-file - Update task entry:default@CompileArkTS input file:D:\CityUproject\CampusNavigation\RoomMarkerHarmony\entry\src\main\ets cache from map.
[2026-09-15T14:19:10.050] [DEBUG] debug-file - Update task entry:default@CompileArkTS input file:D:\CityUproject\CampusNavigation\RoomMarkerHarmony\entry\build\default\generated\profile\default\BuildProfile.ets cache by regenerate.
[2026-09-15T14:19:10.050] [DEBUG] debug-file - Update task entry:default@CompileArkTS output file:D:\CityUproject\CampusNavigation\RoomMarkerHarmony\entry\build\default\intermediates\loader_out\default\ets cache.
[2026-09-15T14:19:10.051] [DEBUG] debug-file - Incremental task entry:default@CompileArkTS post-execution cost:3 ms .
[2026-09-15T14:19:10.052] [DEBUG] debug-file - Update task entry:default@BuildJS input file:D:\CityUproject\CampusNavigation\RoomMarkerHarmony\entry\build\default\intermediates\loader\default cache by regenerate.
[2026-09-15T14:19:10.052] [DEBUG] debug-file - Update task entry:default@BuildJS input file:D:\CityUproject\CampusNavigation\RoomMarkerHarmony\entry\build\default\intermediates\res\default\ResourceTable.txt cache by regenerate.
[2026-09-15T14:19:10.052] [DEBUG] debug-file - Update task entry:default@BuildJS input file:D:\CityUproject\CampusNavigation\RoomMarkerHarmony\entry\build\default\intermediates\res\default\ark_module.json cache by regenerate.
[2026-09-15T14:19:10.052] [DEBUG] debug-file - Update task entry:default@BuildJS input file:D:\CityUproject\CampusNavigation\RoomMarkerHarmony\entry\build\default\intermediates\res\default\resources\base\profile cache by regenerate.
[2026-09-15T14:19:10.053] [DEBUG] debug-file - Update task entry:default@BuildJS output file:D:\CityUproject\CampusNavigation\RoomMarkerHarmony\entry\build\default\intermediates\loader_out\default\js cache.
[2026-09-15T14:19:10.053] [DEBUG] debug-file - Incremental task entry:default@BuildJS post-execution cost:2 ms .
[2026-09-15T14:19:10.053] [DEBUG] debug-file - There is no need to refresh cache, since the incremental task entry:default@CacheNativeLibs is up-to-date.
[2026-09-15T14:19:10.066] [DEBUG] debug-file - Cleanup worker 14.
[2026-09-15T14:19:10.066] [DEBUG] debug-file - Worker 14 has been cleaned up.
[2026-09-15T14:19:10.066] [DEBUG] debug-file - Current idle worker size: 1.
[2026-09-15T14:19:10.066] [DEBUG] debug-file - Current resident worker size: 2.
[2026-09-15T14:19:10.066] [DEBUG] debug-file - hvigor build process will be closed.
[2026-09-15T14:19:10.069] [DEBUG] debug-file - session manager: send message to worker process.
[2026-09-15T14:19:10.070] [DEBUG] debug-file - session manager: send message to worker process.
[2026-09-15T14:19:10.070] [DEBUG] debug-file - watch worker: worker id should be larger than 0. Nothing will be sent to any worker thread.
[2026-09-15T14:19:10.070] [DEBUG] debug-file - watch worker: worker id should be larger than 0. Nothing will be sent to any worker thread.
[2026-09-15T14:19:10.085] [DEBUG] debug-file - worker[14] exits with exit code 1.
[2026-09-15T14:19:37.574] [DEBUG] debug-file - session manager: set active socket. socketId=RkRjdXUE1B5nKxxBAAAb
[2026-09-15T14:19:37.582] [DEBUG] debug-file - watch worker: worker id should be larger than 0. Nothing will be sent to any worker thread.
[2026-09-15T14:19:37.585] [DEBUG] debug-file - Hvigor init with startParameters:{
  hvigorfileTypeCheck: false,
  parallelExecution: true,
  incrementalExecution: true,
  printStackTrace: false,
  daemon: true,
  analyze: 0,
  logLevel: Level { level: 20000, levelStr: 'INFO', colour: 'green' },
  optimizationStrategy: 'memory',
  hotCompile: undefined,
  hotReloadBuild: undefined
}
[2026-09-15T14:19:37.587] [DEBUG] debug-file - Cache service initialization finished in 2 ms 
[2026-09-15T14:19:37.587] [DEBUG] debug-file - hvigorfile, resolving D:\CityUproject\CampusNavigation\RoomMarkerHarmony\hvigorfile.ts
[2026-09-15T14:19:37.589] [DEBUG] debug-file - hvigorfile, require result:  { default: {} }
[2026-09-15T14:19:37.589] [DEBUG] debug-file - hvigorfile, binding system plugins null
[2026-09-15T14:19:37.592] [DEBUG] debug-file - Start initialize project's product build option map with build mode debug.
[2026-09-15T14:19:37.592] [DEBUG] debug-file - Picking option from product 'default' with build mode 'debug'.
[2026-09-15T14:19:37.592] [DEBUG] debug-file - Product 'default' build option initialized
[2026-09-15T14:19:37.592] [DEBUG] debug-file - End initialize project's product build option map with build mode 'debug'.
[2026-09-15T14:19:37.593] [DEBUG] debug-file - Obtain build option for product 'default'in this build.
[2026-09-15T14:19:37.593] [DEBUG] debug-file - D:\CityUproject\CampusNavigation\RoomMarkerHarmony\build\cache\default\remote_hsp\remoteHspCache.json not exists.
[2026-09-15T14:19:37.595] [DEBUG] debug-file - Start recording SDK configuration permission data.
[2026-09-15T14:19:37.610] [DEBUG] debug-file - Sdk init in 17 ms 
[2026-09-15T14:19:37.612] [DEBUG] debug-file - Project task initialization takes 2 ms 
[2026-09-15T14:19:37.612] [DEBUG] debug-file - hvigorfile, binding custom plugins undefined
[2026-09-15T14:19:37.612] [DEBUG] debug-file - hvigorfile, no custom plugins were found in D:\CityUproject\CampusNavigation\RoomMarkerHarmony\hvigorfile.ts
[2026-09-15T14:19:37.612] [DEBUG] debug-file - hvigorfile, resolve finished D:\CityUproject\CampusNavigation\RoomMarkerHarmony\hvigorfile.ts
[2026-09-15T14:19:37.612] [DEBUG] debug-file - hvigorfile, resolving D:\CityUproject\CampusNavigation\RoomMarkerHarmony\entry\hvigorfile.ts
[2026-09-15T14:19:37.613] [DEBUG] debug-file - hvigorfile, require result:  { default: {} }
[2026-09-15T14:19:37.614] [DEBUG] debug-file - hvigorfile, binding system plugins null
[2026-09-15T14:19:37.614] [DEBUG] debug-file - failed to load cangjie to dynamically generate schemas: Error: Cannot find module '@ohos/cangjie-build-support/index'
Require stack:
- D:\DevEco\DevEco Studio\tools\hvigor\hvigor-ohos-plugin\src\plugin\factory\plugin-factory.js
- D:\DevEco\DevEco Studio\tools\hvigor\hvigor-ohos-plugin\index.js
- D:\CityUproject\CampusNavigation\RoomMarkerHarmony\hvigorfile.ts
- D:\DevEco\DevEco Studio\tools\hvigor\hvigor\src\base\internal\lifecycle\configuration.js
- D:\DevEco\DevEco Studio\tools\hvigor\hvigor\src\base\boot\index.js
- D:\DevEco\DevEco Studio\tools\hvigor\hvigor\src\base\daemon\cluster\worker-process-lifecycle.js
- D:\DevEco\DevEco Studio\tools\hvigor\hvigor\src\base\daemon\process\daemon-process-boot-script.js
[2026-09-15T14:19:37.615] [DEBUG] debug-file - Start initialize module-target build option map, moduleName=entry, buildMode=debug
[2026-09-15T14:19:37.615] [DEBUG] debug-file - Target 'default' config initialized
[2026-09-15T14:19:37.615] [DEBUG] debug-file - Module 'entry' target 'default' build option initialized
[2026-09-15T14:19:37.615] [DEBUG] debug-file - End initialize module-target build option map, moduleName=entry
[2026-09-15T14:19:37.616] [DEBUG] debug-file - Start initialize module-target build option map, moduleName=entry, buildMode=release
[2026-09-15T14:19:37.616] [DEBUG] debug-file - Target 'default' config initialized
[2026-09-15T14:19:37.616] [DEBUG] debug-file - Module 'entry' target 'default' build option initialized
[2026-09-15T14:19:37.616] [DEBUG] debug-file - End initialize module-target build option map, moduleName=entry
[2026-09-15T14:19:37.616] [DEBUG] debug-file - Start initialize module-target build option map, moduleName=entry, buildMode=debug
[2026-09-15T14:19:37.616] [DEBUG] debug-file - Target 'default' config initialized
[2026-09-15T14:19:37.616] [DEBUG] debug-file - Module 'entry' target 'default' build option initialized
[2026-09-15T14:19:37.616] [DEBUG] debug-file - End initialize module-target build option map, moduleName=entry
[2026-09-15T14:19:37.616] [DEBUG] debug-file - Obtain build option for module 'entry' target 'default'in this build.
[2026-09-15T14:19:37.616] [DEBUG] debug-file - Module entry task initialization takes 1 ms 
[2026-09-15T14:19:37.617] [DEBUG] debug-file - hvigorfile, binding custom plugins undefined
[2026-09-15T14:19:37.617] [DEBUG] debug-file - hvigorfile, no custom plugins were found in D:\CityUproject\CampusNavigation\RoomMarkerHarmony\entry\hvigorfile.ts
[2026-09-15T14:19:37.617] [DEBUG] debug-file - hvigorfile, resolve finished D:\CityUproject\CampusNavigation\RoomMarkerHarmony\entry\hvigorfile.ts
[2026-09-15T14:19:37.626] [DEBUG] debug-file - hvigorfile, resolve hvigorfile dependencies in 10 ms 
[2026-09-15T14:19:37.626] [DEBUG] debug-file - project has submodules:entry
[2026-09-15T14:19:37.627] [DEBUG] debug-file - start to load updatedOhPackageInfo to the disk
[2026-09-15T14:19:37.629] [DEBUG] debug-file - load to the disk finished
[2026-09-15T14:19:37.630] [DEBUG] debug-file - Start to initialize dependency information.
[2026-09-15T14:19:37.630] [DEBUG] debug-file - Module RoomMarkerHarmony Collected Dependency: 
[2026-09-15T14:19:37.630] [DEBUG] debug-file - Module RoomMarkerHarmony's total dependency: 0
[2026-09-15T14:19:37.630] [DEBUG] debug-file - Start to initialize dependency information.
[2026-09-15T14:19:37.631] [DEBUG] debug-file - Module entry Collected Dependency: 
[2026-09-15T14:19:37.631] [DEBUG] debug-file - Module entry's total dependency: 0
[2026-09-15T14:19:37.632] [DEBUG] debug-file - Configuration phase cost:46 ms 
[2026-09-15T14:19:37.633] [DEBUG] debug-file - Configuration task cost before running: 50 ms 
[2026-09-15T14:19:37.635] [DEBUG] debug-file - Executing task :entry:default@PreBuild
[2026-09-15T14:19:37.635] [DEBUG] debug-file - Task 'entry:default@PreBuild' cost while wrapping incremental declarations: 1 ms 
[2026-09-15T14:19:37.639] [DEBUG] debug-file - Incremental task entry:default@PreBuild pre-execution cost: 3 ms .
[2026-09-15T14:19:37.639] [DEBUG] debug-file - entry : default@PreBuild cost memory 0.31766510009765625
[2026-09-15T14:19:37.640] [INFO] debug-file - UP-TO-DATE :entry:default@PreBuild...  
[2026-09-15T14:19:37.641] [DEBUG] debug-file - Executing task :entry:default@CreateModuleInfo
[2026-09-15T14:19:37.641] [DEBUG] debug-file - Task 'entry:default@CreateModuleInfo' cost while wrapping incremental declarations: 1 ms 
[2026-09-15T14:19:37.641] [DEBUG] debug-file - entry : default@CreateModuleInfo cost memory 0.03987884521484375
[2026-09-15T14:19:37.641] [DEBUG] debug-file - runTaskFromQueue task cost before running: 58 ms 
[2026-09-15T14:19:37.641] [INFO] debug-file - Finished :entry:default@CreateModuleInfo... after 1 ms 
[2026-09-15T14:19:37.642] [DEBUG] debug-file - Executing task :entry:default@GenerateMetadata
[2026-09-15T14:19:37.643] [DEBUG] debug-file - Task 'entry:default@GenerateMetadata' cost while wrapping incremental declarations: 1 ms 
[2026-09-15T14:19:37.643] [DEBUG] debug-file - Incremental task entry:default@GenerateMetadata pre-execution cost: 1 ms .
[2026-09-15T14:19:37.643] [DEBUG] debug-file - entry : default@GenerateMetadata cost memory 0.09055328369140625
[2026-09-15T14:19:37.643] [INFO] debug-file - UP-TO-DATE :entry:default@GenerateMetadata...  
[2026-09-15T14:19:37.644] [DEBUG] debug-file - Executing task :entry:default@ConfigureCmake
[2026-09-15T14:19:37.644] [DEBUG] debug-file - entry : default@ConfigureCmake cost memory 0.01535797119140625
[2026-09-15T14:19:37.644] [DEBUG] debug-file - runTaskFromQueue task cost before running: 61 ms 
[2026-09-15T14:19:37.644] [INFO] debug-file - Finished :entry:default@ConfigureCmake... after 1 ms 
[2026-09-15T14:19:37.644] [DEBUG] debug-file - Executing task :entry:default@MergeProfile
[2026-09-15T14:19:37.644] [DEBUG] debug-file - Task 'entry:default@MergeProfile' cost while wrapping incremental declarations: 1 ms 
[2026-09-15T14:19:37.645] [DEBUG] debug-file - Incremental task entry:default@MergeProfile pre-execution cost: 1 ms .
[2026-09-15T14:19:37.645] [DEBUG] debug-file - entry : default@MergeProfile cost memory 0.132781982421875
[2026-09-15T14:19:37.645] [INFO] debug-file - UP-TO-DATE :entry:default@MergeProfile...  
[2026-09-15T14:19:37.646] [DEBUG] debug-file - Executing task :entry:default@CreateBuildProfile
[2026-09-15T14:19:37.646] [DEBUG] debug-file - Task 'entry:default@CreateBuildProfile' cost while wrapping incremental declarations: 1 ms 
[2026-09-15T14:19:37.646] [DEBUG] debug-file - Incremental task entry:default@CreateBuildProfile pre-execution cost: 1 ms .
[2026-09-15T14:19:37.647] [DEBUG] debug-file - entry : default@CreateBuildProfile cost memory 0.09521484375
[2026-09-15T14:19:37.647] [INFO] debug-file - UP-TO-DATE :entry:default@CreateBuildProfile...  
[2026-09-15T14:19:37.647] [DEBUG] debug-file - Executing task :entry:default@PreCheckSyscap
[2026-09-15T14:19:37.647] [DEBUG] debug-file - entry : default@PreCheckSyscap cost memory 0.0155792236328125
[2026-09-15T14:19:37.647] [DEBUG] debug-file - runTaskFromQueue task cost before running: 64 ms 
[2026-09-15T14:19:37.647] [INFO] debug-file - Finished :entry:default@PreCheckSyscap... after 1 ms 
[2026-09-15T14:19:37.648] [DEBUG] debug-file - Executing task :entry:default@GeneratePkgContextInfo
[2026-09-15T14:19:37.649] [DEBUG] debug-file - Task 'entry:default@GeneratePkgContextInfo' cost while wrapping incremental declarations: 1 ms 
[2026-09-15T14:19:37.649] [DEBUG] debug-file - entry : default@GeneratePkgContextInfo cost memory 0.15961456298828125
[2026-09-15T14:19:37.649] [DEBUG] debug-file - runTaskFromQueue task cost before running: 66 ms 
[2026-09-15T14:19:37.650] [INFO] debug-file - Finished :entry:default@GeneratePkgContextInfo... after 2 ms 
[2026-09-15T14:19:37.651] [DEBUG] debug-file - Executing task :entry:default@ProcessIntegratedHsp
[2026-09-15T14:19:37.651] [DEBUG] debug-file - entry:default@ProcessIntegratedHsp is not up-to-date, since the output file 'D:\CityUproject\CampusNavigation\RoomMarkerHarmony\build\cache\default\integrated_hsp\integratedHspCache.json' does not exist.
[2026-09-15T14:19:37.651] [DEBUG] debug-file - Incremental task entry:default@ProcessIntegratedHsp pre-execution cost: 1 ms .
[2026-09-15T14:19:37.651] [DEBUG] debug-file - entry : default@ProcessIntegratedHsp cost memory 0.0617218017578125
[2026-09-15T14:19:37.651] [DEBUG] debug-file - runTaskFromQueue task cost before running: 68 ms 
[2026-09-15T14:19:37.651] [INFO] debug-file - Finished :entry:default@ProcessIntegratedHsp... after 1 ms 
[2026-09-15T14:19:37.652] [DEBUG] debug-file - Executing task :entry:default@BuildNativeWithCmake
[2026-09-15T14:19:37.652] [DEBUG] debug-file - entry : default@BuildNativeWithCmake cost memory 0.0164031982421875
[2026-09-15T14:19:37.652] [DEBUG] debug-file - runTaskFromQueue task cost before running: 69 ms 
[2026-09-15T14:19:37.652] [INFO] debug-file - Finished :entry:default@BuildNativeWithCmake... after 1 ms 
[2026-09-15T14:19:37.652] [DEBUG] debug-file - Executing task :entry:default@MakePackInfo
[2026-09-15T14:19:37.654] [DEBUG] debug-file - Incremental task entry:default@MakePackInfo pre-execution cost: 1 ms .
[2026-09-15T14:19:37.654] [DEBUG] debug-file - entry : default@MakePackInfo cost memory 0.10659027099609375
[2026-09-15T14:19:37.654] [INFO] debug-file - UP-TO-DATE :entry:default@MakePackInfo...  
[2026-09-15T14:19:37.654] [DEBUG] debug-file - Executing task :entry:default@SyscapTransform
[2026-09-15T14:19:37.654] [DEBUG] debug-file - File: 'D:\CityUproject\CampusNavigation\RoomMarkerHarmony\entry\src\main\syscap.json' from 'sysCapJsonPath' is not exists, just ignore.
[2026-09-15T14:19:37.655] [DEBUG] debug-file - Task 'entry:default@SyscapTransform' cost while wrapping incremental declarations: 1 ms 
[2026-09-15T14:19:37.656] [DEBUG] debug-file - entry:default@SyscapTransform is not up-to-date, since the output file 'D:\CityUproject\CampusNavigation\RoomMarkerHarmony\entry\build\default\intermediates\syscap\default\rpcid.sc' does not exist.
[2026-09-15T14:19:37.656] [DEBUG] debug-file - Incremental task entry:default@SyscapTransform pre-execution cost: 2 ms .
[2026-09-15T14:19:37.656] [DEBUG] debug-file - entry : default@SyscapTransform cost memory 0.1490325927734375
[2026-09-15T14:19:37.656] [DEBUG] debug-file - runTaskFromQueue task cost before running: 73 ms 
[2026-09-15T14:19:37.656] [INFO] debug-file - Finished :entry:default@SyscapTransform... after 2 ms 
[2026-09-15T14:19:37.657] [DEBUG] debug-file - Executing task :entry:default@ProcessProfile
[2026-09-15T14:19:37.657] [DEBUG] debug-file - Task 'entry:default@ProcessProfile' cost while wrapping incremental declarations: 1 ms 
[2026-09-15T14:19:37.658] [DEBUG] debug-file - Incremental task entry:default@ProcessProfile pre-execution cost: 1 ms .
[2026-09-15T14:19:37.658] [DEBUG] debug-file - entry : default@ProcessProfile cost memory 0.1428985595703125
[2026-09-15T14:19:37.658] [INFO] debug-file - UP-TO-DATE :entry:default@ProcessProfile...  
[2026-09-15T14:19:37.658] [DEBUG] debug-file - Executing task :entry:default@ProcessRouterMap
[2026-09-15T14:19:37.659] [DEBUG] debug-file - Incremental task entry:default@ProcessRouterMap pre-execution cost: 2 ms .
[2026-09-15T14:19:37.659] [DEBUG] debug-file - entry : default@ProcessRouterMap cost memory 0.1248016357421875
[2026-09-15T14:19:37.660] [INFO] debug-file - UP-TO-DATE :entry:default@ProcessRouterMap...  
[2026-09-15T14:19:37.660] [DEBUG] debug-file - Executing task :entry:default@ProcessShareConfig
[2026-09-15T14:19:37.662] [DEBUG] debug-file - Incremental task entry:default@ProcessShareConfig pre-execution cost: 2 ms .
[2026-09-15T14:19:37.662] [DEBUG] debug-file - entry : default@ProcessShareConfig cost memory 0.10956573486328125
[2026-09-15T14:19:37.662] [INFO] debug-file - UP-TO-DATE :entry:default@ProcessShareConfig...  
[2026-09-15T14:19:37.662] [DEBUG] debug-file - Executing task :entry:default@ProcessStartupConfig
[2026-09-15T14:19:37.663] [DEBUG] debug-file - Task 'entry:default@ProcessStartupConfig' cost while wrapping incremental declarations: 1 ms 
[2026-09-15T14:19:37.663] [DEBUG] debug-file - entry:default@ProcessStartupConfig is not up-to-date, since the output file 'D:\CityUproject\CampusNavigation\RoomMarkerHarmony\entry\build\default\intermediates\startup\default\startup_config.json' does not exist.
[2026-09-15T14:19:37.663] [DEBUG] debug-file - Incremental task entry:default@ProcessStartupConfig pre-execution cost: 1 ms .
[2026-09-15T14:19:37.663] [DEBUG] debug-file - entry : default@ProcessStartupConfig cost memory 0.12264251708984375
[2026-09-15T14:19:37.663] [DEBUG] debug-file - runTaskFromQueue task cost before running: 80 ms 
[2026-09-15T14:19:37.663] [INFO] debug-file - Finished :entry:default@ProcessStartupConfig... after 1 ms 
[2026-09-15T14:19:37.663] [DEBUG] debug-file - Executing task :entry:default@BuildNativeWithNinja
[2026-09-15T14:19:37.664] [DEBUG] debug-file - entry : default@BuildNativeWithNinja cost memory 0.0230255126953125
[2026-09-15T14:19:37.664] [DEBUG] debug-file - runTaskFromQueue task cost before running: 81 ms 
[2026-09-15T14:19:37.664] [INFO] debug-file - Finished :entry:default@BuildNativeWithNinja... after 1 ms 
[2026-09-15T14:19:37.664] [DEBUG] debug-file - restool module names: entry; moduleName=entry, taskName=default@ProcessResource
[2026-09-15T14:19:37.665] [DEBUG] debug-file - Executing task :entry:default@ProcessResource
[2026-09-15T14:19:37.665] [DEBUG] debug-file - Task 'entry:default@ProcessResource' cost while wrapping incremental declarations: 1 ms 
[2026-09-15T14:19:37.666] [DEBUG] debug-file - Incremental task entry:default@ProcessResource pre-execution cost: 1 ms .
[2026-09-15T14:19:37.666] [DEBUG] debug-file - entry : default@ProcessResource cost memory 0.13677978515625
[2026-09-15T14:19:37.666] [INFO] debug-file - UP-TO-DATE :entry:default@ProcessResource...  
[2026-09-15T14:19:37.667] [DEBUG] debug-file - Executing task :entry:default@GenerateLoaderJson
[2026-09-15T14:19:37.667] [DEBUG] debug-file - Task 'entry:default@GenerateLoaderJson' cost while wrapping incremental declarations: 1 ms 
[2026-09-15T14:19:37.671] [DEBUG] debug-file - Incremental task entry:default@GenerateLoaderJson pre-execution cost: 3 ms .
[2026-09-15T14:19:37.671] [DEBUG] debug-file - entry : default@GenerateLoaderJson cost memory 0.453765869140625
[2026-09-15T14:19:37.673] [INFO] debug-file - UP-TO-DATE :entry:default@GenerateLoaderJson...  
[2026-09-15T14:19:37.674] [DEBUG] debug-file - Executing task :entry:default@ProcessLibs
[2026-09-15T14:19:37.675] [DEBUG] debug-file - Incremental task entry:default@ProcessLibs pre-execution cost: 1 ms .
[2026-09-15T14:19:37.675] [DEBUG] debug-file - entry : default@ProcessLibs cost memory 0.10224151611328125
[2026-09-15T14:19:37.675] [INFO] debug-file - UP-TO-DATE :entry:default@ProcessLibs...  
[2026-09-15T14:19:37.675] [DEBUG] debug-file - restool module names: entry; moduleName=entry, taskName=default@CompileResource
[2026-09-15T14:19:37.676] [DEBUG] debug-file - Executing task :entry:default@CompileResource
[2026-09-15T14:19:37.682] [DEBUG] debug-file - Incremental task entry:default@CompileResource pre-execution cost: 6 ms .
[2026-09-15T14:19:37.682] [DEBUG] debug-file - entry : default@CompileResource cost memory 0.483856201171875
[2026-09-15T14:19:37.682] [INFO] debug-file - UP-TO-DATE :entry:default@CompileResource...  
[2026-09-15T14:19:37.683] [DEBUG] debug-file - Executing task :entry:default@DoNativeStrip
[2026-09-15T14:19:37.683] [DEBUG] debug-file - Task 'entry:default@DoNativeStrip' cost while wrapping incremental declarations: 1 ms 
[2026-09-15T14:19:37.683] [DEBUG] debug-file - Incremental task entry:default@DoNativeStrip pre-execution cost: 1 ms .
[2026-09-15T14:19:37.683] [DEBUG] debug-file - entry : default@DoNativeStrip cost memory 0.08046722412109375
[2026-09-15T14:19:37.684] [INFO] debug-file - UP-TO-DATE :entry:default@DoNativeStrip...  
[2026-09-15T14:19:37.684] [DEBUG] debug-file - Executing task :entry:default@CompileArkTS
[2026-09-15T14:19:37.684] [DEBUG] debug-file - obfuscationOptions: undefined
[2026-09-15T14:19:37.685] [DEBUG] debug-file - Task 'entry:default@CompileArkTS' cost while wrapping incremental declarations: 1 ms 
[2026-09-15T14:19:37.690] [DEBUG] debug-file - build config:
[2026-09-15T14:19:37.690] [DEBUG] debug-file - {
  moduleType: 'entry',
  perf: 0,
  targetName: '.default',
  packageManagerType: 'ohpm',
  localPropertiesPath: 'D:\\CityUproject\\CampusNavigation\\RoomMarkerHarmony\\local.properties',
  isPreview: false,
  isOhosTest: false,
  isLocalTest: false,
  buildMode: 'Debug',
  hotReloadBuild: undefined,
  watchMode: 'false',
  aceProfilePath: 'D:\\CityUproject\\CampusNavigation\\RoomMarkerHarmony\\entry\\build\\default\\intermediates\\res\\default\\resources\\base\\profile',
  etsLoaderPath: 'D:\\DevEco\\DevEco Studio\\sdk\\default\\openharmony\\ets\\build-tools\\ets-loader',
  modulePath: 'D:\\CityUproject\\CampusNavigation\\RoomMarkerHarmony\\entry',
  testFrameworkPar: {
    testMode: undefined,
    coveragePathFilter: undefined,
    coverageMode: undefined
  },
  needCoverageInsert: false,
  debugLine: false,
  projectTopDir: 'D:\\CityUproject\\CampusNavigation\\RoomMarkerHarmony',
  compileSdkVersion: 21,
  compatibleSdkVersion: 12,
  originCompatibleSdkVersion: '5.0.0(12)',
  compatibleSdkVersionStage: 'beta1',
  bundleName: 'c***r',
  etsLoaderVersion: '6.0.1.112',
  etsLoaderReleaseType: 'Release',
  aotCompileMode: 'type',
  apPath: 'D:\\CityUproject\\CampusNavigation\\RoomMarkerHarmony\\entry\\modules.ap',
  entryModuleName: 'entry',
  entryModuleVersion: '1.0.0',
  entryPackageName: 'entry',
  allModuleNameHash: '3e2de7d5bc42bc0bc7298cf037dca8e36c6e8252845ff7b4815a3aa3e34aecb9',
  externalApiPaths: [ 'D:\\DevEco\\DevEco Studio\\sdk\\default\\hms\\ets' ],
  compilerTypes: [],
  isCrossplatform: false,
  hvigorPluginFile: undefined,
  compilePluginPath: undefined,
  buildGeneratedProfilePath: 'D:\\CityUproject\\CampusNavigation\\RoomMarkerHarmony\\entry\\build\\default\\generated\\profile\\default',
  bundleType: 'app',
  arkTSVersion: undefined,
  apiVersion: 21,
  needCompleteSourcesMap: false,
  isFaMode: false,
  buildDir: 'D:\\CityUproject\\CampusNavigation\\RoomMarkerHarmony\\entry\\build',
  deviceTypes: [ 'phone' ],
  pkgContextInfo: undefined,
  ohPackagePathMap: {},
  dependencyAliasMap: {},
  permission: {
    requestPermissions: [
      [Object], [Object],
      [Object], [Object],
      [Object], [Object],
      [Object]
    ],
    definePermissions: undefined
  },
  integratedHsp: false,
  projectArkOption: undefined,
  sourceMapDir: undefined,
  branchElimination: false,
  transformLib: undefined,
  tsImportSendable: false,
  resolveConflictMode: true,
  depName2RootPath: {},
  depName2DepInfo: {},
  rootPathSet: [ 'D:\\CityUproject\\CampusNavigation\\RoomMarkerHarmony' ],
  useNativeResolver: true,
  shouldEmitJs: true,
  useTscResolve: false,
  singleFileEmit: false,
  userProjectConfig: {
    autoLazyImport: false,
    allowEmptyBundleName: false,
    reExportCheckMode: 'noCheck',
    executionMode: 'memory',
    usePathPlaceholder: false,
    writeRollupCache: true,
    isExpandImportEnabled: false,
    expandImportExclude: '',
    lazyImportExclude: '',
    lazyImportInclude: '',
    ignoreCrossplatformCheck: false,
    isHarDeduplicateEnabled: false,
    enableStrictCheckOHModule: false,
    useDeclarationFileSignature: false,
    isPreloadSoEnabled: false
  },
  skipOhModulesLint: false,
  executionMode: 'memory',
  arkCompileCachePath: 'D:\\CityUproject\\CampusNavigation\\RoomMarkerHarmony\\entry\\build\\default\\cache\\default\\default@CompileArkTS\\esmodule',
  autoLazyFilter: undefined,
  isHarDeduplicateEnabled: false,
  intermediateHarDuplicateDirPath: 'D:\\CityUproject\\CampusNavigation\\RoomMarkerHarmony\\entry\\build\\default\\intermediates\\har_duplicate\\default',
  autoLazyImport: false,
  allowEmptyBundleName: false,
  reExportCheckMode: 'noCheck',
  usePathPlaceholder: false,
  writeRollupCache: true,
  isExpandImportEnabled: false,
  expandImportExclude: '',
  lazyImportExclude: '',
  lazyImportInclude: '',
  ignoreCrossplatformCheck: false,
  enableStrictCheckOHModule: false,
  useDeclarationFileSignature: false,
  isPreloadSoEnabled: false,
  strictMode: undefined,
  useNormalizedOHMUrl: false,
  caseSensitiveCheck: false,
  aceModuleJsonPath: 'D:\\CityUproject\\CampusNavigation\\RoomMarkerHarmony\\entry\\build\\default\\intermediates\\res\\default\\ark_module.json',
  appResource: 'D:\\CityUproject\\CampusNavigation\\RoomMarkerHarmony\\entry\\build\\default\\intermediates\\res\\default\\ResourceTable.txt',
  rawFileResource: 'D:\\CityUproject\\CampusNavigation\\RoomMarkerHarmony\\entry\\build\\default\\intermediates\\res\\default\\resources\\rawfile',
  resourceTableHash: '329571f6e7865bcbebcf8afddc66aad5756e94716c0b215a8fc517b976439783',
  runtimeOS: 'HarmonyOS',
  sdkInfo: 'false:21:6.0.1.112:Release',
  aceModuleRoot: 'D:\\CityUproject\\CampusNavigation\\RoomMarkerHarmony\\entry\\src\\main\\ets',
  compileMode: 'esmodule',
  aceSuperVisualPath: 'D:\\CityUproject\\CampusNavigation\\RoomMarkerHarmony\\entry\\src\\main\\supervisual',
  aceBuildJson: 'D:\\CityUproject\\CampusNavigation\\RoomMarkerHarmony\\entry\\build\\default\\intermediates\\loader\\default\\loader.json',
  cachePath: 'D:\\CityUproject\\CampusNavigation\\RoomMarkerHarmony\\entry\\build\\default\\cache\\default\\default@CompileArkTS\\esmodule\\debug',
  aceModuleBuild: 'D:\\CityUproject\\CampusNavigation\\RoomMarkerHarmony\\entry\\build\\default\\intermediates\\loader_out\\default\\ets',
  supportChunks: true,
  declaredFilesPath: undefined,
  shouldCollectDirectImportees: false,
  isByteCodeHarOptimize: false,
  expandImportPath: undefined,
  pkgNameToPkgBriefInfo: {
    entry: {
      pkgRoot: 'D:\\CityUproject\\CampusNavigation\\RoomMarkerHarmony\\entry',
      originalSourceRoots: undefined,
      sourceRoots: [Array],
      pkgName: 'entry'
    }
  },
  projectModel: {
    'D:\\CityUproject\\CampusNavigation\\RoomMarkerHarmony\\entry\\src\\main': {
      moduleName: 'entry',
      modulePkgPath: 'D:\\CityUproject\\CampusNavigation\\RoomMarkerHarmony\\entry',
      belongProjectPath: 'D:\\CityUproject\\CampusNavigation\\RoomMarkerHarmony'
    },
    'D:\\CityUproject\\CampusNavigation\\RoomMarkerHarmony\\entry': {
      moduleName: 'entry',
      modulePkgPath: 'D:\\CityUproject\\CampusNavigation\\RoomMarkerHarmony\\entry',
      belongProjectPath: 'D:\\CityUproject\\CampusNavigation\\RoomMarkerHarmony'
    },
    'D:\\CityUproject\\CampusNavigation\\RoomMarkerHarmony': {
      moduleName: 'RoomMarkerHarmony',
      modulePkgPath: 'D:\\CityUproject\\CampusNavigation\\RoomMarkerHarmony',
      belongProjectPath: 'D:\\CityUproject\\CampusNavigation\\RoomMarkerHarmony'
    }
  },
  pkgJsonFileHash: 'ac019853f4aab35e0389d66085a03b3c996fc93df6c0d2d552ea85d3dfb7436a',
  allModulePaths: [ 'D:\\CityUproject\\CampusNavigation\\RoomMarkerHarmony\\entry' ],
  routerMap: {},
  obfuscationOptions: undefined,
  byteCodeHarToDependencyKeys: undefined,
  compileBlockPkg: [],
  mockParams: {
    decorator: '@MockSetup',
    packageName: '@ohos/hamock',
    etsSourceRootPath: 'src/main/ets',
    mockConfigPath: undefined,
    mockConfigKey2ModuleInfo: {},
    source2ModuleIdMap: {}
  },
  copyCodeResourceEnable: true,
  copyCodeResourceExcludes: [],
  copyCodeResourceIncludes: undefined,
  uiTransformOptimization: false,
  sdkPath: 'D:/DevEco/DevEco Studio/sdk',
  needPreloadSoFileSet: {},
  preloadSoFilePath: 'D:\\CityUproject\\CampusNavigation\\RoomMarkerHarmony\\entry\\build\\default\\intermediates\\preload\\default\\preload.json',
  useSourceHash: false,
  localModuleParamMap: {},
  otherPaths: {
    'entry/*': [
      '..\\*',
      '..\\..\\..\\build\\default\\generated\\profile\\default\\*'
    ]
  },
  collectImportersConfig: undefined
}
[2026-09-15T14:19:37.691] [DEBUG] debug-file - Compile arkts with external api path: D:\DevEco\DevEco Studio\sdk\default\hms\ets
[2026-09-15T14:19:37.691] [DEBUG] debug-file - default@CompileArkTS work[24] is submitted.
[2026-09-15T14:19:37.691] [DEBUG] debug-file - default@CompileArkTS work[24] is pushed to ready queue.
[2026-09-15T14:19:37.691] [DEBUG] debug-file - A work dispatched to worker[15] failed because unable to get work from ready queue.
[2026-09-15T14:19:37.691] [DEBUG] debug-file - A work dispatched to worker[14] failed because unable to get work from ready queue.
[2026-09-15T14:19:37.691] [DEBUG] debug-file - A work dispatched to worker[13] failed because unable to get work from ready queue.
[2026-09-15T14:19:37.691] [DEBUG] debug-file - A work dispatched to worker[12] failed because unable to get work from ready queue.
[2026-09-15T14:19:37.691] [DEBUG] debug-file - A work dispatched to worker[11] failed because unable to get work from ready queue.
[2026-09-15T14:19:37.691] [DEBUG] debug-file - A work dispatched to worker[10] failed because unable to get work from ready queue.
[2026-09-15T14:19:37.691] [DEBUG] debug-file - A work dispatched to worker[9] failed because unable to get work from ready queue.
[2026-09-15T14:19:37.691] [DEBUG] debug-file - A work dispatched to worker[8] failed because unable to get work from ready queue.
[2026-09-15T14:19:37.691] [DEBUG] debug-file - A work dispatched to worker[7] failed because unable to get work from ready queue.
[2026-09-15T14:19:37.691] [DEBUG] debug-file - A work dispatched to worker[6] failed because unable to get work from ready queue.
[2026-09-15T14:19:37.691] [DEBUG] debug-file - A work dispatched to worker[5] failed because unable to get work from ready queue.
[2026-09-15T14:19:37.691] [DEBUG] debug-file - default@CompileArkTS work[24] has been dispatched to worker[4].
[2026-09-15T14:19:37.691] [DEBUG] debug-file - default@CompileArkTS work[24] is dispatched.
[2026-09-15T14:19:37.691] [DEBUG] debug-file - CopyResources startTime: 13481080499800
[2026-09-15T14:19:37.692] [DEBUG] debug-file - default@CompileArkTS work[25] is submitted.
[2026-09-15T14:19:37.692] [DEBUG] debug-file - default@CompileArkTS work[25] is pushed to ready queue.
[2026-09-15T14:19:37.692] [DEBUG] debug-file - A work dispatched to worker[15] failed because unable to get work from ready queue.
[2026-09-15T14:19:37.692] [DEBUG] debug-file - Create  resident worker with id: 14.
[2026-09-15T14:19:37.692] [DEBUG] debug-file - default@CompileArkTS work[25] has been dispatched to worker[14].
[2026-09-15T14:19:37.692] [DEBUG] debug-file - default@CompileArkTS work[25] is dispatched.
[2026-09-15T14:19:37.692] [DEBUG] debug-file - entry : default@CompileArkTS cost memory -0.38933563232421875
[2026-09-15T14:19:37.693] [DEBUG] debug-file - Executing task :entry:default@BuildJS
[2026-09-15T14:19:37.693] [DEBUG] debug-file - Task 'entry:default@BuildJS' cost while wrapping incremental declarations: 1 ms 
[2026-09-15T14:19:37.694] [DEBUG] debug-file - entry : default@BuildJS cost memory 0.1426239013671875
[2026-09-15T14:19:37.694] [DEBUG] debug-file - runTaskFromQueue task cost before running: 111 ms 
[2026-09-15T14:19:37.694] [INFO] debug-file - Finished :entry:default@BuildJS... after 2 ms 
[2026-09-15T14:19:37.695] [DEBUG] debug-file - Executing task :entry:default@CacheNativeLibs
[2026-09-15T14:19:37.695] [DEBUG] debug-file - Task 'entry:default@CacheNativeLibs' cost while wrapping incremental declarations: 1 ms 
[2026-09-15T14:19:37.696] [DEBUG] debug-file - Incremental task entry:default@CacheNativeLibs pre-execution cost: 1 ms .
[2026-09-15T14:19:37.696] [DEBUG] debug-file - entry : default@CacheNativeLibs cost memory 0.09499359130859375
[2026-09-15T14:19:37.696] [INFO] debug-file - UP-TO-DATE :entry:default@CacheNativeLibs...  
[2026-09-15T14:19:38.248] [DEBUG] debug-file - worker[4] has one work done.
[2026-09-15T14:19:38.248] [DEBUG] debug-file - default@CompileArkTS work[24] done.
[2026-09-15T14:19:38.248] [DEBUG] debug-file - A work dispatched to worker[4] failed because unable to get work from ready queue.
[2026-09-15T14:19:38.342] [DEBUG] debug-file - worker[14] has one work done.
[2026-09-15T14:19:38.342] [DEBUG] debug-file - CopyResources is end, endTime: 13481731262100
[2026-09-15T14:19:38.342] [DEBUG] debug-file - default@CompileArkTS work[25] done.
[2026-09-15T14:19:38.342] [DEBUG] debug-file - A work dispatched to worker[14] failed because unable to get work from ready queue.
[2026-09-15T14:19:38.344] [INFO] debug-file - Finished :entry:default@CompileArkTS... after 571 ms 
[2026-09-15T14:19:38.344] [DEBUG] debug-file - Executing task :entry:default@GeneratePkgModuleJson
[2026-09-15T14:19:38.344] [DEBUG] debug-file - File: 'D:\CityUproject\CampusNavigation\RoomMarkerHarmony\entry\build\default\intermediates\preload\default\preload.json' from 'preloadSoJsonPath' is not exists, just ignore.
[2026-09-15T14:19:38.345] [DEBUG] debug-file - Error occurs while handling @Input 'shouldDeduplicateHar': The "data" argument must be of type string or an instance of Buffer, TypedArray, or DataView. Received undefined
[2026-09-15T14:19:38.345] [DEBUG] debug-file - Task 'entry:default@GeneratePkgModuleJson' cost while wrapping incremental declarations: 1 ms 
[2026-09-15T14:19:38.345] [DEBUG] debug-file - Incremental task entry:default@GeneratePkgModuleJson pre-execution cost: 1 ms .
[2026-09-15T14:19:38.345] [DEBUG] debug-file - entry : default@GeneratePkgModuleJson cost memory 0.10926055908203125
[2026-09-15T14:19:38.345] [INFO] debug-file - UP-TO-DATE :entry:default@GeneratePkgModuleJson...  
[2026-09-15T14:19:38.346] [DEBUG] debug-file - Executing task :entry:default@ProcessCompiledResources
[2026-09-15T14:19:38.346] [DEBUG] debug-file - File: 'D:\CityUproject\CampusNavigation\RoomMarkerHarmony\entry\build\default\intermediates\preload\default\preload.json' from 'preloadSoJsonPath' is not exists, just ignore.
[2026-09-15T14:19:38.346] [DEBUG] debug-file - Task 'entry:default@ProcessCompiledResources' cost while wrapping incremental declarations: 1 ms 
[2026-09-15T14:19:38.346] [DEBUG] debug-file - entry : default@ProcessCompiledResources cost memory 0.062591552734375
[2026-09-15T14:19:38.346] [DEBUG] debug-file - runTaskFromQueue task cost before running: 763 ms 
[2026-09-15T14:19:38.346] [INFO] debug-file - Finished :entry:default@ProcessCompiledResources... after 1 ms 
[2026-09-15T14:19:38.348] [DEBUG] debug-file - Executing task :entry:default@PackageHap
[2026-09-15T14:19:38.351] [DEBUG] debug-file - entry:default@PackageHap is not up-to-date, since the input file 'D:\CityUproject\CampusNavigation\RoomMarkerHarmony\entry\build\default\intermediates\loader_out\default\ets' has been changed.
[2026-09-15T14:19:38.351] [DEBUG] debug-file - Incremental task entry:default@PackageHap pre-execution cost: 3 ms .
[2026-09-15T14:19:38.351] [DEBUG] debug-file - Use tool [D:\DevEco\DevEco Studio\sdk\default\openharmony\toolchains\lib\app_packing_tool.jar]
 [
  'java',
  '-Dfile.encoding=GBK',
  '-jar',
  'D:\\DevEco\\DevEco Studio\\sdk\\default\\openharmony\\toolchains\\lib\\app_packing_tool.jar',
  '--mode',
  'hap',
  '--force',
  'true',
  '--lib-path',
  'D:\\CityUproject\\CampusNavigation\\RoomMarkerHarmony\\entry\\build\\default\\intermediates\\stripped_native_libs\\default',
  '--json-path',
  'D:\\CityUproject\\CampusNavigation\\RoomMarkerHarmony\\entry\\build\\default\\intermediates\\package\\default\\module.json',
  '--resources-path',
  'D:\\CityUproject\\CampusNavigation\\RoomMarkerHarmony\\entry\\build\\default\\intermediates\\res\\default\\resources',
  '--index-path',
  'D:\\CityUproject\\CampusNavigation\\RoomMarkerHarmony\\entry\\build\\default\\intermediates\\res\\default\\resources.index',
  '--pack-info-path',
  'D:\\CityUproject\\CampusNavigation\\RoomMarkerHarmony\\entry\\build\\default\\outputs\\default\\pack.info',
  '--out-path',
  'D:\\CityUproject\\CampusNavigation\\RoomMarkerHarmony\\entry\\build\\default\\outputs\\default\\entry-default-unsigned.hap',
  '--ets-path',
  'D:\\CityUproject\\CampusNavigation\\RoomMarkerHarmony\\entry\\build\\default\\intermediates\\loader_out\\default\\ets'
]
[2026-09-15T14:19:38.366] [DEBUG] debug-file - java daemon socket received message:{"code":0,"message":"pack success"}
[2026-09-15T14:19:38.368] [DEBUG] debug-file - entry : default@PackageHap cost memory 0.50018310546875
[2026-09-15T14:19:38.368] [DEBUG] debug-file - runTaskFromQueue task cost before running: 785 ms 
[2026-09-15T14:19:38.368] [INFO] debug-file - Finished :entry:default@PackageHap... after 21 ms 
[2026-09-15T14:19:38.369] [DEBUG] debug-file - Executing task :entry:default@PackingCheck
[2026-09-15T14:19:38.371] [DEBUG] debug-file - entry : default@PackingCheck cost memory 0.2606353759765625
[2026-09-15T14:19:38.371] [DEBUG] debug-file - runTaskFromQueue task cost before running: 787 ms 
[2026-09-15T14:19:38.371] [INFO] debug-file - Finished :entry:default@PackingCheck... after 3 ms 
[2026-09-15T14:19:38.371] [DEBUG] debug-file - Executing task :entry:default@SignHap
[2026-09-15T14:19:38.372] [DEBUG] debug-file - entry:default@SignHap is not up-to-date, since the input file 'D:\CityUproject\CampusNavigation\RoomMarkerHarmony\entry\build\default\outputs\default\entry-default-unsigned.hap' has been changed.
[2026-09-15T14:19:38.372] [DEBUG] debug-file - Incremental task entry:default@SignHap pre-execution cost: 1 ms .
[2026-09-15T14:19:38.381] [DEBUG] debug-file - java daemon socket close code:1000 reason:close by user
[2026-09-15T14:19:38.392] [DEBUG] debug-file - java daemon socket received message:{"code":0,"message":"verify profile success"}
[2026-09-15T14:19:38.394] [DEBUG] debug-file - java daemon socket close code:1000 reason:close by user
[2026-09-15T14:19:38.449] [DEBUG] debug-file - java daemon socket received message:{"code":0,"message":"sign app success"}
[2026-09-15T14:19:38.450] [DEBUG] debug-file - entry : default@SignHap cost memory -1.0543136596679688
[2026-09-15T14:19:38.450] [DEBUG] debug-file - runTaskFromQueue task cost before running: 867 ms 
[2026-09-15T14:19:38.450] [INFO] debug-file - Finished :entry:default@SignHap... after 79 ms 
[2026-09-15T14:19:38.451] [DEBUG] debug-file - Executing task :entry:default@CollectDebugSymbol
[2026-09-15T14:19:38.451] [DEBUG] debug-file - entry : default@CollectDebugSymbol cost memory 0.09375762939453125
[2026-09-15T14:19:38.451] [DEBUG] debug-file - runTaskFromQueue task cost before running: 868 ms 
[2026-09-15T14:19:38.451] [INFO] debug-file - Finished :entry:default@CollectDebugSymbol... after 1 ms 
[2026-09-15T14:19:38.452] [DEBUG] debug-file - Executing task :entry:assembleHap
[2026-09-15T14:19:38.452] [DEBUG] debug-file - entry : assembleHap cost memory 0.013580322265625
[2026-09-15T14:19:38.452] [DEBUG] debug-file - runTaskFromQueue task cost before running: 869 ms 
[2026-09-15T14:19:38.452] [INFO] debug-file - Finished :entry:assembleHap... after 1 ms 
[2026-09-15T14:19:38.460] [INFO] debug-file - BUILD SUCCESSFUL in 877 ms 
[2026-09-15T14:19:38.460] [DEBUG] debug-file - There is no need to refresh cache, since the incremental task entry:default@PreBuild is up-to-date.
[2026-09-15T14:19:38.460] [DEBUG] debug-file - Update task entry:default@CreateModuleInfo output file:D:\CityUproject\CampusNavigation\RoomMarkerHarmony\entry\build\default\generated\profile\default\ModuleInfo.ts cache.
[2026-09-15T14:19:38.460] [DEBUG] debug-file - Incremental task entry:default@CreateModuleInfo post-execution cost:1 ms .
[2026-09-15T14:19:38.460] [DEBUG] debug-file - There is no need to refresh cache, since the incremental task entry:default@GenerateMetadata is up-to-date.
[2026-09-15T14:19:38.460] [DEBUG] debug-file - There is no need to refresh cache, since the incremental task entry:default@MergeProfile is up-to-date.
[2026-09-15T14:19:38.460] [DEBUG] debug-file - There is no need to refresh cache, since the incremental task entry:default@CreateBuildProfile is up-to-date.
[2026-09-15T14:19:38.460] [DEBUG] debug-file - Update task entry:default@GeneratePkgContextInfo output file:D:\CityUproject\CampusNavigation\RoomMarkerHarmony\entry\build\default\intermediates\loader\default\pkgContextInfo.json cache.
[2026-09-15T14:19:38.460] [DEBUG] debug-file - Incremental task entry:default@GeneratePkgContextInfo post-execution cost:1 ms .
[2026-09-15T14:19:38.460] [DEBUG] debug-file - Update task entry:default@ProcessIntegratedHsp output file:D:\CityUproject\CampusNavigation\RoomMarkerHarmony\build\cache\default\integrated_hsp\integratedHspCache.json cache.
[2026-09-15T14:19:38.460] [DEBUG] debug-file - Incremental task entry:default@ProcessIntegratedHsp post-execution cost:1 ms .
[2026-09-15T14:19:38.461] [DEBUG] debug-file - There is no need to refresh cache, since the incremental task entry:default@MakePackInfo is up-to-date.
[2026-09-15T14:19:38.461] [DEBUG] debug-file - Update task entry:default@SyscapTransform input file:D:\DevEco\DevEco Studio\sdk\default\openharmony\toolchains\syscap_tool.exe cache by regenerate.
[2026-09-15T14:19:38.461] [DEBUG] debug-file - Update task entry:default@SyscapTransform input file:D:\DevEco\DevEco Studio\sdk\default\openharmony\ets\api\device-define cache by regenerate.
[2026-09-15T14:19:38.462] [DEBUG] debug-file - Update task entry:default@SyscapTransform output file:D:\CityUproject\CampusNavigation\RoomMarkerHarmony\entry\build\default\intermediates\syscap\default\rpcid.sc cache.
[2026-09-15T14:19:38.462] [DEBUG] debug-file - Incremental task entry:default@SyscapTransform post-execution cost:2 ms .
[2026-09-15T14:19:38.462] [DEBUG] debug-file - There is no need to refresh cache, since the incremental task entry:default@ProcessProfile is up-to-date.
[2026-09-15T14:19:38.462] [DEBUG] debug-file - There is no need to refresh cache, since the incremental task entry:default@ProcessRouterMap is up-to-date.
[2026-09-15T14:19:38.462] [DEBUG] debug-file - There is no need to refresh cache, since the incremental task entry:default@ProcessShareConfig is up-to-date.
[2026-09-15T14:19:38.462] [DEBUG] debug-file - Update task entry:default@ProcessStartupConfig output file:D:\CityUproject\CampusNavigation\RoomMarkerHarmony\entry\build\default\intermediates\startup\default\startup_config.json cache.
[2026-09-15T14:19:38.462] [DEBUG] debug-file - Incremental task entry:default@ProcessStartupConfig post-execution cost:1 ms .
[2026-09-15T14:19:38.462] [DEBUG] debug-file - There is no need to refresh cache, since the incremental task entry:default@ProcessResource is up-to-date.
[2026-09-15T14:19:38.462] [DEBUG] debug-file - There is no need to refresh cache, since the incremental task entry:default@GenerateLoaderJson is up-to-date.
[2026-09-15T14:19:38.462] [DEBUG] debug-file - There is no need to refresh cache, since the incremental task entry:default@ProcessLibs is up-to-date.
[2026-09-15T14:19:38.462] [DEBUG] debug-file - There is no need to refresh cache, since the incremental task entry:default@CompileResource is up-to-date.
[2026-09-15T14:19:38.462] [DEBUG] debug-file - There is no need to refresh cache, since the incremental task entry:default@DoNativeStrip is up-to-date.
[2026-09-15T14:19:38.463] [DEBUG] debug-file - Update task entry:default@CompileArkTS input file:D:\CityUproject\CampusNavigation\RoomMarkerHarmony\entry\build\default\intermediates\loader\default cache by regenerate.
[2026-09-15T14:19:38.463] [DEBUG] debug-file - Update task entry:default@CompileArkTS input file:D:\CityUproject\CampusNavigation\RoomMarkerHarmony\entry\build\default\intermediates\res\default\ResourceTable.txt cache by regenerate.
[2026-09-15T14:19:38.463] [DEBUG] debug-file - Update task entry:default@CompileArkTS input file:D:\CityUproject\CampusNavigation\RoomMarkerHarmony\entry\build\default\intermediates\res\default\ark_module.json cache by regenerate.
[2026-09-15T14:19:38.464] [DEBUG] debug-file - Update task entry:default@CompileArkTS input file:D:\CityUproject\CampusNavigation\RoomMarkerHarmony\entry\build\default\intermediates\res\default\resources\base\profile cache by regenerate.
[2026-09-15T14:19:38.464] [DEBUG] debug-file - Update task entry:default@CompileArkTS input file:D:\CityUproject\CampusNavigation\RoomMarkerHarmony\entry\src\main\ets cache by regenerate.
[2026-09-15T14:19:38.466] [DEBUG] debug-file - Update task entry:default@CompileArkTS input file:D:\CityUproject\CampusNavigation\RoomMarkerHarmony\entry\build\default\generated\profile\default\BuildProfile.ets cache by regenerate.
[2026-09-15T14:19:38.466] [DEBUG] debug-file - Update task entry:default@CompileArkTS output file:D:\CityUproject\CampusNavigation\RoomMarkerHarmony\entry\build\default\intermediates\loader_out\default\ets cache.
[2026-09-15T14:19:38.467] [DEBUG] debug-file - Incremental task entry:default@CompileArkTS post-execution cost:5 ms .
[2026-09-15T14:19:38.467] [DEBUG] debug-file - Update task entry:default@BuildJS input file:D:\CityUproject\CampusNavigation\RoomMarkerHarmony\entry\build\default\intermediates\loader\default cache by regenerate.
[2026-09-15T14:19:38.467] [DEBUG] debug-file - Update task entry:default@BuildJS input file:D:\CityUproject\CampusNavigation\RoomMarkerHarmony\entry\build\default\intermediates\res\default\ResourceTable.txt cache by regenerate.
[2026-09-15T14:19:38.467] [DEBUG] debug-file - Update task entry:default@BuildJS input file:D:\CityUproject\CampusNavigation\RoomMarkerHarmony\entry\build\default\intermediates\res\default\ark_module.json cache by regenerate.
[2026-09-15T14:19:38.468] [DEBUG] debug-file - Update task entry:default@BuildJS input file:D:\CityUproject\CampusNavigation\RoomMarkerHarmony\entry\build\default\intermediates\res\default\resources\base\profile cache by regenerate.
[2026-09-15T14:19:38.468] [DEBUG] debug-file - Update task entry:default@BuildJS output file:D:\CityUproject\CampusNavigation\RoomMarkerHarmony\entry\build\default\intermediates\loader_out\default\js cache.
[2026-09-15T14:19:38.468] [DEBUG] debug-file - Incremental task entry:default@BuildJS post-execution cost:2 ms .
[2026-09-15T14:19:38.468] [DEBUG] debug-file - There is no need to refresh cache, since the incremental task entry:default@CacheNativeLibs is up-to-date.
[2026-09-15T14:19:38.468] [DEBUG] debug-file - There is no need to refresh cache, since the incremental task entry:default@GeneratePkgModuleJson is up-to-date.
[2026-09-15T14:19:38.468] [DEBUG] debug-file - Incremental task entry:default@ProcessCompiledResources post-execution cost:1 ms .
[2026-09-15T14:19:38.468] [DEBUG] debug-file - Update task entry:default@PackageHap input file:D:\CityUproject\CampusNavigation\RoomMarkerHarmony\entry\build\default\intermediates\stripped_native_libs\default cache by regenerate.
[2026-09-15T14:19:38.469] [DEBUG] debug-file - Update task entry:default@PackageHap input file:D:\CityUproject\CampusNavigation\RoomMarkerHarmony\entry\build\default\intermediates\res\default\module.json cache by regenerate.
[2026-09-15T14:19:38.469] [DEBUG] debug-file - Update task entry:default@PackageHap input file:D:\CityUproject\CampusNavigation\RoomMarkerHarmony\entry\build\default\intermediates\res\default\resources cache by regenerate.
[2026-09-15T14:19:38.470] [DEBUG] debug-file - Update task entry:default@PackageHap input file:D:\CityUproject\CampusNavigation\RoomMarkerHarmony\entry\build\default\intermediates\res\default\resources.index cache by regenerate.
[2026-09-15T14:19:38.470] [DEBUG] debug-file - Update task entry:default@PackageHap input file:D:\CityUproject\CampusNavigation\RoomMarkerHarmony\entry\build\default\outputs\default\pack.info cache by regenerate.
[2026-09-15T14:19:38.470] [DEBUG] debug-file - Update task entry:default@PackageHap input file:D:\CityUproject\CampusNavigation\RoomMarkerHarmony\entry\build\default\intermediates\loader_out\default\ets cache from map.
[2026-09-15T14:19:38.470] [DEBUG] debug-file - Update task entry:default@PackageHap input file:D:\CityUproject\CampusNavigation\RoomMarkerHarmony\entry\build\default\intermediates\loader_out\default\ets\sourceMaps.map cache by regenerate.
[2026-09-15T14:19:38.470] [DEBUG] debug-file - Update task entry:default@PackageHap input file:D:\CityUproject\CampusNavigation\RoomMarkerHarmony\entry\build\default\generated\profile\default\BuildProfile.ets cache by regenerate.
[2026-09-15T14:19:38.470] [DEBUG] debug-file - Update task entry:default@PackageHap output file:D:\CityUproject\CampusNavigation\RoomMarkerHarmony\entry\build\default\outputs\default\entry-default-unsigned.hap cache.
[2026-09-15T14:19:38.471] [DEBUG] debug-file - Update task entry:default@PackageHap output file:D:\CityUproject\CampusNavigation\RoomMarkerHarmony\entry\build\default\intermediates\source_map\default\sourceMaps.map cache.
[2026-09-15T14:19:38.471] [DEBUG] debug-file - Update task entry:default@PackageHap output file:D:\CityUproject\CampusNavigation\RoomMarkerHarmony\entry\build\default\outputs\default\mapping\sourceMaps.map cache.
[2026-09-15T14:19:38.471] [DEBUG] debug-file - Incremental task entry:default@PackageHap post-execution cost:3 ms .
[2026-09-15T14:19:38.471] [DEBUG] debug-file - Update task entry:default@SignHap input file:C:\Users\23285\.ohos\config\default_RoomMarkerHarmony_8-UkI_-5Ml4C9rZHTmYgpVvtR64Q_NJI_7h33KFhWh0=.cer cache by regenerate.
[2026-09-15T14:19:38.471] [DEBUG] debug-file - Update task entry:default@SignHap input file:C:\Users\23285\.ohos\config\default_RoomMarkerHarmony_8-UkI_-5Ml4C9rZHTmYgpVvtR64Q_NJI_7h33KFhWh0=.p7b cache by regenerate.
[2026-09-15T14:19:38.471] [DEBUG] debug-file - Update task entry:default@SignHap input file:C:\Users\23285\.ohos\config\default_RoomMarkerHarmony_8-UkI_-5Ml4C9rZHTmYgpVvtR64Q_NJI_7h33KFhWh0=.p12 cache by regenerate.
[2026-09-15T14:19:38.471] [DEBUG] debug-file - Update task entry:default@SignHap input file:D:\CityUproject\CampusNavigation\RoomMarkerHarmony\entry\build\default\outputs\default\entry-default-unsigned.hap cache from map.
[2026-09-15T14:19:38.472] [DEBUG] debug-file - Update task entry:default@SignHap output file:D:\CityUproject\CampusNavigation\RoomMarkerHarmony\entry\build\default\outputs\default\entry-default-signed.hap cache.
[2026-09-15T14:19:38.472] [DEBUG] debug-file - Incremental task entry:default@SignHap post-execution cost:2 ms .
[2026-09-15T14:19:38.472] [DEBUG] debug-file - Update task entry:default@CollectDebugSymbol input file:D:\CityUproject\CampusNavigation\RoomMarkerHarmony\entry\build\default\intermediates\loader_out\default\ets\sourceMaps.map cache by regenerate.
[2026-09-15T14:19:38.472] [DEBUG] debug-file - Update task entry:default@CollectDebugSymbol input file:D:\CityUproject\CampusNavigation\RoomMarkerHarmony\entry\build\default\intermediates\libs\default cache by regenerate.
[2026-09-15T14:19:38.473] [DEBUG] debug-file - Update task entry:default@CollectDebugSymbol output file:D:\CityUproject\CampusNavigation\RoomMarkerHarmony\entry\build\default\outputs\default\symbol cache.
[2026-09-15T14:19:38.473] [DEBUG] debug-file - Incremental task entry:default@CollectDebugSymbol post-execution cost:1 ms .
[2026-09-15T14:19:38.485] [DEBUG] debug-file - Cleanup worker 14.
[2026-09-15T14:19:38.485] [DEBUG] debug-file - Worker 14 has been cleaned up.
[2026-09-15T14:19:38.485] [DEBUG] debug-file - Current idle worker size: 1.
[2026-09-15T14:19:38.485] [DEBUG] debug-file - Current resident worker size: 2.
[2026-09-15T14:19:38.486] [DEBUG] debug-file - hvigor build process will be closed.
[2026-09-15T14:19:38.486] [DEBUG] debug-file - java daemon socket close code:1000 reason:close by user
[2026-09-15T14:19:38.488] [DEBUG] debug-file - session manager: send message to worker process.
[2026-09-15T14:19:38.489] [DEBUG] debug-file - session manager: send message to worker process.
[2026-09-15T14:19:38.489] [DEBUG] debug-file - watch worker: worker id should be larger than 0. Nothing will be sent to any worker thread.
[2026-09-15T14:19:38.489] [DEBUG] debug-file - watch worker: worker id should be larger than 0. Nothing will be sent to any worker thread.
[2026-09-15T14:19:38.491] [DEBUG] debug-file - worker[14] exits with exit code 1.
[2026-09-15T14:27:20.744] [DEBUG] debug-file - session manager: set active socket. socketId=d1LfipYgA-jnyRVaAAAd
[2026-09-15T14:27:20.752] [DEBUG] debug-file - watch worker: worker id should be larger than 0. Nothing will be sent to any worker thread.
[2026-09-15T14:27:20.754] [DEBUG] debug-file - Hvigor init with startParameters:{
  hvigorfileTypeCheck: false,
  parallelExecution: true,
  incrementalExecution: true,
  printStackTrace: false,
  daemon: true,
  analyze: 0,
  logLevel: Level { level: 20000, levelStr: 'INFO', colour: 'green' },
  optimizationStrategy: 'memory',
  hotCompile: undefined,
  hotReloadBuild: undefined
}
[2026-09-15T14:27:20.756] [DEBUG] debug-file - Cache service initialization finished in 3 ms 
[2026-09-15T14:27:20.757] [DEBUG] debug-file - hvigorfile, resolving D:\CityUproject\CampusNavigation\RoomMarkerHarmony\hvigorfile.ts
[2026-09-15T14:27:20.760] [DEBUG] debug-file - hvigorfile, require result:  { default: {} }
[2026-09-15T14:27:20.760] [DEBUG] debug-file - hvigorfile, binding system plugins null
[2026-09-15T14:27:20.765] [DEBUG] debug-file - Start initialize project's product build option map with build mode debug.
[2026-09-15T14:27:20.765] [DEBUG] debug-file - Picking option from product 'default' with build mode 'debug'.
[2026-09-15T14:27:20.765] [DEBUG] debug-file - Product 'default' build option initialized
[2026-09-15T14:27:20.765] [DEBUG] debug-file - End initialize project's product build option map with build mode 'debug'.
[2026-09-15T14:27:20.765] [DEBUG] debug-file - Obtain build option for product 'default'in this build.
[2026-09-15T14:27:20.766] [DEBUG] debug-file - D:\CityUproject\CampusNavigation\RoomMarkerHarmony\build\cache\default\remote_hsp\remoteHspCache.json not exists.
[2026-09-15T14:27:20.767] [DEBUG] debug-file - Start recording SDK configuration permission data.
[2026-09-15T14:27:20.782] [DEBUG] debug-file - Sdk init in 17 ms 
[2026-09-15T14:27:20.784] [DEBUG] debug-file - Project task initialization takes 2 ms 
[2026-09-15T14:27:20.784] [DEBUG] debug-file - hvigorfile, binding custom plugins undefined
[2026-09-15T14:27:20.784] [DEBUG] debug-file - hvigorfile, no custom plugins were found in D:\CityUproject\CampusNavigation\RoomMarkerHarmony\hvigorfile.ts
[2026-09-15T14:27:20.784] [DEBUG] debug-file - hvigorfile, resolve finished D:\CityUproject\CampusNavigation\RoomMarkerHarmony\hvigorfile.ts
[2026-09-15T14:27:20.785] [DEBUG] debug-file - hvigorfile, resolving D:\CityUproject\CampusNavigation\RoomMarkerHarmony\entry\hvigorfile.ts
[2026-09-15T14:27:20.786] [DEBUG] debug-file - hvigorfile, require result:  { default: {} }
[2026-09-15T14:27:20.786] [DEBUG] debug-file - hvigorfile, binding system plugins null
[2026-09-15T14:27:20.787] [DEBUG] debug-file - failed to load cangjie to dynamically generate schemas: Error: Cannot find module '@ohos/cangjie-build-support/index'
Require stack:
- D:\DevEco\DevEco Studio\tools\hvigor\hvigor-ohos-plugin\src\plugin\factory\plugin-factory.js
- D:\DevEco\DevEco Studio\tools\hvigor\hvigor-ohos-plugin\index.js
- D:\CityUproject\CampusNavigation\RoomMarkerHarmony\hvigorfile.ts
- D:\DevEco\DevEco Studio\tools\hvigor\hvigor\src\base\internal\lifecycle\configuration.js
- D:\DevEco\DevEco Studio\tools\hvigor\hvigor\src\base\boot\index.js
- D:\DevEco\DevEco Studio\tools\hvigor\hvigor\src\base\daemon\cluster\worker-process-lifecycle.js
- D:\DevEco\DevEco Studio\tools\hvigor\hvigor\src\base\daemon\process\daemon-process-boot-script.js
[2026-09-15T14:27:20.788] [DEBUG] debug-file - Start initialize module-target build option map, moduleName=entry, buildMode=debug
[2026-09-15T14:27:20.788] [DEBUG] debug-file - Target 'default' config initialized
[2026-09-15T14:27:20.788] [DEBUG] debug-file - Module 'entry' target 'default' build option initialized
[2026-09-15T14:27:20.788] [DEBUG] debug-file - End initialize module-target build option map, moduleName=entry
[2026-09-15T14:27:20.788] [DEBUG] debug-file - Start initialize module-target build option map, moduleName=entry, buildMode=release
[2026-09-15T14:27:20.788] [DEBUG] debug-file - Target 'default' config initialized
[2026-09-15T14:27:20.788] [DEBUG] debug-file - Module 'entry' target 'default' build option initialized
[2026-09-15T14:27:20.788] [DEBUG] debug-file - End initialize module-target build option map, moduleName=entry
[2026-09-15T14:27:20.788] [DEBUG] debug-file - Start initialize module-target build option map, moduleName=entry, buildMode=debug
[2026-09-15T14:27:20.788] [DEBUG] debug-file - Target 'default' config initialized
[2026-09-15T14:27:20.788] [DEBUG] debug-file - Module 'entry' target 'default' build option initialized
[2026-09-15T14:27:20.789] [DEBUG] debug-file - End initialize module-target build option map, moduleName=entry
[2026-09-15T14:27:20.789] [DEBUG] debug-file - Obtain build option for module 'entry' target 'default'in this build.
[2026-09-15T14:27:20.789] [DEBUG] debug-file - Module entry task initialization takes 1 ms 
[2026-09-15T14:27:20.789] [DEBUG] debug-file - hvigorfile, binding custom plugins undefined
[2026-09-15T14:27:20.789] [DEBUG] debug-file - hvigorfile, no custom plugins were found in D:\CityUproject\CampusNavigation\RoomMarkerHarmony\entry\hvigorfile.ts
[2026-09-15T14:27:20.789] [DEBUG] debug-file - hvigorfile, resolve finished D:\CityUproject\CampusNavigation\RoomMarkerHarmony\entry\hvigorfile.ts
[2026-09-15T14:27:20.799] [DEBUG] debug-file - hvigorfile, resolve hvigorfile dependencies in 10 ms 
[2026-09-15T14:27:20.799] [DEBUG] debug-file - project has submodules:entry
[2026-09-15T14:27:20.800] [DEBUG] debug-file - start to load updatedOhPackageInfo to the disk
[2026-09-15T14:27:20.802] [DEBUG] debug-file - load to the disk finished
[2026-09-15T14:27:20.803] [DEBUG] debug-file - Start to initialize dependency information.
[2026-09-15T14:27:20.803] [DEBUG] debug-file - Module RoomMarkerHarmony Collected Dependency: 
[2026-09-15T14:27:20.803] [DEBUG] debug-file - Module RoomMarkerHarmony's total dependency: 0
[2026-09-15T14:27:20.803] [DEBUG] debug-file - Start to initialize dependency information.
[2026-09-15T14:27:20.804] [DEBUG] debug-file - Module entry Collected Dependency: 
[2026-09-15T14:27:20.805] [DEBUG] debug-file - Module entry's total dependency: 0
[2026-09-15T14:27:20.805] [DEBUG] debug-file - Configuration phase cost:49 ms 
[2026-09-15T14:27:20.806] [DEBUG] debug-file - Configuration task cost before running: 53 ms 
[2026-09-15T14:27:20.808] [DEBUG] debug-file - Executing task :entry:default@PreBuild
[2026-09-15T14:27:20.808] [DEBUG] debug-file - Task 'entry:default@PreBuild' cost while wrapping incremental declarations: 1 ms 
[2026-09-15T14:27:20.811] [DEBUG] debug-file - entry:default@PreBuild is not up-to-date, since the input file 'D:\CityUproject\CampusNavigation\RoomMarkerHarmony\entry\src\main\module.json5' has been changed.
[2026-09-15T14:27:20.811] [DEBUG] debug-file - Incremental task entry:default@PreBuild pre-execution cost: 2 ms .
[2026-09-15T14:27:20.824] [DEBUG] debug-file - current product is not Atomic service.
[2026-09-15T14:27:20.824] [DEBUG] debug-file - Use tool [win32: JAVA_HOME, CLASSPATH]
 [
  { JAVA_HOME: 'D:\\DevEco\\DevEco Studio\\jbr' },
  { CLASSPATH: undefined }
]
[2026-09-15T14:27:20.824] [DEBUG] debug-file - Use tool [win32: NODE_HOME]
 [ { NODE_HOME: 'D:\\DevEco\\DevEco Studio\\tools\\node' } ]
[2026-09-15T14:27:20.824] [DEBUG] debug-file - entry : default@PreBuild cost memory 1.1486282348632812
[2026-09-15T14:27:20.824] [DEBUG] debug-file - runTaskFromQueue task cost before running: 72 ms 
[2026-09-15T14:27:20.825] [INFO] debug-file - Finished :entry:default@PreBuild... after 17 ms 
[2026-09-15T14:27:20.826] [DEBUG] debug-file - Executing task :entry:default@CreateModuleInfo
[2026-09-15T14:27:20.826] [DEBUG] debug-file - Task 'entry:default@CreateModuleInfo' cost while wrapping incremental declarations: 1 ms 
[2026-09-15T14:27:20.826] [DEBUG] debug-file - entry : default@CreateModuleInfo cost memory -1.70013427734375
[2026-09-15T14:27:20.826] [DEBUG] debug-file - runTaskFromQueue task cost before running: 74 ms 
[2026-09-15T14:27:20.826] [INFO] debug-file - Finished :entry:default@CreateModuleInfo... after 1 ms 
[2026-09-15T14:27:20.828] [DEBUG] debug-file - Executing task :entry:default@GenerateMetadata
[2026-09-15T14:27:20.828] [DEBUG] debug-file - Task 'entry:default@GenerateMetadata' cost while wrapping incremental declarations: 1 ms 
[2026-09-15T14:27:20.828] [DEBUG] debug-file - entry:default@GenerateMetadata is not up-to-date, since the input file 'D:\CityUproject\CampusNavigation\RoomMarkerHarmony\entry\src\main\module.json5' has been changed.
[2026-09-15T14:27:20.828] [DEBUG] debug-file - Incremental task entry:default@GenerateMetadata pre-execution cost: 1 ms .
[2026-09-15T14:27:20.829] [DEBUG] debug-file - entry : default@GenerateMetadata cost memory 0.09786224365234375
[2026-09-15T14:27:20.829] [DEBUG] debug-file - runTaskFromQueue task cost before running: 77 ms 
[2026-09-15T14:27:20.829] [INFO] debug-file - Finished :entry:default@GenerateMetadata... after 2 ms 
[2026-09-15T14:27:20.829] [DEBUG] debug-file - Executing task :entry:default@ConfigureCmake
[2026-09-15T14:27:20.829] [DEBUG] debug-file - entry : default@ConfigureCmake cost memory 0.01529693603515625
[2026-09-15T14:27:20.829] [DEBUG] debug-file - runTaskFromQueue task cost before running: 77 ms 
[2026-09-15T14:27:20.830] [INFO] debug-file - Finished :entry:default@ConfigureCmake... after 1 ms 
[2026-09-15T14:27:20.830] [DEBUG] debug-file - Executing task :entry:default@MergeProfile
[2026-09-15T14:27:20.830] [DEBUG] debug-file - Task 'entry:default@MergeProfile' cost while wrapping incremental declarations: 1 ms 
[2026-09-15T14:27:20.831] [DEBUG] debug-file - entry:default@MergeProfile is not up-to-date, since the input file 'D:\CityUproject\CampusNavigation\RoomMarkerHarmony\entry\src\main\module.json5' has been changed.
[2026-09-15T14:27:20.831] [DEBUG] debug-file - Incremental task entry:default@MergeProfile pre-execution cost: 1 ms .
[2026-09-15T14:27:20.831] [DEBUG] debug-file - Change app api release type with 'Release'
[2026-09-15T14:27:20.831] [DEBUG] debug-file - Change app compile API version with '6.0.1.112'
[2026-09-15T14:27:20.831] [DEBUG] debug-file - Change app target API version with '50000012'
[2026-09-15T14:27:20.831] [DEBUG] debug-file - Change app minimum API version with '50000012'
[2026-09-15T14:27:20.831] [DEBUG] debug-file - Use cli appEnvironment
[2026-09-15T14:27:20.832] [DEBUG] debug-file - entry : default@MergeProfile cost memory 0.28229522705078125
[2026-09-15T14:27:20.833] [DEBUG] debug-file - runTaskFromQueue task cost before running: 80 ms 
[2026-09-15T14:27:20.833] [INFO] debug-file - Finished :entry:default@MergeProfile... after 3 ms 
[2026-09-15T14:27:20.833] [DEBUG] debug-file - Executing task :entry:default@CreateBuildProfile
[2026-09-15T14:27:20.833] [DEBUG] debug-file - Task 'entry:default@CreateBuildProfile' cost while wrapping incremental declarations: 1 ms 
[2026-09-15T14:27:20.834] [DEBUG] debug-file - Incremental task entry:default@CreateBuildProfile pre-execution cost: 1 ms .
[2026-09-15T14:27:20.834] [DEBUG] debug-file - entry : default@CreateBuildProfile cost memory 0.0952911376953125
[2026-09-15T14:27:20.834] [INFO] debug-file - UP-TO-DATE :entry:default@CreateBuildProfile...  
[2026-09-15T14:27:20.835] [DEBUG] debug-file - Executing task :entry:default@PreCheckSyscap
[2026-09-15T14:27:20.835] [DEBUG] debug-file - entry : default@PreCheckSyscap cost memory 0.0155181884765625
[2026-09-15T14:27:20.835] [DEBUG] debug-file - runTaskFromQueue task cost before running: 82 ms 
[2026-09-15T14:27:20.835] [INFO] debug-file - Finished :entry:default@PreCheckSyscap... after 1 ms 
[2026-09-15T14:27:20.835] [DEBUG] debug-file - Executing task :entry:default@GeneratePkgContextInfo
[2026-09-15T14:27:20.837] [DEBUG] debug-file - Task 'entry:default@GeneratePkgContextInfo' cost while wrapping incremental declarations: 1 ms 
[2026-09-15T14:27:20.837] [DEBUG] debug-file - entry : default@GeneratePkgContextInfo cost memory 0.1607818603515625
[2026-09-15T14:27:20.837] [DEBUG] debug-file - runTaskFromQueue task cost before running: 85 ms 
[2026-09-15T14:27:20.837] [INFO] debug-file - Finished :entry:default@GeneratePkgContextInfo... after 2 ms 
[2026-09-15T14:27:20.838] [DEBUG] debug-file - Executing task :entry:default@ProcessIntegratedHsp
[2026-09-15T14:27:20.838] [DEBUG] debug-file - entry:default@ProcessIntegratedHsp is not up-to-date, since the output file 'D:\CityUproject\CampusNavigation\RoomMarkerHarmony\build\cache\default\integrated_hsp\integratedHspCache.json' does not exist.
[2026-09-15T14:27:20.839] [DEBUG] debug-file - Incremental task entry:default@ProcessIntegratedHsp pre-execution cost: 1 ms .
[2026-09-15T14:27:20.839] [DEBUG] debug-file - entry : default@ProcessIntegratedHsp cost memory 0.06111907958984375
[2026-09-15T14:27:20.839] [DEBUG] debug-file - runTaskFromQueue task cost before running: 86 ms 
[2026-09-15T14:27:20.839] [INFO] debug-file - Finished :entry:default@ProcessIntegratedHsp... after 1 ms 
[2026-09-15T14:27:20.839] [DEBUG] debug-file - Executing task :entry:default@BuildNativeWithCmake
[2026-09-15T14:27:20.839] [DEBUG] debug-file - entry : default@BuildNativeWithCmake cost memory 0.0163421630859375
[2026-09-15T14:27:20.840] [DEBUG] debug-file - runTaskFromQueue task cost before running: 87 ms 
[2026-09-15T14:27:20.840] [INFO] debug-file - Finished :entry:default@BuildNativeWithCmake... after 1 ms 
[2026-09-15T14:27:20.840] [DEBUG] debug-file - Executing task :entry:default@MakePackInfo
[2026-09-15T14:27:20.841] [DEBUG] debug-file - entry:default@MakePackInfo is not up-to-date, since the input file 'D:\CityUproject\CampusNavigation\RoomMarkerHarmony\entry\src\main\module.json5' has been changed.
[2026-09-15T14:27:20.841] [DEBUG] debug-file - Incremental task entry:default@MakePackInfo pre-execution cost: 1 ms .
[2026-09-15T14:27:20.841] [DEBUG] debug-file - Module Pack Info:  {
  summary: {
    app: { bundleName: 'c***r', bundleType: 'app', version: [Object] },
    modules: [ [Object] ]
  },
  packages: [
    {
      deviceType: [Array],
      moduleType: 'entry',
      deliveryWithInstall: true,
      name: 'entry-default'
    }
  ]
}
[2026-09-15T14:27:20.841] [DEBUG] debug-file - entry : default@MakePackInfo cost memory 0.14058685302734375
[2026-09-15T14:27:20.842] [DEBUG] debug-file - runTaskFromQueue task cost before running: 89 ms 
[2026-09-15T14:27:20.842] [INFO] debug-file - Finished :entry:default@MakePackInfo... after 2 ms 
[2026-09-15T14:27:20.842] [DEBUG] debug-file - Executing task :entry:default@SyscapTransform
[2026-09-15T14:27:20.842] [DEBUG] debug-file - File: 'D:\CityUproject\CampusNavigation\RoomMarkerHarmony\entry\src\main\syscap.json' from 'sysCapJsonPath' is not exists, just ignore.
[2026-09-15T14:27:20.842] [DEBUG] debug-file - Task 'entry:default@SyscapTransform' cost while wrapping incremental declarations: 1 ms 
[2026-09-15T14:27:20.844] [DEBUG] debug-file - entry:default@SyscapTransform is not up-to-date, since the output file 'D:\CityUproject\CampusNavigation\RoomMarkerHarmony\entry\build\default\intermediates\syscap\default\rpcid.sc' does not exist.
[2026-09-15T14:27:20.844] [DEBUG] debug-file - Incremental task entry:default@SyscapTransform pre-execution cost: 2 ms .
[2026-09-15T14:27:20.844] [DEBUG] debug-file - entry : default@SyscapTransform cost memory 0.14777374267578125
[2026-09-15T14:27:20.844] [DEBUG] debug-file - runTaskFromQueue task cost before running: 91 ms 
[2026-09-15T14:27:20.844] [INFO] debug-file - Finished :entry:default@SyscapTransform... after 2 ms 
[2026-09-15T14:27:20.844] [DEBUG] debug-file - Executing task :entry:default@ProcessProfile
[2026-09-15T14:27:20.845] [DEBUG] debug-file - Task 'entry:default@ProcessProfile' cost while wrapping incremental declarations: 1 ms 
[2026-09-15T14:27:20.845] [DEBUG] debug-file - entry:default@ProcessProfile is not up-to-date, since the input file 'D:\CityUproject\CampusNavigation\RoomMarkerHarmony\entry\build\default\intermediates\merge_profile\default\module.json' has been changed.
[2026-09-15T14:27:20.845] [DEBUG] debug-file - Incremental task entry:default@ProcessProfile pre-execution cost: 1 ms .
[2026-09-15T14:27:20.846] [DEBUG] debug-file - [
  'D:\\DevEco\\DevEco Studio\\tools\\node\\node.exe',
  'D:\\DevEco\\DevEco Studio\\sdk\\default\\openharmony\\ets\\build-tools\\ets-loader\\bin\\ark\\ts2abc.js',
  '--target-api-version',
  '12',
  '--target-api-sub-version',
  'beta1'
]
[2026-09-15T14:27:20.900] [DEBUG] debug-file - 12.0.2.0
[2026-09-15T14:27:20.901] [DEBUG] debug-file - No need to add fake ui ability because of not in preview process.
[2026-09-15T14:27:20.901] [DEBUG] debug-file - entry : default@ProcessProfile cost memory 0.3944091796875
[2026-09-15T14:27:20.901] [DEBUG] debug-file - runTaskFromQueue task cost before running: 149 ms 
[2026-09-15T14:27:20.902] [INFO] debug-file - Finished :entry:default@ProcessProfile... after 58 ms 
[2026-09-15T14:27:20.902] [DEBUG] debug-file - Executing task :entry:default@ProcessRouterMap
[2026-09-15T14:27:20.903] [DEBUG] debug-file - entry:default@ProcessRouterMap is not up-to-date, since the input file 'D:\CityUproject\CampusNavigation\RoomMarkerHarmony\entry\src\main\module.json5' has been changed.
[2026-09-15T14:27:20.903] [DEBUG] debug-file - Incremental task entry:default@ProcessRouterMap pre-execution cost: 1 ms .
[2026-09-15T14:27:20.904] [DEBUG] debug-file - entry : default@ProcessRouterMap cost memory 0.1153717041015625
[2026-09-15T14:27:20.904] [DEBUG] debug-file - runTaskFromQueue task cost before running: 151 ms 
[2026-09-15T14:27:20.904] [INFO] debug-file - Finished :entry:default@ProcessRouterMap... after 2 ms 
[2026-09-15T14:27:20.905] [DEBUG] debug-file - Executing task :entry:default@ProcessShareConfig
[2026-09-15T14:27:20.905] [DEBUG] debug-file - entry:default@ProcessShareConfig is not up-to-date, since the input file 'D:\CityUproject\CampusNavigation\RoomMarkerHarmony\entry\src\main\module.json5' has been changed.
[2026-09-15T14:27:20.905] [DEBUG] debug-file - Incremental task entry:default@ProcessShareConfig pre-execution cost: 1 ms .
[2026-09-15T14:27:20.906] [DEBUG] debug-file - entry : default@ProcessShareConfig cost memory 0.10805511474609375
[2026-09-15T14:27:20.906] [DEBUG] debug-file - runTaskFromQueue task cost before running: 154 ms 
[2026-09-15T14:27:20.906] [INFO] debug-file - Finished :entry:default@ProcessShareConfig... after 2 ms 
[2026-09-15T14:27:20.907] [DEBUG] debug-file - Executing task :entry:default@ProcessStartupConfig
[2026-09-15T14:27:20.907] [DEBUG] debug-file - Task 'entry:default@ProcessStartupConfig' cost while wrapping incremental declarations: 1 ms 
[2026-09-15T14:27:20.907] [DEBUG] debug-file - entry:default@ProcessStartupConfig is not up-to-date, since the output file 'D:\CityUproject\CampusNavigation\RoomMarkerHarmony\entry\build\default\intermediates\startup\default\startup_config.json' does not exist.
[2026-09-15T14:27:20.907] [DEBUG] debug-file - Incremental task entry:default@ProcessStartupConfig pre-execution cost: 1 ms .
[2026-09-15T14:27:20.907] [DEBUG] debug-file - entry : default@ProcessStartupConfig cost memory 0.10068511962890625
[2026-09-15T14:27:20.907] [DEBUG] debug-file - runTaskFromQueue task cost before running: 155 ms 
[2026-09-15T14:27:20.908] [INFO] debug-file - Finished :entry:default@ProcessStartupConfig... after 1 ms 
[2026-09-15T14:27:20.908] [DEBUG] debug-file - Executing task :entry:default@BuildNativeWithNinja
[2026-09-15T14:27:20.908] [DEBUG] debug-file - entry : default@BuildNativeWithNinja cost memory 0.02294158935546875
[2026-09-15T14:27:20.908] [DEBUG] debug-file - runTaskFromQueue task cost before running: 156 ms 
[2026-09-15T14:27:20.908] [INFO] debug-file - Finished :entry:default@BuildNativeWithNinja... after 1 ms 
[2026-09-15T14:27:20.909] [DEBUG] debug-file - restool module names: entry; moduleName=entry, taskName=default@ProcessResource
[2026-09-15T14:27:20.910] [DEBUG] debug-file - Executing task :entry:default@ProcessResource
[2026-09-15T14:27:20.910] [DEBUG] debug-file - Task 'entry:default@ProcessResource' cost while wrapping incremental declarations: 1 ms 
[2026-09-15T14:27:20.910] [DEBUG] debug-file - Incremental task entry:default@ProcessResource pre-execution cost: 1 ms .
[2026-09-15T14:27:20.910] [DEBUG] debug-file - entry : default@ProcessResource cost memory 0.1369171142578125
[2026-09-15T14:27:20.911] [INFO] debug-file - UP-TO-DATE :entry:default@ProcessResource...  
[2026-09-15T14:27:20.912] [DEBUG] debug-file - Executing task :entry:default@GenerateLoaderJson
[2026-09-15T14:27:20.912] [DEBUG] debug-file - Task 'entry:default@GenerateLoaderJson' cost while wrapping incremental declarations: 1 ms 
[2026-09-15T14:27:20.915] [DEBUG] debug-file - entry:default@GenerateLoaderJson is not up-to-date, since the input file 'D:\CityUproject\CampusNavigation\RoomMarkerHarmony\entry\build\default\intermediates\router_map\default\temp-router-map.json' has been changed.
[2026-09-15T14:27:20.915] [DEBUG] debug-file - Incremental task entry:default@GenerateLoaderJson pre-execution cost: 2 ms .
[2026-09-15T14:27:20.917] [DEBUG] debug-file - entry : default@GenerateLoaderJson cost memory 0.56524658203125
[2026-09-15T14:27:20.917] [DEBUG] debug-file - runTaskFromQueue task cost before running: 165 ms 
[2026-09-15T14:27:20.919] [INFO] debug-file - Finished :entry:default@GenerateLoaderJson... after 6 ms 
[2026-09-15T14:27:20.919] [DEBUG] debug-file - Executing task :entry:default@ProcessLibs
[2026-09-15T14:27:20.920] [DEBUG] debug-file - Incremental task entry:default@ProcessLibs pre-execution cost: 1 ms .
[2026-09-15T14:27:20.921] [DEBUG] debug-file - entry : default@ProcessLibs cost memory 0.10210418701171875
[2026-09-15T14:27:20.921] [INFO] debug-file - UP-TO-DATE :entry:default@ProcessLibs...  
[2026-09-15T14:27:20.921] [DEBUG] debug-file - restool module names: entry; moduleName=entry, taskName=default@CompileResource
[2026-09-15T14:27:20.921] [DEBUG] debug-file - Executing task :entry:default@CompileResource
[2026-09-15T14:27:20.924] [DEBUG] debug-file - entry:default@CompileResource is not up-to-date, since the input file 'D:\CityUproject\CampusNavigation\RoomMarkerHarmony\entry\src\main\resources' has been changed.
[2026-09-15T14:27:20.924] [DEBUG] debug-file - Incremental task entry:default@CompileResource pre-execution cost: 3 ms .
[2026-09-15T14:27:20.926] [DEBUG] debug-file - Use tool [D:\DevEco\DevEco Studio\sdk\default\openharmony\toolchains\restool.exe]
 [
  'D:\\DevEco\\DevEco Studio\\sdk\\default\\openharmony\\toolchains\\restool.exe',
  '-l',
  'D:\\CityUproject\\CampusNavigation\\RoomMarkerHarmony\\entry\\build\\default\\intermediates\\res\\default\\resConfig.json'
]
[2026-09-15T14:27:20.926] [DEBUG] debug-file - current process  memoryUsage: {
  rss: 451387392,
  heapTotal: 132792320,
  heapUsed: 123612248,
  external: 3199365,
  arrayBuffers: 171709
} os memoryUsage :15.057994842529297
[2026-09-15T14:27:20.943] [DEBUG] debug-file - Info: Pack: normal pack mode

[2026-09-15T14:27:20.975] [DEBUG] debug-file - Info: hardware concurrency count is : 16
Info: thread count is : 16

[2026-09-15T14:27:20.976] [DEBUG] debug-file - Info: thread pool is started

[2026-09-15T14:27:20.976] [DEBUG] debug-file - Info: GenericCompiler::CompileFiles

[2026-09-15T14:27:20.979] [DEBUG] debug-file - Info: GenericCompiler::CompileFiles

[2026-09-15T14:27:20.979] [DEBUG] debug-file - Warning: 'D:\CityUproject\CampusNavigation\RoomMarkerHarmony\entry\src\main\resources\base\media\app_icon.png' is defined repeatedly.

[2026-09-15T14:27:20.979] [DEBUG] debug-file - Info: GenericCompiler::CompileFiles

[2026-09-15T14:27:20.981] [DEBUG] debug-file - 09-15 14:27:20.982 31868 26176 E C01400/ImageTranscoderUtils: DecodeToRGBA IN

[2026-09-15T14:27:20.981] [DEBUG] debug-file - 09-15 14:27:20.982 31868 26176 E C01400/ImageTranscoderUtils: ImageFilter IN D:\CityUproject\CampusNavigation\RoomMarkerHarmony\AppScope\resources\base\media\app_icon.png

[2026-09-15T14:27:20.982] [DEBUG] debug-file - 09-15 14:27:20.983 31868 26176 E C01400/ImageTranscoder: TranscodeSLR Only zoom-out is supported.

[2026-09-15T14:27:20.982] [DEBUG] debug-file - Warning: ScaleImage failed, error message: INVALID_PARAMETERS, file path = D:\CityUproject\CampusNavigation\RoomMarkerHarmony\AppScope\resources\base\media\app_icon.png

[2026-09-15T14:27:20.983] [DEBUG] debug-file - Warning: The width or height of the png file referenced by the icon exceeds the limit (41 pixels)
at D:\CityUproject\CampusNavigation\RoomMarkerHarmony\AppScope\resources\base\media\app_icon.png

[2026-09-15T14:27:20.984] [DEBUG] debug-file - Warning: The width or height of the png file referenced by the startWindowIcon exceeds the limit (144 pixels)
at D:\CityUproject\CampusNavigation\RoomMarkerHarmony\AppScope\resources\base\media\app_icon.png

[2026-09-15T14:27:20.984] [DEBUG] debug-file - Info: restool resources compile success.

[2026-09-15T14:27:20.984] [DEBUG] debug-file - Info: thread pool is stopped

[2026-09-15T14:27:21.046] [DEBUG] debug-file - entry : default@CompileResource cost memory -11.340896606445312
[2026-09-15T14:27:21.046] [DEBUG] debug-file - runTaskFromQueue task cost before running: 294 ms 
[2026-09-15T14:27:21.047] [INFO] debug-file - Finished :entry:default@CompileResource... after 125 ms 
[2026-09-15T14:27:21.047] [DEBUG] debug-file - Executing task :entry:default@DoNativeStrip
[2026-09-15T14:27:21.048] [DEBUG] debug-file - Task 'entry:default@DoNativeStrip' cost while wrapping incremental declarations: 1 ms 
[2026-09-15T14:27:21.048] [DEBUG] debug-file - Incremental task entry:default@DoNativeStrip pre-execution cost: 1 ms .
[2026-09-15T14:27:21.048] [DEBUG] debug-file - entry : default@DoNativeStrip cost memory 0.081146240234375
[2026-09-15T14:27:21.048] [INFO] debug-file - UP-TO-DATE :entry:default@DoNativeStrip...  
[2026-09-15T14:27:21.049] [DEBUG] debug-file - Executing task :entry:default@CompileArkTS
[2026-09-15T14:27:21.049] [DEBUG] debug-file - obfuscationOptions: undefined
[2026-09-15T14:27:21.050] [DEBUG] debug-file - Task 'entry:default@CompileArkTS' cost while wrapping incremental declarations: 1 ms 
[2026-09-15T14:27:21.052] [DEBUG] debug-file - entry:default@CompileArkTS is not up-to-date, since the input file 'D:\CityUproject\CampusNavigation\RoomMarkerHarmony\entry\build\default\intermediates\loader\default' has been changed.
[2026-09-15T14:27:21.052] [DEBUG] debug-file - Incremental task entry:default@CompileArkTS pre-execution cost: 2 ms .
[2026-09-15T14:27:21.057] [DEBUG] debug-file - build config:
[2026-09-15T14:27:21.057] [DEBUG] debug-file - {
  moduleType: 'entry',
  perf: 0,
  targetName: '.default',
  packageManagerType: 'ohpm',
  localPropertiesPath: 'D:\\CityUproject\\CampusNavigation\\RoomMarkerHarmony\\local.properties',
  isPreview: false,
  isOhosTest: false,
  isLocalTest: false,
  buildMode: 'Debug',
  hotReloadBuild: undefined,
  watchMode: 'false',
  aceProfilePath: 'D:\\CityUproject\\CampusNavigation\\RoomMarkerHarmony\\entry\\build\\default\\intermediates\\res\\default\\resources\\base\\profile',
  etsLoaderPath: 'D:\\DevEco\\DevEco Studio\\sdk\\default\\openharmony\\ets\\build-tools\\ets-loader',
  modulePath: 'D:\\CityUproject\\CampusNavigation\\RoomMarkerHarmony\\entry',
  testFrameworkPar: {
    testMode: undefined,
    coveragePathFilter: undefined,
    coverageMode: undefined
  },
  needCoverageInsert: false,
  debugLine: false,
  projectTopDir: 'D:\\CityUproject\\CampusNavigation\\RoomMarkerHarmony',
  compileSdkVersion: 21,
  compatibleSdkVersion: 12,
  originCompatibleSdkVersion: '5.0.0(12)',
  compatibleSdkVersionStage: 'beta1',
  bundleName: 'c***r',
  etsLoaderVersion: '6.0.1.112',
  etsLoaderReleaseType: 'Release',
  aotCompileMode: 'type',
  apPath: 'D:\\CityUproject\\CampusNavigation\\RoomMarkerHarmony\\entry\\modules.ap',
  entryModuleName: 'entry',
  entryModuleVersion: '1.0.0',
  entryPackageName: 'entry',
  allModuleNameHash: '3e2de7d5bc42bc0bc7298cf037dca8e36c6e8252845ff7b4815a3aa3e34aecb9',
  externalApiPaths: [ 'D:\\DevEco\\DevEco Studio\\sdk\\default\\hms\\ets' ],
  compilerTypes: [],
  isCrossplatform: false,
  hvigorPluginFile: undefined,
  compilePluginPath: undefined,
  buildGeneratedProfilePath: 'D:\\CityUproject\\CampusNavigation\\RoomMarkerHarmony\\entry\\build\\default\\generated\\profile\\default',
  bundleType: 'app',
  arkTSVersion: undefined,
  apiVersion: 21,
  needCompleteSourcesMap: false,
  isFaMode: false,
  buildDir: 'D:\\CityUproject\\CampusNavigation\\RoomMarkerHarmony\\entry\\build',
  deviceTypes: [ 'phone' ],
  pkgContextInfo: undefined,
  ohPackagePathMap: {},
  dependencyAliasMap: {},
  permission: {
    requestPermissions: [
      [Object], [Object],
      [Object], [Object],
      [Object], [Object],
      [Object], [Object]
    ],
    definePermissions: undefined
  },
  integratedHsp: false,
  projectArkOption: undefined,
  sourceMapDir: undefined,
  branchElimination: false,
  transformLib: undefined,
  tsImportSendable: false,
  resolveConflictMode: true,
  depName2RootPath: {},
  depName2DepInfo: {},
  rootPathSet: [ 'D:\\CityUproject\\CampusNavigation\\RoomMarkerHarmony' ],
  useNativeResolver: true,
  shouldEmitJs: true,
  useTscResolve: false,
  singleFileEmit: false,
  userProjectConfig: {
    autoLazyImport: false,
    allowEmptyBundleName: false,
    reExportCheckMode: 'noCheck',
    executionMode: 'memory',
    usePathPlaceholder: false,
    writeRollupCache: true,
    isExpandImportEnabled: false,
    expandImportExclude: '',
    lazyImportExclude: '',
    lazyImportInclude: '',
    ignoreCrossplatformCheck: false,
    isHarDeduplicateEnabled: false,
    enableStrictCheckOHModule: false,
    useDeclarationFileSignature: false,
    isPreloadSoEnabled: false
  },
  skipOhModulesLint: false,
  executionMode: 'memory',
  arkCompileCachePath: 'D:\\CityUproject\\CampusNavigation\\RoomMarkerHarmony\\entry\\build\\default\\cache\\default\\default@CompileArkTS\\esmodule',
  autoLazyFilter: undefined,
  isHarDeduplicateEnabled: false,
  intermediateHarDuplicateDirPath: 'D:\\CityUproject\\CampusNavigation\\RoomMarkerHarmony\\entry\\build\\default\\intermediates\\har_duplicate\\default',
  autoLazyImport: false,
  allowEmptyBundleName: false,
  reExportCheckMode: 'noCheck',
  usePathPlaceholder: false,
  writeRollupCache: true,
  isExpandImportEnabled: false,
  expandImportExclude: '',
  lazyImportExclude: '',
  lazyImportInclude: '',
  ignoreCrossplatformCheck: false,
  enableStrictCheckOHModule: false,
  useDeclarationFileSignature: false,
  isPreloadSoEnabled: false,
  strictMode: undefined,
  useNormalizedOHMUrl: false,
  caseSensitiveCheck: false,
  aceModuleJsonPath: 'D:\\CityUproject\\CampusNavigation\\RoomMarkerHarmony\\entry\\build\\default\\intermediates\\res\\default\\ark_module.json',
  appResource: 'D:\\CityUproject\\CampusNavigation\\RoomMarkerHarmony\\entry\\build\\default\\intermediates\\res\\default\\ResourceTable.txt',
  rawFileResource: 'D:\\CityUproject\\CampusNavigation\\RoomMarkerHarmony\\entry\\build\\default\\intermediates\\res\\default\\resources\\rawfile',
  resourceTableHash: 'e84d41c7c4344455426326d512fd2cdd79a96857cfeacf3cd60115dd0a49deba',
  runtimeOS: 'HarmonyOS',
  sdkInfo: 'false:21:6.0.1.112:Release',
  aceModuleRoot: 'D:\\CityUproject\\CampusNavigation\\RoomMarkerHarmony\\entry\\src\\main\\ets',
  compileMode: 'esmodule',
  aceSuperVisualPath: 'D:\\CityUproject\\CampusNavigation\\RoomMarkerHarmony\\entry\\src\\main\\supervisual',
  aceBuildJson: 'D:\\CityUproject\\CampusNavigation\\RoomMarkerHarmony\\entry\\build\\default\\intermediates\\loader\\default\\loader.json',
  cachePath: 'D:\\CityUproject\\CampusNavigation\\RoomMarkerHarmony\\entry\\build\\default\\cache\\default\\default@CompileArkTS\\esmodule\\debug',
  aceModuleBuild: 'D:\\CityUproject\\CampusNavigation\\RoomMarkerHarmony\\entry\\build\\default\\intermediates\\loader_out\\default\\ets',
  supportChunks: true,
  declaredFilesPath: undefined,
  shouldCollectDirectImportees: false,
  isByteCodeHarOptimize: false,
  expandImportPath: undefined,
  pkgNameToPkgBriefInfo: {
    entry: {
      pkgRoot: 'D:\\CityUproject\\CampusNavigation\\RoomMarkerHarmony\\entry',
      originalSourceRoots: undefined,
      sourceRoots: [Array],
      pkgName: 'entry'
    }
  },
  projectModel: {
    'D:\\CityUproject\\CampusNavigation\\RoomMarkerHarmony\\entry\\src\\main': {
      moduleName: 'entry',
      modulePkgPath: 'D:\\CityUproject\\CampusNavigation\\RoomMarkerHarmony\\entry',
      belongProjectPath: 'D:\\CityUproject\\CampusNavigation\\RoomMarkerHarmony'
    },
    'D:\\CityUproject\\CampusNavigation\\RoomMarkerHarmony\\entry': {
      moduleName: 'entry',
      modulePkgPath: 'D:\\CityUproject\\CampusNavigation\\RoomMarkerHarmony\\entry',
      belongProjectPath: 'D:\\CityUproject\\CampusNavigation\\RoomMarkerHarmony'
    },
    'D:\\CityUproject\\CampusNavigation\\RoomMarkerHarmony': {
      moduleName: 'RoomMarkerHarmony',
      modulePkgPath: 'D:\\CityUproject\\CampusNavigation\\RoomMarkerHarmony',
      belongProjectPath: 'D:\\CityUproject\\CampusNavigation\\RoomMarkerHarmony'
    }
  },
  pkgJsonFileHash: 'ac019853f4aab35e0389d66085a03b3c996fc93df6c0d2d552ea85d3dfb7436a',
  allModulePaths: [ 'D:\\CityUproject\\CampusNavigation\\RoomMarkerHarmony\\entry' ],
  routerMap: {},
  obfuscationOptions: undefined,
  byteCodeHarToDependencyKeys: undefined,
  compileBlockPkg: [],
  mockParams: {
    decorator: '@MockSetup',
    packageName: '@ohos/hamock',
    etsSourceRootPath: 'src/main/ets',
    mockConfigPath: undefined,
    mockConfigKey2ModuleInfo: {},
    source2ModuleIdMap: {}
  },
  copyCodeResourceEnable: true,
  copyCodeResourceExcludes: [],
  copyCodeResourceIncludes: undefined,
  uiTransformOptimization: false,
  sdkPath: 'D:/DevEco/DevEco Studio/sdk',
  needPreloadSoFileSet: {},
  preloadSoFilePath: 'D:\\CityUproject\\CampusNavigation\\RoomMarkerHarmony\\entry\\build\\default\\intermediates\\preload\\default\\preload.json',
  useSourceHash: false,
  localModuleParamMap: {},
  otherPaths: {
    'entry/*': [
      '..\\*',
      '..\\..\\..\\build\\default\\generated\\profile\\default\\*'
    ]
  },
  collectImportersConfig: undefined
}
[2026-09-15T14:27:21.057] [DEBUG] debug-file - Compile arkts with external api path: D:\DevEco\DevEco Studio\sdk\default\hms\ets
[2026-09-15T14:27:21.057] [DEBUG] debug-file - default@CompileArkTS work[26] is submitted.
[2026-09-15T14:27:21.057] [DEBUG] debug-file - default@CompileArkTS work[26] is pushed to ready queue.
[2026-09-15T14:27:21.057] [DEBUG] debug-file - A work dispatched to worker[15] failed because unable to get work from ready queue.
[2026-09-15T14:27:21.057] [DEBUG] debug-file - A work dispatched to worker[14] failed because unable to get work from ready queue.
[2026-09-15T14:27:21.057] [DEBUG] debug-file - A work dispatched to worker[13] failed because unable to get work from ready queue.
[2026-09-15T14:27:21.057] [DEBUG] debug-file - A work dispatched to worker[12] failed because unable to get work from ready queue.
[2026-09-15T14:27:21.057] [DEBUG] debug-file - A work dispatched to worker[11] failed because unable to get work from ready queue.
[2026-09-15T14:27:21.058] [DEBUG] debug-file - A work dispatched to worker[10] failed because unable to get work from ready queue.
[2026-09-15T14:27:21.058] [DEBUG] debug-file - A work dispatched to worker[9] failed because unable to get work from ready queue.
[2026-09-15T14:27:21.058] [DEBUG] debug-file - A work dispatched to worker[8] failed because unable to get work from ready queue.
[2026-09-15T14:27:21.058] [DEBUG] debug-file - A work dispatched to worker[7] failed because unable to get work from ready queue.
[2026-09-15T14:27:21.058] [DEBUG] debug-file - A work dispatched to worker[6] failed because unable to get work from ready queue.
[2026-09-15T14:27:21.058] [DEBUG] debug-file - A work dispatched to worker[5] failed because unable to get work from ready queue.
[2026-09-15T14:27:21.058] [DEBUG] debug-file - default@CompileArkTS work[26] has been dispatched to worker[4].
[2026-09-15T14:27:21.058] [DEBUG] debug-file - default@CompileArkTS work[26] is dispatched.
[2026-09-15T14:27:21.058] [DEBUG] debug-file - CopyResources startTime: 13944448821600
[2026-09-15T14:27:21.058] [DEBUG] debug-file - default@CompileArkTS work[27] is submitted.
[2026-09-15T14:27:21.058] [DEBUG] debug-file - default@CompileArkTS work[27] is pushed to ready queue.
[2026-09-15T14:27:21.058] [DEBUG] debug-file - A work dispatched to worker[15] failed because unable to get work from ready queue.
[2026-09-15T14:27:21.058] [DEBUG] debug-file - Create  resident worker with id: 14.
[2026-09-15T14:27:21.059] [DEBUG] debug-file - default@CompileArkTS work[27] has been dispatched to worker[14].
[2026-09-15T14:27:21.059] [DEBUG] debug-file - default@CompileArkTS work[27] is dispatched.
[2026-09-15T14:27:21.059] [DEBUG] debug-file - entry : default@CompileArkTS cost memory -0.07765960693359375
[2026-09-15T14:27:21.060] [DEBUG] debug-file - Executing task :entry:default@BuildJS
[2026-09-15T14:27:21.060] [DEBUG] debug-file - Task 'entry:default@BuildJS' cost while wrapping incremental declarations: 1 ms 
[2026-09-15T14:27:21.061] [DEBUG] debug-file - entry : default@BuildJS cost memory 0.14792633056640625
[2026-09-15T14:27:21.061] [DEBUG] debug-file - runTaskFromQueue task cost before running: 309 ms 
[2026-09-15T14:27:21.061] [INFO] debug-file - Finished :entry:default@BuildJS... after 2 ms 
[2026-09-15T14:27:21.062] [DEBUG] debug-file - Executing task :entry:default@CacheNativeLibs
[2026-09-15T14:27:21.062] [DEBUG] debug-file - Task 'entry:default@CacheNativeLibs' cost while wrapping incremental declarations: 1 ms 
[2026-09-15T14:27:21.063] [DEBUG] debug-file - Incremental task entry:default@CacheNativeLibs pre-execution cost: 1 ms .
[2026-09-15T14:27:21.063] [DEBUG] debug-file - entry : default@CacheNativeLibs cost memory 0.09397125244140625
[2026-09-15T14:27:21.063] [INFO] debug-file - UP-TO-DATE :entry:default@CacheNativeLibs...  
[2026-09-15T14:27:21.708] [DEBUG] debug-file - worker[14] has one work done.
[2026-09-15T14:27:21.708] [DEBUG] debug-file - CopyResources is end, endTime: 13945099378400
[2026-09-15T14:27:21.708] [DEBUG] debug-file - default@CompileArkTS work[27] done.
[2026-09-15T14:27:21.709] [DEBUG] debug-file - A work dispatched to worker[14] failed because unable to get work from ready queue.
[2026-09-15T14:27:21.872] [DEBUG] debug-file - worker[4] has one work done.
[2026-09-15T14:27:21.872] [DEBUG] debug-file - default@CompileArkTS work[26] done.
[2026-09-15T14:27:21.872] [DEBUG] debug-file - A work dispatched to worker[4] failed because unable to get work from ready queue.
[2026-09-15T14:27:21.873] [INFO] debug-file - Finished :entry:default@CompileArkTS... after 823 ms 
[2026-09-15T14:27:21.874] [DEBUG] debug-file - Executing task :entry:default@GeneratePkgModuleJson
[2026-09-15T14:27:21.874] [DEBUG] debug-file - File: 'D:\CityUproject\CampusNavigation\RoomMarkerHarmony\entry\build\default\intermediates\preload\default\preload.json' from 'preloadSoJsonPath' is not exists, just ignore.
[2026-09-15T14:27:21.874] [DEBUG] debug-file - Error occurs while handling @Input 'shouldDeduplicateHar': The "data" argument must be of type string or an instance of Buffer, TypedArray, or DataView. Received undefined
[2026-09-15T14:27:21.874] [DEBUG] debug-file - Task 'entry:default@GeneratePkgModuleJson' cost while wrapping incremental declarations: 1 ms 
[2026-09-15T14:27:21.874] [DEBUG] debug-file - entry:default@GeneratePkgModuleJson is not up-to-date, since the input file 'D:\CityUproject\CampusNavigation\RoomMarkerHarmony\entry\build\default\intermediates\res\default\module.json' has been changed.
[2026-09-15T14:27:21.875] [DEBUG] debug-file - Incremental task entry:default@GeneratePkgModuleJson pre-execution cost: 1 ms .
[2026-09-15T14:27:21.875] [DEBUG] debug-file - entry : default@GeneratePkgModuleJson cost memory 0.2170867919921875
[2026-09-15T14:27:21.875] [DEBUG] debug-file - runTaskFromQueue task cost before running: 1 s 123 ms 
[2026-09-15T14:27:21.876] [INFO] debug-file - Finished :entry:default@GeneratePkgModuleJson... after 2 ms 
[2026-09-15T14:27:21.876] [DEBUG] debug-file - Executing task :entry:default@ProcessCompiledResources
[2026-09-15T14:27:21.876] [DEBUG] debug-file - File: 'D:\CityUproject\CampusNavigation\RoomMarkerHarmony\entry\build\default\intermediates\preload\default\preload.json' from 'preloadSoJsonPath' is not exists, just ignore.
[2026-09-15T14:27:21.876] [DEBUG] debug-file - Task 'entry:default@ProcessCompiledResources' cost while wrapping incremental declarations: 1 ms 
[2026-09-15T14:27:21.876] [DEBUG] debug-file - entry : default@ProcessCompiledResources cost memory 0.0672607421875
[2026-09-15T14:27:21.876] [DEBUG] debug-file - runTaskFromQueue task cost before running: 1 s 124 ms 
[2026-09-15T14:27:21.876] [INFO] debug-file - Finished :entry:default@ProcessCompiledResources... after 1 ms 
[2026-09-15T14:27:21.877] [DEBUG] debug-file - Executing task :entry:default@PackageHap
[2026-09-15T14:27:21.879] [DEBUG] debug-file - entry:default@PackageHap is not up-to-date, since the input file 'D:\CityUproject\CampusNavigation\RoomMarkerHarmony\entry\build\default\intermediates\res\default\module.json' has been changed.
[2026-09-15T14:27:21.879] [DEBUG] debug-file - Incremental task entry:default@PackageHap pre-execution cost: 2 ms .
[2026-09-15T14:27:21.879] [DEBUG] debug-file - Use tool [D:\DevEco\DevEco Studio\sdk\default\openharmony\toolchains\lib\app_packing_tool.jar]
 [
  'java',
  '-Dfile.encoding=GBK',
  '-jar',
  'D:\\DevEco\\DevEco Studio\\sdk\\default\\openharmony\\toolchains\\lib\\app_packing_tool.jar',
  '--mode',
  'hap',
  '--force',
  'true',
  '--lib-path',
  'D:\\CityUproject\\CampusNavigation\\RoomMarkerHarmony\\entry\\build\\default\\intermediates\\stripped_native_libs\\default',
  '--json-path',
  'D:\\CityUproject\\CampusNavigation\\RoomMarkerHarmony\\entry\\build\\default\\intermediates\\package\\default\\module.json',
  '--resources-path',
  'D:\\CityUproject\\CampusNavigation\\RoomMarkerHarmony\\entry\\build\\default\\intermediates\\res\\default\\resources',
  '--index-path',
  'D:\\CityUproject\\CampusNavigation\\RoomMarkerHarmony\\entry\\build\\default\\intermediates\\res\\default\\resources.index',
  '--pack-info-path',
  'D:\\CityUproject\\CampusNavigation\\RoomMarkerHarmony\\entry\\build\\default\\outputs\\default\\pack.info',
  '--out-path',
  'D:\\CityUproject\\CampusNavigation\\RoomMarkerHarmony\\entry\\build\\default\\outputs\\default\\entry-default-unsigned.hap',
  '--ets-path',
  'D:\\CityUproject\\CampusNavigation\\RoomMarkerHarmony\\entry\\build\\default\\intermediates\\loader_out\\default\\ets'
]
[2026-09-15T14:27:21.895] [DEBUG] debug-file - java daemon socket received message:{"code":0,"message":"pack success"}
[2026-09-15T14:27:21.897] [DEBUG] debug-file - entry : default@PackageHap cost memory -1.106475830078125
[2026-09-15T14:27:21.897] [DEBUG] debug-file - runTaskFromQueue task cost before running: 1 s 144 ms 
[2026-09-15T14:27:21.897] [INFO] debug-file - Finished :entry:default@PackageHap... after 20 ms 
[2026-09-15T14:27:21.898] [DEBUG] debug-file - Executing task :entry:default@PackingCheck
[2026-09-15T14:27:21.900] [DEBUG] debug-file - entry : default@PackingCheck cost memory 0.3345947265625
[2026-09-15T14:27:21.900] [DEBUG] debug-file - runTaskFromQueue task cost before running: 1 s 148 ms 
[2026-09-15T14:27:21.901] [INFO] debug-file - Finished :entry:default@PackingCheck... after 3 ms 
[2026-09-15T14:27:21.901] [DEBUG] debug-file - Executing task :entry:default@SignHap
[2026-09-15T14:27:21.902] [DEBUG] debug-file - entry:default@SignHap is not up-to-date, since the input file 'D:\CityUproject\CampusNavigation\RoomMarkerHarmony\entry\build\default\outputs\default\entry-default-unsigned.hap' has been changed.
[2026-09-15T14:27:21.902] [DEBUG] debug-file - Incremental task entry:default@SignHap pre-execution cost: 1 ms .
[2026-09-15T14:27:21.911] [DEBUG] debug-file - java daemon socket close code:1000 reason:close by user
[2026-09-15T14:27:21.922] [DEBUG] debug-file - java daemon socket received message:{"code":0,"message":"verify profile success"}
[2026-09-15T14:27:21.924] [DEBUG] debug-file - java daemon socket close code:1000 reason:close by user
[2026-09-15T14:27:21.977] [DEBUG] debug-file - java daemon socket received message:{"code":0,"message":"sign app success"}
[2026-09-15T14:27:21.978] [DEBUG] debug-file - entry : default@SignHap cost memory 0.5854339599609375
[2026-09-15T14:27:21.978] [DEBUG] debug-file - runTaskFromQueue task cost before running: 1 s 225 ms 
[2026-09-15T14:27:21.978] [INFO] debug-file - Finished :entry:default@SignHap... after 77 ms 
[2026-09-15T14:27:21.979] [DEBUG] debug-file - Executing task :entry:default@CollectDebugSymbol
[2026-09-15T14:27:21.980] [DEBUG] debug-file - entry : default@CollectDebugSymbol cost memory -1.4468002319335938
[2026-09-15T14:27:21.980] [DEBUG] debug-file - runTaskFromQueue task cost before running: 1 s 227 ms 
[2026-09-15T14:27:21.980] [INFO] debug-file - Finished :entry:default@CollectDebugSymbol... after 2 ms 
[2026-09-15T14:27:21.980] [DEBUG] debug-file - Executing task :entry:assembleHap
[2026-09-15T14:27:21.980] [DEBUG] debug-file - entry : assembleHap cost memory 0.0134735107421875
[2026-09-15T14:27:21.980] [DEBUG] debug-file - runTaskFromQueue task cost before running: 1 s 228 ms 
[2026-09-15T14:27:21.980] [INFO] debug-file - Finished :entry:assembleHap... after 1 ms 
[2026-09-15T14:27:21.988] [INFO] debug-file - BUILD SUCCESSFUL in 1 s 235 ms 
[2026-09-15T14:27:21.988] [DEBUG] debug-file - Update task entry:default@PreBuild input file:D:\CityUproject\CampusNavigation\RoomMarkerHarmony\AppScope\app.json5 cache by regenerate.
[2026-09-15T14:27:21.989] [DEBUG] debug-file - Update task entry:default@PreBuild input file:D:\CityUproject\CampusNavigation\RoomMarkerHarmony\entry\src\main\module.json5 cache from map.
[2026-09-15T14:27:21.989] [DEBUG] debug-file - Update task entry:default@PreBuild input file:D:\CityUproject\CampusNavigation\RoomMarkerHarmony\build-profile.json5 cache by regenerate.
[2026-09-15T14:27:21.989] [DEBUG] debug-file - Update task entry:default@PreBuild input file:D:\CityUproject\CampusNavigation\RoomMarkerHarmony\entry\build-profile.json5 cache by regenerate.
[2026-09-15T14:27:21.989] [DEBUG] debug-file - Update task entry:default@PreBuild input file:D:\CityUproject\CampusNavigation\RoomMarkerHarmony\entry\src\main\resources\base\profile\main_pages.json cache by regenerate.
[2026-09-15T14:27:21.989] [DEBUG] debug-file - Update task entry:default@PreBuild input file:D:\CityUproject\CampusNavigation\RoomMarkerHarmony\hvigor\hvigor-config.json5 cache by regenerate.
[2026-09-15T14:27:21.989] [DEBUG] debug-file - Update task entry:default@PreBuild input file:D:\CityUproject\CampusNavigation\RoomMarkerHarmony\entry\oh-package.json5 cache by regenerate.
[2026-09-15T14:27:21.989] [DEBUG] debug-file - Update task entry:default@PreBuild input file:D:\CityUproject\CampusNavigation\RoomMarkerHarmony\oh-package.json5 cache by regenerate.
[2026-09-15T14:27:21.990] [DEBUG] debug-file - Incremental task entry:default@PreBuild post-execution cost:2 ms .
[2026-09-15T14:27:21.990] [DEBUG] debug-file - Update task entry:default@CreateModuleInfo output file:D:\CityUproject\CampusNavigation\RoomMarkerHarmony\entry\build\default\generated\profile\default\ModuleInfo.ts cache.
[2026-09-15T14:27:21.990] [DEBUG] debug-file - Incremental task entry:default@CreateModuleInfo post-execution cost:1 ms .
[2026-09-15T14:27:21.990] [DEBUG] debug-file - Update task entry:default@GenerateMetadata input file:D:\CityUproject\CampusNavigation\RoomMarkerHarmony\entry\src\main\module.json5 cache from map.
[2026-09-15T14:27:21.990] [DEBUG] debug-file - Update task entry:default@GenerateMetadata output file:D:\CityUproject\CampusNavigation\RoomMarkerHarmony\entry\build\default\intermediates\hap_metadata\default\output_metadata.json cache.
[2026-09-15T14:27:21.990] [DEBUG] debug-file - Incremental task entry:default@GenerateMetadata post-execution cost:1 ms .
[2026-09-15T14:27:21.990] [DEBUG] debug-file - Update task entry:default@MergeProfile input file:D:\CityUproject\CampusNavigation\RoomMarkerHarmony\AppScope\app.json5 cache by regenerate.
[2026-09-15T14:27:21.990] [DEBUG] debug-file - Update task entry:default@MergeProfile input file:D:\CityUproject\CampusNavigation\RoomMarkerHarmony\build-profile.json5 cache by regenerate.
[2026-09-15T14:27:21.990] [DEBUG] debug-file - Update task entry:default@MergeProfile input file:D:\CityUproject\CampusNavigation\RoomMarkerHarmony\entry\src\main\module.json5 cache from map.
[2026-09-15T14:27:21.990] [DEBUG] debug-file - Update task entry:default@MergeProfile output file:D:\CityUproject\CampusNavigation\RoomMarkerHarmony\entry\build\default\intermediates\merge_profile\default\module.json cache.
[2026-09-15T14:27:21.991] [DEBUG] debug-file - Incremental task entry:default@MergeProfile post-execution cost:1 ms .
[2026-09-15T14:27:21.991] [DEBUG] debug-file - There is no need to refresh cache, since the incremental task entry:default@CreateBuildProfile is up-to-date.
[2026-09-15T14:27:21.991] [DEBUG] debug-file - Update task entry:default@GeneratePkgContextInfo output file:D:\CityUproject\CampusNavigation\RoomMarkerHarmony\entry\build\default\intermediates\loader\default\pkgContextInfo.json cache.
[2026-09-15T14:27:21.991] [DEBUG] debug-file - Incremental task entry:default@GeneratePkgContextInfo post-execution cost:1 ms .
[2026-09-15T14:27:21.991] [DEBUG] debug-file - Update task entry:default@ProcessIntegratedHsp output file:D:\CityUproject\CampusNavigation\RoomMarkerHarmony\build\cache\default\integrated_hsp\integratedHspCache.json cache.
[2026-09-15T14:27:21.991] [DEBUG] debug-file - Incremental task entry:default@ProcessIntegratedHsp post-execution cost:1 ms .
[2026-09-15T14:27:21.991] [DEBUG] debug-file - Update task entry:default@MakePackInfo input file:D:\CityUproject\CampusNavigation\RoomMarkerHarmony\AppScope\app.json5 cache by regenerate.
[2026-09-15T14:27:21.991] [DEBUG] debug-file - Update task entry:default@MakePackInfo input file:D:\CityUproject\CampusNavigation\RoomMarkerHarmony\entry\src\main\module.json5 cache from map.
[2026-09-15T14:27:21.991] [DEBUG] debug-file - Update task entry:default@MakePackInfo input file:D:\CityUproject\CampusNavigation\RoomMarkerHarmony\build-profile.json5 cache by regenerate.
[2026-09-15T14:27:21.991] [DEBUG] debug-file - Update task entry:default@MakePackInfo output file:D:\CityUproject\CampusNavigation\RoomMarkerHarmony\entry\build\default\outputs\default\pack.info cache.
[2026-09-15T14:27:21.992] [DEBUG] debug-file - Incremental task entry:default@MakePackInfo post-execution cost:1 ms .
[2026-09-15T14:27:21.992] [DEBUG] debug-file - Update task entry:default@SyscapTransform input file:D:\DevEco\DevEco Studio\sdk\default\openharmony\toolchains\syscap_tool.exe cache by regenerate.
[2026-09-15T14:27:21.992] [DEBUG] debug-file - Update task entry:default@SyscapTransform input file:D:\DevEco\DevEco Studio\sdk\default\openharmony\ets\api\device-define cache by regenerate.
[2026-09-15T14:27:21.993] [DEBUG] debug-file - Update task entry:default@SyscapTransform output file:D:\CityUproject\CampusNavigation\RoomMarkerHarmony\entry\build\default\intermediates\syscap\default\rpcid.sc cache.
[2026-09-15T14:27:21.993] [DEBUG] debug-file - Incremental task entry:default@SyscapTransform post-execution cost:2 ms .
[2026-09-15T14:27:21.993] [DEBUG] debug-file - Update task entry:default@ProcessProfile input file:D:\CityUproject\CampusNavigation\RoomMarkerHarmony\entry\build\default\intermediates\merge_profile\default\module.json cache from map.
[2026-09-15T14:27:21.993] [DEBUG] debug-file - Update task entry:default@ProcessProfile output file:D:\CityUproject\CampusNavigation\RoomMarkerHarmony\entry\build\default\intermediates\process_profile\default\module.json cache.
[2026-09-15T14:27:21.993] [DEBUG] debug-file - Incremental task entry:default@ProcessProfile post-execution cost:1 ms .
[2026-09-15T14:27:21.993] [DEBUG] debug-file - Update task entry:default@ProcessRouterMap input file:D:\CityUproject\CampusNavigation\RoomMarkerHarmony\entry\oh-package.json5 cache by regenerate.
[2026-09-15T14:27:21.993] [DEBUG] debug-file - Update task entry:default@ProcessRouterMap input file:D:\CityUproject\CampusNavigation\RoomMarkerHarmony\oh-package.json5 cache by regenerate.
[2026-09-15T14:27:21.993] [DEBUG] debug-file - Update task entry:default@ProcessRouterMap input file:D:\CityUproject\CampusNavigation\RoomMarkerHarmony\entry\src\main\module.json5 cache from map.
[2026-09-15T14:27:21.993] [DEBUG] debug-file - Update task entry:default@ProcessRouterMap output file:D:\CityUproject\CampusNavigation\RoomMarkerHarmony\entry\build\default\intermediates\router_map\default\temp-router-map.json cache.
[2026-09-15T14:27:21.994] [DEBUG] debug-file - Update task entry:default@ProcessRouterMap output file:D:\CityUproject\CampusNavigation\RoomMarkerHarmony\entry\build\default\intermediates\router_map\default\loader-router-map.json cache.
[2026-09-15T14:27:21.994] [DEBUG] debug-file - Incremental task entry:default@ProcessRouterMap post-execution cost:1 ms .
[2026-09-15T14:27:21.994] [DEBUG] debug-file - Update task entry:default@ProcessShareConfig input file:D:\CityUproject\CampusNavigation\RoomMarkerHarmony\entry\oh-package.json5 cache by regenerate.
[2026-09-15T14:27:21.994] [DEBUG] debug-file - Update task entry:default@ProcessShareConfig input file:D:\CityUproject\CampusNavigation\RoomMarkerHarmony\oh-package.json5 cache by regenerate.
[2026-09-15T14:27:21.994] [DEBUG] debug-file - Update task entry:default@ProcessShareConfig input file:D:\CityUproject\CampusNavigation\RoomMarkerHarmony\entry\src\main\module.json5 cache from map.
[2026-09-15T14:27:21.994] [DEBUG] debug-file - Update task entry:default@ProcessShareConfig output file:D:\CityUproject\CampusNavigation\RoomMarkerHarmony\entry\build\default\intermediates\share_config\default\temp-share-config.json cache.
[2026-09-15T14:27:21.994] [DEBUG] debug-file - Incremental task entry:default@ProcessShareConfig post-execution cost:1 ms .
[2026-09-15T14:27:21.994] [DEBUG] debug-file - Update task entry:default@ProcessStartupConfig output file:D:\CityUproject\CampusNavigation\RoomMarkerHarmony\entry\build\default\intermediates\startup\default\startup_config.json cache.
[2026-09-15T14:27:21.995] [DEBUG] debug-file - Incremental task entry:default@ProcessStartupConfig post-execution cost:1 ms .
[2026-09-15T14:27:21.995] [DEBUG] debug-file - There is no need to refresh cache, since the incremental task entry:default@ProcessResource is up-to-date.
[2026-09-15T14:27:21.995] [DEBUG] debug-file - Update task entry:default@GenerateLoaderJson input file:D:\CityUproject\CampusNavigation\RoomMarkerHarmony\entry\build\default\intermediates\router_map\default\temp-router-map.json cache from map.
[2026-09-15T14:27:21.995] [DEBUG] debug-file - Update task entry:default@GenerateLoaderJson output file:D:\CityUproject\CampusNavigation\RoomMarkerHarmony\entry\build\default\intermediates\loader\default\loader.json cache.
[2026-09-15T14:27:21.995] [DEBUG] debug-file - Incremental task entry:default@GenerateLoaderJson post-execution cost:1 ms .
[2026-09-15T14:27:21.995] [DEBUG] debug-file - There is no need to refresh cache, since the incremental task entry:default@ProcessLibs is up-to-date.
[2026-09-15T14:27:21.996] [DEBUG] debug-file - Update task entry:default@CompileResource input file:D:\CityUproject\CampusNavigation\RoomMarkerHarmony\entry\src\main\resources cache from map.
[2026-09-15T14:27:21.996] [DEBUG] debug-file - Update task entry:default@CompileResource input file:D:\CityUproject\CampusNavigation\RoomMarkerHarmony\AppScope\resources cache by regenerate.
[2026-09-15T14:27:21.997] [DEBUG] debug-file - Update task entry:default@CompileResource input file:D:\CityUproject\CampusNavigation\RoomMarkerHarmony\entry\build\default\intermediates\process_profile\default\module.json cache by regenerate.
[2026-09-15T14:27:21.997] [DEBUG] debug-file - Update task entry:default@CompileResource input file:D:\CityUproject\CampusNavigation\RoomMarkerHarmony\entry\build\default\intermediates\res\default\resConfig.json cache by regenerate.
[2026-09-15T14:27:21.997] [DEBUG] debug-file - Update task entry:default@CompileResource output file:D:\CityUproject\CampusNavigation\RoomMarkerHarmony\entry\build\default\intermediates\res\default cache.
[2026-09-15T14:27:21.999] [DEBUG] debug-file - Update task entry:default@CompileResource output file:D:\CityUproject\CampusNavigation\RoomMarkerHarmony\entry\build\default\generated\r\default\ResourceTable.h cache.
[2026-09-15T14:27:22.000] [DEBUG] debug-file - Update task entry:default@CompileResource output file:D:\CityUproject\CampusNavigation\RoomMarkerHarmony\entry\build\default\generated\r\default cache.
[2026-09-15T14:27:22.000] [DEBUG] debug-file - Incremental task entry:default@CompileResource post-execution cost:5 ms .
[2026-09-15T14:27:22.000] [DEBUG] debug-file - There is no need to refresh cache, since the incremental task entry:default@DoNativeStrip is up-to-date.
[2026-09-15T14:27:22.001] [DEBUG] debug-file - Update task entry:default@CompileArkTS input file:D:\CityUproject\CampusNavigation\RoomMarkerHarmony\entry\build\default\intermediates\loader\default cache from map.
[2026-09-15T14:27:22.001] [DEBUG] debug-file - Update task entry:default@CompileArkTS input file:D:\CityUproject\CampusNavigation\RoomMarkerHarmony\entry\build\default\intermediates\res\default\ResourceTable.txt cache by regenerate.
[2026-09-15T14:27:22.001] [DEBUG] debug-file - Update task entry:default@CompileArkTS input file:D:\CityUproject\CampusNavigation\RoomMarkerHarmony\entry\build\default\intermediates\res\default\ark_module.json cache by regenerate.
[2026-09-15T14:27:22.001] [DEBUG] debug-file - Update task entry:default@CompileArkTS input file:D:\CityUproject\CampusNavigation\RoomMarkerHarmony\entry\build\default\intermediates\res\default\resources\base\profile cache by regenerate.
[2026-09-15T14:27:22.001] [DEBUG] debug-file - Update task entry:default@CompileArkTS input file:D:\CityUproject\CampusNavigation\RoomMarkerHarmony\entry\src\main\ets cache by regenerate.
[2026-09-15T14:27:22.003] [DEBUG] debug-file - Update task entry:default@CompileArkTS input file:D:\CityUproject\CampusNavigation\RoomMarkerHarmony\entry\build\default\generated\profile\default\BuildProfile.ets cache by regenerate.
[2026-09-15T14:27:22.003] [DEBUG] debug-file - Update task entry:default@CompileArkTS output file:D:\CityUproject\CampusNavigation\RoomMarkerHarmony\entry\build\default\intermediates\loader_out\default\ets cache.
[2026-09-15T14:27:22.004] [DEBUG] debug-file - Incremental task entry:default@CompileArkTS post-execution cost:4 ms .
[2026-09-15T14:27:22.004] [DEBUG] debug-file - Update task entry:default@BuildJS input file:D:\CityUproject\CampusNavigation\RoomMarkerHarmony\entry\build\default\intermediates\loader\default cache by regenerate.
[2026-09-15T14:27:22.005] [DEBUG] debug-file - Update task entry:default@BuildJS input file:D:\CityUproject\CampusNavigation\RoomMarkerHarmony\entry\build\default\intermediates\res\default\ResourceTable.txt cache by regenerate.
[2026-09-15T14:27:22.005] [DEBUG] debug-file - Update task entry:default@BuildJS input file:D:\CityUproject\CampusNavigation\RoomMarkerHarmony\entry\build\default\intermediates\res\default\ark_module.json cache by regenerate.
[2026-09-15T14:27:22.005] [DEBUG] debug-file - Update task entry:default@BuildJS input file:D:\CityUproject\CampusNavigation\RoomMarkerHarmony\entry\build\default\intermediates\res\default\resources\base\profile cache by regenerate.
[2026-09-15T14:27:22.005] [DEBUG] debug-file - Update task entry:default@BuildJS output file:D:\CityUproject\CampusNavigation\RoomMarkerHarmony\entry\build\default\intermediates\loader_out\default\js cache.
[2026-09-15T14:27:22.005] [DEBUG] debug-file - Incremental task entry:default@BuildJS post-execution cost:2 ms .
[2026-09-15T14:27:22.005] [DEBUG] debug-file - There is no need to refresh cache, since the incremental task entry:default@CacheNativeLibs is up-to-date.
[2026-09-15T14:27:22.005] [DEBUG] debug-file - Update task entry:default@GeneratePkgModuleJson input file:D:\CityUproject\CampusNavigation\RoomMarkerHarmony\entry\build\default\intermediates\res\default\module.json cache from map.
[2026-09-15T14:27:22.005] [DEBUG] debug-file - Update task entry:default@GeneratePkgModuleJson output file:D:\CityUproject\CampusNavigation\RoomMarkerHarmony\entry\build\default\intermediates\package\default\module.json cache.
[2026-09-15T14:27:22.006] [DEBUG] debug-file - Incremental task entry:default@GeneratePkgModuleJson post-execution cost:1 ms .
[2026-09-15T14:27:22.006] [DEBUG] debug-file - Incremental task entry:default@ProcessCompiledResources post-execution cost:1 ms .
[2026-09-15T14:27:22.006] [DEBUG] debug-file - Update task entry:default@PackageHap input file:D:\CityUproject\CampusNavigation\RoomMarkerHarmony\entry\build\default\intermediates\stripped_native_libs\default cache by regenerate.
[2026-09-15T14:27:22.006] [DEBUG] debug-file - Update task entry:default@PackageHap input file:D:\CityUproject\CampusNavigation\RoomMarkerHarmony\entry\build\default\intermediates\res\default\module.json cache from map.
[2026-09-15T14:27:22.006] [DEBUG] debug-file - Update task entry:default@PackageHap input file:D:\CityUproject\CampusNavigation\RoomMarkerHarmony\entry\build\default\intermediates\res\default\resources cache by regenerate.
[2026-09-15T14:27:22.007] [DEBUG] debug-file - Update task entry:default@PackageHap input file:D:\CityUproject\CampusNavigation\RoomMarkerHarmony\entry\build\default\intermediates\res\default\resources.index cache by regenerate.
[2026-09-15T14:27:22.007] [DEBUG] debug-file - Update task entry:default@PackageHap input file:D:\CityUproject\CampusNavigation\RoomMarkerHarmony\entry\build\default\outputs\default\pack.info cache by regenerate.
[2026-09-15T14:27:22.007] [DEBUG] debug-file - Update task entry:default@PackageHap input file:D:\CityUproject\CampusNavigation\RoomMarkerHarmony\entry\build\default\intermediates\loader_out\default\ets cache by regenerate.
[2026-09-15T14:27:22.008] [DEBUG] debug-file - Update task entry:default@PackageHap input file:D:\CityUproject\CampusNavigation\RoomMarkerHarmony\entry\build\default\intermediates\loader_out\default\ets\sourceMaps.map cache by regenerate.
[2026-09-15T14:27:22.008] [DEBUG] debug-file - Update task entry:default@PackageHap input file:D:\CityUproject\CampusNavigation\RoomMarkerHarmony\entry\build\default\generated\profile\default\BuildProfile.ets cache by regenerate.
[2026-09-15T14:27:22.008] [DEBUG] debug-file - Update task entry:default@PackageHap output file:D:\CityUproject\CampusNavigation\RoomMarkerHarmony\entry\build\default\outputs\default\entry-default-unsigned.hap cache.
[2026-09-15T14:27:22.008] [DEBUG] debug-file - Update task entry:default@PackageHap output file:D:\CityUproject\CampusNavigation\RoomMarkerHarmony\entry\build\default\intermediates\source_map\default\sourceMaps.map cache.
[2026-09-15T14:27:22.008] [DEBUG] debug-file - Update task entry:default@PackageHap output file:D:\CityUproject\CampusNavigation\RoomMarkerHarmony\entry\build\default\outputs\default\mapping\sourceMaps.map cache.
[2026-09-15T14:27:22.008] [DEBUG] debug-file - Incremental task entry:default@PackageHap post-execution cost:3 ms .
[2026-09-15T14:27:22.009] [DEBUG] debug-file - Update task entry:default@SignHap input file:C:\Users\23285\.ohos\config\default_RoomMarkerHarmony_8-UkI_-5Ml4C9rZHTmYgpVvtR64Q_NJI_7h33KFhWh0=.cer cache by regenerate.
[2026-09-15T14:27:22.009] [DEBUG] debug-file - Update task entry:default@SignHap input file:C:\Users\23285\.ohos\config\default_RoomMarkerHarmony_8-UkI_-5Ml4C9rZHTmYgpVvtR64Q_NJI_7h33KFhWh0=.p7b cache by regenerate.
[2026-09-15T14:27:22.009] [DEBUG] debug-file - Update task entry:default@SignHap input file:C:\Users\23285\.ohos\config\default_RoomMarkerHarmony_8-UkI_-5Ml4C9rZHTmYgpVvtR64Q_NJI_7h33KFhWh0=.p12 cache by regenerate.
[2026-09-15T14:27:22.009] [DEBUG] debug-file - Update task entry:default@SignHap input file:D:\CityUproject\CampusNavigation\RoomMarkerHarmony\entry\build\default\outputs\default\entry-default-unsigned.hap cache from map.
[2026-09-15T14:27:22.009] [DEBUG] debug-file - Update task entry:default@SignHap output file:D:\CityUproject\CampusNavigation\RoomMarkerHarmony\entry\build\default\outputs\default\entry-default-signed.hap cache.
[2026-09-15T14:27:22.009] [DEBUG] debug-file - Incremental task entry:default@SignHap post-execution cost:1 ms .
[2026-09-15T14:27:22.009] [DEBUG] debug-file - Update task entry:default@CollectDebugSymbol input file:D:\CityUproject\CampusNavigation\RoomMarkerHarmony\entry\build\default\intermediates\loader_out\default\ets\sourceMaps.map cache by regenerate.
[2026-09-15T14:27:22.009] [DEBUG] debug-file - Update task entry:default@CollectDebugSymbol input file:D:\CityUproject\CampusNavigation\RoomMarkerHarmony\entry\build\default\intermediates\libs\default cache by regenerate.
[2026-09-15T14:27:22.010] [DEBUG] debug-file - Update task entry:default@CollectDebugSymbol output file:D:\CityUproject\CampusNavigation\RoomMarkerHarmony\entry\build\default\outputs\default\symbol cache.
[2026-09-15T14:27:22.010] [DEBUG] debug-file - Incremental task entry:default@CollectDebugSymbol post-execution cost:1 ms .
[2026-09-15T14:27:22.024] [DEBUG] debug-file - Cleanup worker 14.
[2026-09-15T14:27:22.024] [DEBUG] debug-file - Worker 14 has been cleaned up.
[2026-09-15T14:27:22.024] [DEBUG] debug-file - Current idle worker size: 1.
[2026-09-15T14:27:22.024] [DEBUG] debug-file - Current resident worker size: 2.
[2026-09-15T14:27:22.024] [DEBUG] debug-file - hvigor build process will be closed.
[2026-09-15T14:27:22.024] [DEBUG] debug-file - java daemon socket close code:1000 reason:close by user
[2026-09-15T14:27:22.028] [DEBUG] debug-file - session manager: send message to worker process.
[2026-09-15T14:27:22.028] [DEBUG] debug-file - session manager: send message to worker process.
[2026-09-15T14:27:22.027] [DEBUG] debug-file - watch worker: worker id should be larger than 0. Nothing will be sent to any worker thread.
[2026-09-15T14:27:22.028] [DEBUG] debug-file - watch worker: worker id should be larger than 0. Nothing will be sent to any worker thread.
[2026-09-15T14:27:22.030] [DEBUG] debug-file - worker[14] exits with exit code 1.
[2026-09-16T08:57:54.837] [DEBUG] debug-file - java daemon tryConnect failed Error: connect ECONNREFUSED 127.0.0.1:45050
[2026-09-16T08:57:54.867] [DEBUG] debug-file - java daemon started at port 45050 pid 14600
[2026-09-16T08:57:53.219] [DEBUG] debug-file - env: nodejsVersion=v18.20.1
[2026-09-16T08:57:53.324] [DEBUG] debug-file - env: daemon=true
[2026-09-16T08:57:53.219] [DEBUG] debug-file - env: hvigor-config.json5 content = { modelVersion: '6.0.1', dependencies: {} }
[2026-09-16T08:57:56.042] [DEBUG] debug-file - session manager: set active socket. socketId=GsoH0_LrkYGV1wVzAAAB
[2026-09-16T08:57:56.050] [DEBUG] debug-file - watch worker: worker id should be larger than 0. Nothing will be sent to any worker thread.
[2026-09-16T08:57:56.057] [DEBUG] debug-file - Hvigor init with startParameters:{
  hvigorfileTypeCheck: false,
  parallelExecution: true,
  incrementalExecution: true,
  printStackTrace: false,
  daemon: true,
  analyze: 0,
  logLevel: Level { level: 20000, levelStr: 'INFO', colour: 'green' },
  optimizationStrategy: 'memory',
  hotCompile: undefined,
  hotReloadBuild: undefined
}
[2026-09-16T08:57:56.072] [DEBUG] debug-file - Cache service initialization finished in 14 ms 
[2026-09-16T08:57:56.073] [DEBUG] debug-file - hvigorfile, resolving D:\CityUproject\CampusNavigation\RoomMarkerHarmony\hvigorfile.ts
[2026-09-16T08:58:08.440] [DEBUG] debug-file - hvigorfile, require result:  { default: {} }
[2026-09-16T08:58:08.441] [DEBUG] debug-file - hvigorfile, binding system plugins null
[2026-09-16T08:58:08.580] [DEBUG] debug-file - Start initialize project's product build option map with build mode debug.
[2026-09-16T08:58:08.580] [DEBUG] debug-file - Picking option from product 'default' with build mode 'debug'.
[2026-09-16T08:58:08.580] [DEBUG] debug-file - Product 'default' build option initialized
[2026-09-16T08:58:08.580] [DEBUG] debug-file - End initialize project's product build option map with build mode 'debug'.
[2026-09-16T08:58:08.582] [DEBUG] debug-file - Obtain build option for product 'default'in this build.
[2026-09-16T08:58:08.587] [DEBUG] debug-file - D:\CityUproject\CampusNavigation\RoomMarkerHarmony\build\cache\default\remote_hsp\remoteHspCache.json not exists.
[2026-09-16T08:58:08.593] [DEBUG] debug-file - Local scan or download HarmonyOS sdk components toolchains,ets,js,native,previewer
[2026-09-16T08:58:08.595] [DEBUG] debug-file - Local scan or download hmscore sdk components toolchains,ets,native
[2026-09-16T08:58:08.597] [DEBUG] debug-file - Start recording SDK configuration permission data.
[2026-09-16T08:58:08.632] [DEBUG] debug-file - Sdk init in 40 ms 
[2026-09-16T08:58:08.636] [DEBUG] debug-file - Project task initialization takes 3 ms 
[2026-09-16T08:58:08.636] [DEBUG] debug-file - hvigorfile, binding custom plugins undefined
[2026-09-16T08:58:08.636] [DEBUG] debug-file - hvigorfile, no custom plugins were found in D:\CityUproject\CampusNavigation\RoomMarkerHarmony\hvigorfile.ts
[2026-09-16T08:58:08.636] [DEBUG] debug-file - hvigorfile, resolve finished D:\CityUproject\CampusNavigation\RoomMarkerHarmony\hvigorfile.ts
[2026-09-16T08:58:08.637] [DEBUG] debug-file - hvigorfile, resolving D:\CityUproject\CampusNavigation\RoomMarkerHarmony\entry\hvigorfile.ts
[2026-09-16T08:58:08.645] [DEBUG] debug-file - hvigorfile, require result:  { default: {} }
[2026-09-16T08:58:08.646] [DEBUG] debug-file - hvigorfile, binding system plugins null
[2026-09-16T08:58:08.646] [DEBUG] debug-file - failed to load cangjie to dynamically generate schemas: Error: Cannot find module '@ohos/cangjie-build-support/index'
Require stack:
- D:\DevEco\DevEco Studio\tools\hvigor\hvigor-ohos-plugin\src\plugin\factory\plugin-factory.js
- D:\DevEco\DevEco Studio\tools\hvigor\hvigor-ohos-plugin\index.js
- D:\CityUproject\CampusNavigation\RoomMarkerHarmony\hvigorfile.ts
- D:\DevEco\DevEco Studio\tools\hvigor\hvigor\src\base\internal\lifecycle\configuration.js
- D:\DevEco\DevEco Studio\tools\hvigor\hvigor\src\base\boot\index.js
- D:\DevEco\DevEco Studio\tools\hvigor\hvigor\src\base\daemon\cluster\worker-process-lifecycle.js
- D:\DevEco\DevEco Studio\tools\hvigor\hvigor\src\base\daemon\process\daemon-process-boot-script.js
[2026-09-16T08:58:08.655] [DEBUG] debug-file - Start initialize module-target build option map, moduleName=entry, buildMode=debug
[2026-09-16T08:58:08.656] [DEBUG] debug-file - Target 'default' config initialized
[2026-09-16T08:58:08.656] [DEBUG] debug-file - Module 'entry' target 'default' build option initialized
[2026-09-16T08:58:08.656] [DEBUG] debug-file - End initialize module-target build option map, moduleName=entry
[2026-09-16T08:58:08.656] [DEBUG] debug-file - Start initialize module-target build option map, moduleName=entry, buildMode=release
[2026-09-16T08:58:08.656] [DEBUG] debug-file - Target 'default' config initialized
[2026-09-16T08:58:08.656] [DEBUG] debug-file - Module 'entry' target 'default' build option initialized
[2026-09-16T08:58:08.657] [DEBUG] debug-file - End initialize module-target build option map, moduleName=entry
[2026-09-16T08:58:08.657] [DEBUG] debug-file - Start initialize module-target build option map, moduleName=entry, buildMode=debug
[2026-09-16T08:58:08.657] [DEBUG] debug-file - Target 'default' config initialized
[2026-09-16T08:58:08.657] [DEBUG] debug-file - Module 'entry' target 'default' build option initialized
[2026-09-16T08:58:08.657] [DEBUG] debug-file - End initialize module-target build option map, moduleName=entry
[2026-09-16T08:58:08.657] [DEBUG] debug-file - Obtain build option for module 'entry' target 'default'in this build.
[2026-09-16T08:58:08.660] [DEBUG] debug-file - Module entry task initialization takes 3 ms 
[2026-09-16T08:58:08.661] [DEBUG] debug-file - hvigorfile, binding custom plugins undefined
[2026-09-16T08:58:08.661] [DEBUG] debug-file - hvigorfile, no custom plugins were found in D:\CityUproject\CampusNavigation\RoomMarkerHarmony\entry\hvigorfile.ts
[2026-09-16T08:58:08.661] [DEBUG] debug-file - hvigorfile, resolve finished D:\CityUproject\CampusNavigation\RoomMarkerHarmony\entry\hvigorfile.ts
[2026-09-16T08:58:08.671] [DEBUG] debug-file - hvigorfile, resolve hvigorfile dependencies in 10 ms 
[2026-09-16T08:58:08.671] [DEBUG] debug-file - project has submodules:entry
[2026-09-16T08:58:08.672] [DEBUG] debug-file - start to load updatedOhPackageInfo to the disk
[2026-09-16T08:58:08.676] [DEBUG] debug-file - load to the disk finished
[2026-09-16T08:58:08.677] [DEBUG] debug-file - Start to initialize dependency information.
[2026-09-16T08:58:08.678] [DEBUG] debug-file - Module RoomMarkerHarmony Collected Dependency: 
[2026-09-16T08:58:08.679] [DEBUG] debug-file - Module RoomMarkerHarmony's total dependency: 0
[2026-09-16T08:58:08.679] [DEBUG] debug-file - Start to initialize dependency information.
[2026-09-16T08:58:08.681] [DEBUG] debug-file - Module entry Collected Dependency: 
[2026-09-16T08:58:08.681] [DEBUG] debug-file - Module entry's total dependency: 0
[2026-09-16T08:58:08.684] [DEBUG] debug-file - Configuration phase cost:12 s 612 ms 
[2026-09-16T08:58:08.685] [DEBUG] debug-file - Configuration task cost before running: 12 s 633 ms 
[2026-09-16T08:58:08.689] [DEBUG] debug-file - Executing task :entry:default@PreBuild
[2026-09-16T08:58:08.690] [DEBUG] debug-file - Task 'entry:default@PreBuild' cost while wrapping incremental declarations: 1 ms 
[2026-09-16T08:58:08.697] [DEBUG] debug-file - Incremental task entry:default@PreBuild pre-execution cost: 5 ms .
[2026-09-16T08:58:08.697] [DEBUG] debug-file - entry : default@PreBuild cost memory 0.44780731201171875
[2026-09-16T08:58:08.698] [INFO] debug-file - UP-TO-DATE :entry:default@PreBuild...  
[2026-09-16T08:58:08.699] [DEBUG] debug-file - Executing task :entry:default@CreateModuleInfo
[2026-09-16T08:58:08.699] [DEBUG] debug-file - Task 'entry:default@CreateModuleInfo' cost while wrapping incremental declarations: 1 ms 
[2026-09-16T08:58:08.699] [DEBUG] debug-file - entry : default@CreateModuleInfo cost memory 0.05115509033203125
[2026-09-16T08:58:08.700] [DEBUG] debug-file - runTaskFromQueue task cost before running: 12 s 647 ms 
[2026-09-16T08:58:08.700] [INFO] debug-file - Finished :entry:default@CreateModuleInfo... after 1 ms 
[2026-09-16T08:58:08.702] [DEBUG] debug-file - Executing task :entry:default@GenerateMetadata
[2026-09-16T08:58:08.702] [DEBUG] debug-file - Task 'entry:default@GenerateMetadata' cost while wrapping incremental declarations: 1 ms 
[2026-09-16T08:58:08.703] [DEBUG] debug-file - Incremental task entry:default@GenerateMetadata pre-execution cost: 1 ms .
[2026-09-16T08:58:08.703] [DEBUG] debug-file - entry : default@GenerateMetadata cost memory 0.10634613037109375
[2026-09-16T08:58:08.703] [INFO] debug-file - UP-TO-DATE :entry:default@GenerateMetadata...  
[2026-09-16T08:58:08.704] [DEBUG] debug-file - Executing task :entry:default@ConfigureCmake
[2026-09-16T08:58:08.704] [DEBUG] debug-file - entry : default@ConfigureCmake cost memory 0.01969146728515625
[2026-09-16T08:58:08.704] [DEBUG] debug-file - runTaskFromQueue task cost before running: 12 s 651 ms 
[2026-09-16T08:58:08.704] [INFO] debug-file - Finished :entry:default@ConfigureCmake... after 1 ms 
[2026-09-16T08:58:08.705] [DEBUG] debug-file - Executing task :entry:default@MergeProfile
[2026-09-16T08:58:08.705] [DEBUG] debug-file - Task 'entry:default@MergeProfile' cost while wrapping incremental declarations: 1 ms 
[2026-09-16T08:58:08.707] [DEBUG] debug-file - Incremental task entry:default@MergeProfile pre-execution cost: 2 ms .
[2026-09-16T08:58:08.707] [DEBUG] debug-file - entry : default@MergeProfile cost memory 0.161895751953125
[2026-09-16T08:58:08.707] [INFO] debug-file - UP-TO-DATE :entry:default@MergeProfile...  
[2026-09-16T08:58:08.707] [DEBUG] debug-file - Executing task :entry:default@CreateBuildProfile
[2026-09-16T08:58:08.708] [DEBUG] debug-file - Task 'entry:default@CreateBuildProfile' cost while wrapping incremental declarations: 1 ms 
[2026-09-16T08:58:08.709] [DEBUG] debug-file - Incremental task entry:default@CreateBuildProfile pre-execution cost: 1 ms .
[2026-09-16T08:58:08.709] [DEBUG] debug-file - entry : default@CreateBuildProfile cost memory 0.109405517578125
[2026-09-16T08:58:08.709] [INFO] debug-file - UP-TO-DATE :entry:default@CreateBuildProfile...  
[2026-09-16T08:58:08.709] [DEBUG] debug-file - Executing task :entry:default@PreCheckSyscap
[2026-09-16T08:58:08.710] [DEBUG] debug-file - entry : default@PreCheckSyscap cost memory 0.01634979248046875
[2026-09-16T08:58:08.710] [DEBUG] debug-file - runTaskFromQueue task cost before running: 12 s 657 ms 
[2026-09-16T08:58:08.710] [INFO] debug-file - Finished :entry:default@PreCheckSyscap... after 1 ms 
[2026-09-16T08:58:08.711] [DEBUG] debug-file - Executing task :entry:default@GeneratePkgContextInfo
[2026-09-16T08:58:08.716] [DEBUG] debug-file - Task 'entry:default@GeneratePkgContextInfo' cost while wrapping incremental declarations: 1 ms 
[2026-09-16T08:58:08.716] [DEBUG] debug-file - entry : default@GeneratePkgContextInfo cost memory 0.31729888916015625
[2026-09-16T08:58:08.716] [DEBUG] debug-file - runTaskFromQueue task cost before running: 12 s 663 ms 
[2026-09-16T08:58:08.716] [INFO] debug-file - Finished :entry:default@GeneratePkgContextInfo... after 6 ms 
[2026-09-16T08:58:08.718] [DEBUG] debug-file - Executing task :entry:default@ProcessIntegratedHsp
[2026-09-16T08:58:08.719] [DEBUG] debug-file - entry:default@ProcessIntegratedHsp is not up-to-date, since the output file 'D:\CityUproject\CampusNavigation\RoomMarkerHarmony\build\cache\default\integrated_hsp\integratedHspCache.json' does not exist.
[2026-09-16T08:58:08.719] [DEBUG] debug-file - Incremental task entry:default@ProcessIntegratedHsp pre-execution cost: 1 ms .
[2026-09-16T08:58:08.719] [DEBUG] debug-file - entry : default@ProcessIntegratedHsp cost memory 0.0652618408203125
[2026-09-16T08:58:08.719] [DEBUG] debug-file - runTaskFromQueue task cost before running: 12 s 666 ms 
[2026-09-16T08:58:08.719] [INFO] debug-file - Finished :entry:default@ProcessIntegratedHsp... after 1 ms 
[2026-09-16T08:58:08.720] [DEBUG] debug-file - Executing task :entry:default@BuildNativeWithCmake
[2026-09-16T08:58:08.720] [DEBUG] debug-file - entry : default@BuildNativeWithCmake cost memory 0.02101898193359375
[2026-09-16T08:58:08.720] [DEBUG] debug-file - runTaskFromQueue task cost before running: 12 s 667 ms 
[2026-09-16T08:58:08.720] [INFO] debug-file - Finished :entry:default@BuildNativeWithCmake... after 1 ms 
[2026-09-16T08:58:08.721] [DEBUG] debug-file - Executing task :entry:default@MakePackInfo
[2026-09-16T08:58:08.722] [DEBUG] debug-file - Incremental task entry:default@MakePackInfo pre-execution cost: 2 ms .
[2026-09-16T08:58:08.722] [DEBUG] debug-file - entry : default@MakePackInfo cost memory 0.13463592529296875
[2026-09-16T08:58:08.722] [INFO] debug-file - UP-TO-DATE :entry:default@MakePackInfo...  
[2026-09-16T08:58:08.723] [DEBUG] debug-file - Executing task :entry:default@SyscapTransform
[2026-09-16T08:58:08.723] [DEBUG] debug-file - File: 'D:\CityUproject\CampusNavigation\RoomMarkerHarmony\entry\src\main\syscap.json' from 'sysCapJsonPath' is not exists, just ignore.
[2026-09-16T08:58:08.724] [DEBUG] debug-file - Task 'entry:default@SyscapTransform' cost while wrapping incremental declarations: 1 ms 
[2026-09-16T08:58:08.733] [DEBUG] debug-file - entry:default@SyscapTransform is not up-to-date, since the output file 'D:\CityUproject\CampusNavigation\RoomMarkerHarmony\entry\build\default\intermediates\syscap\default\rpcid.sc' does not exist.
[2026-09-16T08:58:08.733] [DEBUG] debug-file - Incremental task entry:default@SyscapTransform pre-execution cost: 9 ms .
[2026-09-16T08:58:08.733] [DEBUG] debug-file - entry : default@SyscapTransform cost memory 0.2176666259765625
[2026-09-16T08:58:08.733] [DEBUG] debug-file - runTaskFromQueue task cost before running: 12 s 680 ms 
[2026-09-16T08:58:08.733] [INFO] debug-file - Finished :entry:default@SyscapTransform... after 10 ms 
[2026-09-16T08:58:08.734] [DEBUG] debug-file - Executing task :entry:default@ProcessProfile
[2026-09-16T08:58:08.739] [DEBUG] debug-file - Task 'entry:default@ProcessProfile' cost while wrapping incremental declarations: 1 ms 
[2026-09-16T08:58:08.740] [DEBUG] debug-file - Incremental task entry:default@ProcessProfile pre-execution cost: 1 ms .
[2026-09-16T08:58:08.740] [DEBUG] debug-file - entry : default@ProcessProfile cost memory 0.17168426513671875
[2026-09-16T08:58:08.740] [INFO] debug-file - UP-TO-DATE :entry:default@ProcessProfile...  
[2026-09-16T08:58:08.741] [DEBUG] debug-file - Executing task :entry:default@ProcessRouterMap
[2026-09-16T08:58:08.743] [DEBUG] debug-file - Incremental task entry:default@ProcessRouterMap pre-execution cost: 2 ms .
[2026-09-16T08:58:08.743] [DEBUG] debug-file - entry : default@ProcessRouterMap cost memory 0.1395263671875
[2026-09-16T08:58:08.743] [INFO] debug-file - UP-TO-DATE :entry:default@ProcessRouterMap...  
[2026-09-16T08:58:08.744] [DEBUG] debug-file - Executing task :entry:default@ProcessShareConfig
[2026-09-16T08:58:08.745] [DEBUG] debug-file - Incremental task entry:default@ProcessShareConfig pre-execution cost: 1 ms .
[2026-09-16T08:58:08.745] [DEBUG] debug-file - entry : default@ProcessShareConfig cost memory 0.1220550537109375
[2026-09-16T08:58:08.746] [INFO] debug-file - UP-TO-DATE :entry:default@ProcessShareConfig...  
[2026-09-16T08:58:08.746] [DEBUG] debug-file - Executing task :entry:default@ProcessStartupConfig
[2026-09-16T08:58:08.747] [DEBUG] debug-file - Task 'entry:default@ProcessStartupConfig' cost while wrapping incremental declarations: 1 ms 
[2026-09-16T08:58:08.747] [DEBUG] debug-file - entry:default@ProcessStartupConfig is not up-to-date, since the output file 'D:\CityUproject\CampusNavigation\RoomMarkerHarmony\entry\build\default\intermediates\startup\default\startup_config.json' does not exist.
[2026-09-16T08:58:08.747] [DEBUG] debug-file - Incremental task entry:default@ProcessStartupConfig pre-execution cost: 1 ms .
[2026-09-16T08:58:08.747] [DEBUG] debug-file - entry : default@ProcessStartupConfig cost memory 0.09644317626953125
[2026-09-16T08:58:08.748] [DEBUG] debug-file - runTaskFromQueue task cost before running: 12 s 696 ms 
[2026-09-16T08:58:08.748] [INFO] debug-file - Finished :entry:default@ProcessStartupConfig... after 2 ms 
[2026-09-16T08:58:08.749] [DEBUG] debug-file - Executing task :entry:default@BuildNativeWithNinja
[2026-09-16T08:58:08.749] [DEBUG] debug-file - entry : default@BuildNativeWithNinja cost memory 0.040374755859375
[2026-09-16T08:58:08.749] [DEBUG] debug-file - runTaskFromQueue task cost before running: 12 s 697 ms 
[2026-09-16T08:58:08.750] [INFO] debug-file - Finished :entry:default@BuildNativeWithNinja... after 1 ms 
[2026-09-16T08:58:08.751] [DEBUG] debug-file - restool module names: entry; moduleName=entry, taskName=default@ProcessResource
[2026-09-16T08:58:08.756] [DEBUG] debug-file - Executing task :entry:default@ProcessResource
[2026-09-16T08:58:08.756] [DEBUG] debug-file - Task 'entry:default@ProcessResource' cost while wrapping incremental declarations: 1 ms 
[2026-09-16T08:58:08.757] [DEBUG] debug-file - Incremental task entry:default@ProcessResource pre-execution cost: 1 ms .
[2026-09-16T08:58:08.757] [DEBUG] debug-file - entry : default@ProcessResource cost memory 0.16117095947265625
[2026-09-16T08:58:08.758] [INFO] debug-file - UP-TO-DATE :entry:default@ProcessResource...  
[2026-09-16T08:58:08.759] [DEBUG] debug-file - Executing task :entry:default@GenerateLoaderJson
[2026-09-16T08:58:08.759] [DEBUG] debug-file - Task 'entry:default@GenerateLoaderJson' cost while wrapping incremental declarations: 1 ms 
[2026-09-16T08:58:08.768] [DEBUG] debug-file - Incremental task entry:default@GenerateLoaderJson pre-execution cost: 3 ms .
[2026-09-16T08:58:08.768] [DEBUG] debug-file - entry : default@GenerateLoaderJson cost memory 0.49428558349609375
[2026-09-16T08:58:08.770] [INFO] debug-file - UP-TO-DATE :entry:default@GenerateLoaderJson...  
[2026-09-16T08:58:08.771] [DEBUG] debug-file - Executing task :entry:default@ProcessLibs
[2026-09-16T08:58:08.772] [DEBUG] debug-file - Incremental task entry:default@ProcessLibs pre-execution cost: 1 ms .
[2026-09-16T08:58:08.772] [DEBUG] debug-file - entry : default@ProcessLibs cost memory 0.12017059326171875
[2026-09-16T08:58:08.773] [INFO] debug-file - UP-TO-DATE :entry:default@ProcessLibs...  
[2026-09-16T08:58:08.773] [DEBUG] debug-file - restool module names: entry; moduleName=entry, taskName=default@CompileResource
[2026-09-16T08:58:08.774] [DEBUG] debug-file - Executing task :entry:default@CompileResource
[2026-09-16T08:58:08.785] [DEBUG] debug-file - Incremental task entry:default@CompileResource pre-execution cost: 7 ms .
[2026-09-16T08:58:08.785] [DEBUG] debug-file - entry : default@CompileResource cost memory 0.5401229858398438
[2026-09-16T08:58:08.786] [INFO] debug-file - UP-TO-DATE :entry:default@CompileResource...  
[2026-09-16T08:58:08.787] [DEBUG] debug-file - Executing task :entry:default@DoNativeStrip
[2026-09-16T08:58:08.787] [DEBUG] debug-file - Task 'entry:default@DoNativeStrip' cost while wrapping incremental declarations: 1 ms 
[2026-09-16T08:58:08.788] [DEBUG] debug-file - Incremental task entry:default@DoNativeStrip pre-execution cost: 1 ms .
[2026-09-16T08:58:08.788] [DEBUG] debug-file - entry : default@DoNativeStrip cost memory 0.0977783203125
[2026-09-16T08:58:08.788] [INFO] debug-file - UP-TO-DATE :entry:default@DoNativeStrip...  
[2026-09-16T08:58:08.789] [DEBUG] debug-file - Executing task :entry:default@CompileArkTS
[2026-09-16T08:58:08.789] [DEBUG] debug-file - obfuscationOptions: undefined
[2026-09-16T08:58:08.790] [DEBUG] debug-file - Task 'entry:default@CompileArkTS' cost while wrapping incremental declarations: 1 ms 
[2026-09-16T08:58:08.797] [DEBUG] debug-file - Incremental task entry:default@CompileArkTS pre-execution cost: 6 ms .
[2026-09-16T08:58:08.797] [DEBUG] debug-file - entry : default@CompileArkTS cost memory 0.622833251953125
[2026-09-16T08:58:08.798] [INFO] debug-file - UP-TO-DATE :entry:default@CompileArkTS...  
[2026-09-16T08:58:08.798] [DEBUG] debug-file - Executing task :entry:default@BuildJS
[2026-09-16T08:58:08.798] [DEBUG] debug-file - Task 'entry:default@BuildJS' cost while wrapping incremental declarations: 1 ms 
[2026-09-16T08:58:08.800] [DEBUG] debug-file - entry : default@BuildJS cost memory 0.1525115966796875
[2026-09-16T08:58:08.800] [DEBUG] debug-file - runTaskFromQueue task cost before running: 12 s 748 ms 
[2026-09-16T08:58:08.800] [INFO] debug-file - Finished :entry:default@BuildJS... after 2 ms 
[2026-09-16T08:58:08.801] [DEBUG] debug-file - Executing task :entry:default@CacheNativeLibs
[2026-09-16T08:58:08.801] [DEBUG] debug-file - Task 'entry:default@CacheNativeLibs' cost while wrapping incremental declarations: 1 ms 
[2026-09-16T08:58:08.802] [DEBUG] debug-file - Incremental task entry:default@CacheNativeLibs pre-execution cost: 1 ms .
[2026-09-16T08:58:08.802] [DEBUG] debug-file - entry : default@CacheNativeLibs cost memory 0.10364532470703125
[2026-09-16T08:58:08.802] [INFO] debug-file - UP-TO-DATE :entry:default@CacheNativeLibs...  
[2026-09-16T08:58:08.803] [DEBUG] debug-file - Executing task :entry:default@GeneratePkgModuleJson
[2026-09-16T08:58:08.803] [DEBUG] debug-file - File: 'D:\CityUproject\CampusNavigation\RoomMarkerHarmony\entry\build\default\intermediates\preload\default\preload.json' from 'preloadSoJsonPath' is not exists, just ignore.
[2026-09-16T08:58:08.803] [DEBUG] debug-file - Error occurs while handling @Input 'shouldDeduplicateHar': The "data" argument must be of type string or an instance of Buffer, TypedArray, or DataView. Received undefined
[2026-09-16T08:58:08.803] [DEBUG] debug-file - Task 'entry:default@GeneratePkgModuleJson' cost while wrapping incremental declarations: 1 ms 
[2026-09-16T08:58:08.804] [DEBUG] debug-file - Incremental task entry:default@GeneratePkgModuleJson pre-execution cost: 1 ms .
[2026-09-16T08:58:08.804] [DEBUG] debug-file - entry : default@GeneratePkgModuleJson cost memory 0.12493133544921875
[2026-09-16T08:58:08.804] [INFO] debug-file - UP-TO-DATE :entry:default@GeneratePkgModuleJson...  
[2026-09-16T08:58:08.804] [DEBUG] debug-file - Executing task :entry:default@ProcessCompiledResources
[2026-09-16T08:58:08.805] [DEBUG] debug-file - File: 'D:\CityUproject\CampusNavigation\RoomMarkerHarmony\entry\build\default\intermediates\preload\default\preload.json' from 'preloadSoJsonPath' is not exists, just ignore.
[2026-09-16T08:58:08.805] [DEBUG] debug-file - Task 'entry:default@ProcessCompiledResources' cost while wrapping incremental declarations: 1 ms 
[2026-09-16T08:58:08.805] [DEBUG] debug-file - entry : default@ProcessCompiledResources cost memory 0.06866455078125
[2026-09-16T08:58:08.805] [DEBUG] debug-file - runTaskFromQueue task cost before running: 12 s 752 ms 
[2026-09-16T08:58:08.805] [INFO] debug-file - Finished :entry:default@ProcessCompiledResources... after 1 ms 
[2026-09-16T08:58:08.806] [DEBUG] debug-file - Executing task :entry:default@PackageHap
[2026-09-16T08:58:08.811] [DEBUG] debug-file - Incremental task entry:default@PackageHap pre-execution cost: 4 ms .
[2026-09-16T08:58:08.811] [DEBUG] debug-file - entry : default@PackageHap cost memory 0.416107177734375
[2026-09-16T08:58:08.811] [INFO] debug-file - UP-TO-DATE :entry:default@PackageHap...  
[2026-09-16T08:58:08.812] [DEBUG] debug-file - Executing task :entry:default@PackingCheck
[2026-09-16T08:58:08.816] [DEBUG] debug-file - entry : default@PackingCheck cost memory 0.318389892578125
[2026-09-16T08:58:08.816] [DEBUG] debug-file - runTaskFromQueue task cost before running: 12 s 764 ms 
[2026-09-16T08:58:08.816] [INFO] debug-file - Finished :entry:default@PackingCheck... after 5 ms 
[2026-09-16T08:58:08.817] [DEBUG] debug-file - Executing task :entry:default@SignHap
[2026-09-16T08:58:08.819] [DEBUG] debug-file - Incremental task entry:default@SignHap pre-execution cost: 2 ms .
[2026-09-16T08:58:08.819] [DEBUG] debug-file - entry : default@SignHap cost memory 0.11606597900390625
[2026-09-16T08:58:08.819] [INFO] debug-file - UP-TO-DATE :entry:default@SignHap...  
[2026-09-16T08:58:08.820] [DEBUG] debug-file - Executing task :entry:default@CollectDebugSymbol
[2026-09-16T08:58:08.821] [DEBUG] debug-file - entry : default@CollectDebugSymbol cost memory 0.118316650390625
[2026-09-16T08:58:08.821] [DEBUG] debug-file - runTaskFromQueue task cost before running: 12 s 768 ms 
[2026-09-16T08:58:08.821] [INFO] debug-file - Finished :entry:default@CollectDebugSymbol... after 1 ms 
[2026-09-16T08:58:08.821] [DEBUG] debug-file - Executing task :entry:assembleHap
[2026-09-16T08:58:08.821] [DEBUG] debug-file - entry : assembleHap cost memory 0.01451873779296875
[2026-09-16T08:58:08.821] [DEBUG] debug-file - runTaskFromQueue task cost before running: 12 s 769 ms 
[2026-09-16T08:58:08.821] [INFO] debug-file - Finished :entry:assembleHap... after 1 ms 
[2026-09-16T08:58:08.829] [INFO] debug-file - BUILD SUCCESSFUL in 12 s 776 ms 
[2026-09-16T08:58:08.829] [DEBUG] debug-file - There is no need to refresh cache, since the incremental task entry:default@PreBuild is up-to-date.
[2026-09-16T08:58:08.829] [DEBUG] debug-file - Update task entry:default@CreateModuleInfo output file:D:\CityUproject\CampusNavigation\RoomMarkerHarmony\entry\build\default\generated\profile\default\ModuleInfo.ts cache.
[2026-09-16T08:58:08.829] [DEBUG] debug-file - Incremental task entry:default@CreateModuleInfo post-execution cost:1 ms .
[2026-09-16T08:58:08.829] [DEBUG] debug-file - There is no need to refresh cache, since the incremental task entry:default@GenerateMetadata is up-to-date.
[2026-09-16T08:58:08.829] [DEBUG] debug-file - There is no need to refresh cache, since the incremental task entry:default@MergeProfile is up-to-date.
[2026-09-16T08:58:08.829] [DEBUG] debug-file - There is no need to refresh cache, since the incremental task entry:default@CreateBuildProfile is up-to-date.
[2026-09-16T08:58:08.829] [DEBUG] debug-file - Update task entry:default@GeneratePkgContextInfo output file:D:\CityUproject\CampusNavigation\RoomMarkerHarmony\entry\build\default\intermediates\loader\default\pkgContextInfo.json cache.
[2026-09-16T08:58:08.830] [DEBUG] debug-file - Incremental task entry:default@GeneratePkgContextInfo post-execution cost:1 ms .
[2026-09-16T08:58:08.830] [DEBUG] debug-file - Update task entry:default@ProcessIntegratedHsp output file:D:\CityUproject\CampusNavigation\RoomMarkerHarmony\build\cache\default\integrated_hsp\integratedHspCache.json cache.
[2026-09-16T08:58:08.830] [DEBUG] debug-file - Incremental task entry:default@ProcessIntegratedHsp post-execution cost:1 ms .
[2026-09-16T08:58:08.830] [DEBUG] debug-file - There is no need to refresh cache, since the incremental task entry:default@MakePackInfo is up-to-date.
[2026-09-16T08:58:08.830] [DEBUG] debug-file - Update task entry:default@SyscapTransform input file:D:\DevEco\DevEco Studio\sdk\default\openharmony\toolchains\syscap_tool.exe cache by regenerate.
[2026-09-16T08:58:08.830] [DEBUG] debug-file - Update task entry:default@SyscapTransform input file:D:\DevEco\DevEco Studio\sdk\default\openharmony\ets\api\device-define cache by regenerate.
[2026-09-16T08:58:08.831] [DEBUG] debug-file - Update task entry:default@SyscapTransform output file:D:\CityUproject\CampusNavigation\RoomMarkerHarmony\entry\build\default\intermediates\syscap\default\rpcid.sc cache.
[2026-09-16T08:58:08.831] [DEBUG] debug-file - Incremental task entry:default@SyscapTransform post-execution cost:2 ms .
[2026-09-16T08:58:08.831] [DEBUG] debug-file - There is no need to refresh cache, since the incremental task entry:default@ProcessProfile is up-to-date.
[2026-09-16T08:58:08.831] [DEBUG] debug-file - There is no need to refresh cache, since the incremental task entry:default@ProcessRouterMap is up-to-date.
[2026-09-16T08:58:08.831] [DEBUG] debug-file - There is no need to refresh cache, since the incremental task entry:default@ProcessShareConfig is up-to-date.
[2026-09-16T08:58:08.831] [DEBUG] debug-file - Update task entry:default@ProcessStartupConfig output file:D:\CityUproject\CampusNavigation\RoomMarkerHarmony\entry\build\default\intermediates\startup\default\startup_config.json cache.
[2026-09-16T08:58:08.831] [DEBUG] debug-file - Incremental task entry:default@ProcessStartupConfig post-execution cost:1 ms .
[2026-09-16T08:58:08.831] [DEBUG] debug-file - There is no need to refresh cache, since the incremental task entry:default@ProcessResource is up-to-date.
[2026-09-16T08:58:08.831] [DEBUG] debug-file - There is no need to refresh cache, since the incremental task entry:default@GenerateLoaderJson is up-to-date.
[2026-09-16T08:58:08.832] [DEBUG] debug-file - There is no need to refresh cache, since the incremental task entry:default@ProcessLibs is up-to-date.
[2026-09-16T08:58:08.832] [DEBUG] debug-file - There is no need to refresh cache, since the incremental task entry:default@CompileResource is up-to-date.
[2026-09-16T08:58:08.832] [DEBUG] debug-file - There is no need to refresh cache, since the incremental task entry:default@DoNativeStrip is up-to-date.
[2026-09-16T08:58:08.832] [DEBUG] debug-file - There is no need to refresh cache, since the incremental task entry:default@CompileArkTS is up-to-date.
[2026-09-16T08:58:08.832] [DEBUG] debug-file - Update task entry:default@BuildJS input file:D:\CityUproject\CampusNavigation\RoomMarkerHarmony\entry\build\default\intermediates\loader\default cache by regenerate.
[2026-09-16T08:58:08.833] [DEBUG] debug-file - Update task entry:default@BuildJS input file:D:\CityUproject\CampusNavigation\RoomMarkerHarmony\entry\build\default\intermediates\res\default\ResourceTable.txt cache by regenerate.
[2026-09-16T08:58:08.833] [DEBUG] debug-file - Update task entry:default@BuildJS input file:D:\CityUproject\CampusNavigation\RoomMarkerHarmony\entry\build\default\intermediates\res\default\ark_module.json cache by regenerate.
[2026-09-16T08:58:08.833] [DEBUG] debug-file - Update task entry:default@BuildJS input file:D:\CityUproject\CampusNavigation\RoomMarkerHarmony\entry\build\default\intermediates\res\default\resources\base\profile cache by regenerate.
[2026-09-16T08:58:08.833] [DEBUG] debug-file - Update task entry:default@BuildJS output file:D:\CityUproject\CampusNavigation\RoomMarkerHarmony\entry\build\default\intermediates\loader_out\default\js cache.
[2026-09-16T08:58:08.834] [DEBUG] debug-file - Incremental task entry:default@BuildJS post-execution cost:2 ms .
[2026-09-16T08:58:08.834] [DEBUG] debug-file - There is no need to refresh cache, since the incremental task entry:default@CacheNativeLibs is up-to-date.
[2026-09-16T08:58:08.834] [DEBUG] debug-file - There is no need to refresh cache, since the incremental task entry:default@GeneratePkgModuleJson is up-to-date.
[2026-09-16T08:58:08.834] [DEBUG] debug-file - Incremental task entry:default@ProcessCompiledResources post-execution cost:1 ms .
[2026-09-16T08:58:08.834] [DEBUG] debug-file - There is no need to refresh cache, since the incremental task entry:default@PackageHap is up-to-date.
[2026-09-16T08:58:08.834] [DEBUG] debug-file - There is no need to refresh cache, since the incremental task entry:default@SignHap is up-to-date.
[2026-09-16T08:58:08.834] [DEBUG] debug-file - Update task entry:default@CollectDebugSymbol input file:D:\CityUproject\CampusNavigation\RoomMarkerHarmony\entry\build\default\intermediates\loader_out\default\ets\sourceMaps.map cache by regenerate.
[2026-09-16T08:58:08.834] [DEBUG] debug-file - Update task entry:default@CollectDebugSymbol input file:D:\CityUproject\CampusNavigation\RoomMarkerHarmony\entry\build\default\intermediates\libs\default cache by regenerate.
[2026-09-16T08:58:08.834] [DEBUG] debug-file - Update task entry:default@CollectDebugSymbol output file:D:\CityUproject\CampusNavigation\RoomMarkerHarmony\entry\build\default\outputs\default\symbol cache.
[2026-09-16T08:58:08.835] [DEBUG] debug-file - Incremental task entry:default@CollectDebugSymbol post-execution cost:1 ms .
[2026-09-16T08:58:08.849] [DEBUG] debug-file - Since there is no instance or instance is terminated, create a new worker pool.
[2026-09-16T08:58:08.849] [DEBUG] debug-file - Worker pool is initialized with config:  {
  minPoolNum: 2,
  maxPoolNum: undefined,
  maxCoreSize: undefined,
  cacheCapacity: undefined,
  cacheTtl: undefined
}
[2026-09-16T08:58:08.850] [DEBUG] debug-file - Create  resident worker with id: 0.
[2026-09-16T08:58:08.852] [DEBUG] debug-file - session manager: send message to worker process.
[2026-09-16T08:58:08.852] [DEBUG] debug-file - session manager: send message to worker process.
[2026-09-16T08:58:08.851] [DEBUG] debug-file - Create  resident worker with id: 1.
[2026-09-16T08:58:08.853] [DEBUG] debug-file - Cleanup worker 0.
[2026-09-16T08:58:08.853] [DEBUG] debug-file - Worker 0 has been cleaned up.
[2026-09-16T08:58:08.853] [DEBUG] debug-file - Current idle worker size: 1.
[2026-09-16T08:58:08.853] [DEBUG] debug-file - Current resident worker size: 2.
[2026-09-16T08:58:08.853] [DEBUG] debug-file - Cleanup worker 1.
[2026-09-16T08:58:08.853] [DEBUG] debug-file - Worker 1 has been cleaned up.
[2026-09-16T08:58:08.854] [DEBUG] debug-file - Current idle worker size: 0.
[2026-09-16T08:58:08.854] [DEBUG] debug-file - Current resident worker size: 2.
[2026-09-16T08:58:08.854] [DEBUG] debug-file - hvigor build process will be closed.
[2026-09-16T08:58:08.857] [DEBUG] debug-file - worker[0] exits with exit code 0.
[2026-09-16T08:58:08.857] [DEBUG] debug-file - worker[1] exits with exit code 0.
[2026-09-16T08:58:08.858] [DEBUG] debug-file - watch worker: worker id should be larger than 0. Nothing will be sent to any worker thread.
[2026-09-16T08:58:08.858] [DEBUG] debug-file - watch worker: worker id should be larger than 0. Nothing will be sent to any worker thread.
[2026-09-16T09:22:57.727] [DEBUG] debug-file - session manager: set active socket. socketId=xGUV2TO0WMa4mU4UAAAD
[2026-09-16T09:22:57.734] [DEBUG] debug-file - watch worker: worker id should be larger than 0. Nothing will be sent to any worker thread.
[2026-09-16T09:22:57.739] [DEBUG] debug-file - Hvigor init with startParameters:{
  hvigorfileTypeCheck: false,
  parallelExecution: true,
  incrementalExecution: true,
  printStackTrace: false,
  daemon: true,
  analyze: 0,
  logLevel: Level { level: 20000, levelStr: 'INFO', colour: 'green' },
  optimizationStrategy: 'memory',
  hotCompile: undefined,
  hotReloadBuild: undefined
}
[2026-09-16T09:22:57.742] [DEBUG] debug-file - Cache service initialization finished in 3 ms 
[2026-09-16T09:22:57.743] [DEBUG] debug-file - hvigorfile, resolving D:\CityUproject\CampusNavigation\RoomMarkerHarmony\hvigorfile.ts
[2026-09-16T09:22:57.747] [DEBUG] debug-file - hvigorfile, require result:  { default: {} }
[2026-09-16T09:22:57.747] [DEBUG] debug-file - hvigorfile, binding system plugins null
[2026-09-16T09:22:57.754] [DEBUG] debug-file - Start initialize project's product build option map with build mode debug.
[2026-09-16T09:22:57.754] [DEBUG] debug-file - Picking option from product 'default' with build mode 'debug'.
[2026-09-16T09:22:57.754] [DEBUG] debug-file - Product 'default' build option initialized
[2026-09-16T09:22:57.754] [DEBUG] debug-file - End initialize project's product build option map with build mode 'debug'.
[2026-09-16T09:22:57.755] [DEBUG] debug-file - Obtain build option for product 'default'in this build.
[2026-09-16T09:22:57.756] [DEBUG] debug-file - D:\CityUproject\CampusNavigation\RoomMarkerHarmony\build\cache\default\remote_hsp\remoteHspCache.json not exists.
[2026-09-16T09:22:57.759] [DEBUG] debug-file - Start recording SDK configuration permission data.
[2026-09-16T09:22:57.776] [DEBUG] debug-file - Sdk init in 20 ms 
[2026-09-16T09:22:57.778] [DEBUG] debug-file - Project task initialization takes 2 ms 
[2026-09-16T09:22:57.778] [DEBUG] debug-file - hvigorfile, binding custom plugins undefined
[2026-09-16T09:22:57.778] [DEBUG] debug-file - hvigorfile, no custom plugins were found in D:\CityUproject\CampusNavigation\RoomMarkerHarmony\hvigorfile.ts
[2026-09-16T09:22:57.778] [DEBUG] debug-file - hvigorfile, resolve finished D:\CityUproject\CampusNavigation\RoomMarkerHarmony\hvigorfile.ts
[2026-09-16T09:22:57.779] [DEBUG] debug-file - hvigorfile, resolving D:\CityUproject\CampusNavigation\RoomMarkerHarmony\entry\hvigorfile.ts
[2026-09-16T09:22:57.781] [DEBUG] debug-file - hvigorfile, require result:  { default: {} }
[2026-09-16T09:22:57.781] [DEBUG] debug-file - hvigorfile, binding system plugins null
[2026-09-16T09:22:57.782] [DEBUG] debug-file - failed to load cangjie to dynamically generate schemas: Error: Cannot find module '@ohos/cangjie-build-support/index'
Require stack:
- D:\DevEco\DevEco Studio\tools\hvigor\hvigor-ohos-plugin\src\plugin\factory\plugin-factory.js
- D:\DevEco\DevEco Studio\tools\hvigor\hvigor-ohos-plugin\index.js
- D:\CityUproject\CampusNavigation\RoomMarkerHarmony\hvigorfile.ts
- D:\DevEco\DevEco Studio\tools\hvigor\hvigor\src\base\internal\lifecycle\configuration.js
- D:\DevEco\DevEco Studio\tools\hvigor\hvigor\src\base\boot\index.js
- D:\DevEco\DevEco Studio\tools\hvigor\hvigor\src\base\daemon\cluster\worker-process-lifecycle.js
- D:\DevEco\DevEco Studio\tools\hvigor\hvigor\src\base\daemon\process\daemon-process-boot-script.js
[2026-09-16T09:22:57.783] [DEBUG] debug-file - Start initialize module-target build option map, moduleName=entry, buildMode=debug
[2026-09-16T09:22:57.783] [DEBUG] debug-file - Target 'default' config initialized
[2026-09-16T09:22:57.783] [DEBUG] debug-file - Module 'entry' target 'default' build option initialized
[2026-09-16T09:22:57.783] [DEBUG] debug-file - End initialize module-target build option map, moduleName=entry
[2026-09-16T09:22:57.784] [DEBUG] debug-file - Start initialize module-target build option map, moduleName=entry, buildMode=release
[2026-09-16T09:22:57.784] [DEBUG] debug-file - Target 'default' config initialized
[2026-09-16T09:22:57.784] [DEBUG] debug-file - Module 'entry' target 'default' build option initialized
[2026-09-16T09:22:57.784] [DEBUG] debug-file - End initialize module-target build option map, moduleName=entry
[2026-09-16T09:22:57.784] [DEBUG] debug-file - Start initialize module-target build option map, moduleName=entry, buildMode=debug
[2026-09-16T09:22:57.784] [DEBUG] debug-file - Target 'default' config initialized
[2026-09-16T09:22:57.784] [DEBUG] debug-file - Module 'entry' target 'default' build option initialized
[2026-09-16T09:22:57.784] [DEBUG] debug-file - End initialize module-target build option map, moduleName=entry
[2026-09-16T09:22:57.784] [DEBUG] debug-file - Obtain build option for module 'entry' target 'default'in this build.
[2026-09-16T09:22:57.785] [DEBUG] debug-file - Module entry task initialization takes 1 ms 
[2026-09-16T09:22:57.785] [DEBUG] debug-file - hvigorfile, binding custom plugins undefined
[2026-09-16T09:22:57.785] [DEBUG] debug-file - hvigorfile, no custom plugins were found in D:\CityUproject\CampusNavigation\RoomMarkerHarmony\entry\hvigorfile.ts
[2026-09-16T09:22:57.785] [DEBUG] debug-file - hvigorfile, resolve finished D:\CityUproject\CampusNavigation\RoomMarkerHarmony\entry\hvigorfile.ts
[2026-09-16T09:22:57.796] [DEBUG] debug-file - hvigorfile, resolve hvigorfile dependencies in 11 ms 
[2026-09-16T09:22:57.796] [DEBUG] debug-file - project has submodules:entry
[2026-09-16T09:22:57.797] [DEBUG] debug-file - start to load updatedOhPackageInfo to the disk
[2026-09-16T09:22:57.799] [DEBUG] debug-file - load to the disk finished
[2026-09-16T09:22:57.800] [DEBUG] debug-file - Start to initialize dependency information.
[2026-09-16T09:22:57.800] [DEBUG] debug-file - Module RoomMarkerHarmony Collected Dependency: 
[2026-09-16T09:22:57.800] [DEBUG] debug-file - Module RoomMarkerHarmony's total dependency: 0
[2026-09-16T09:22:57.800] [DEBUG] debug-file - Start to initialize dependency information.
[2026-09-16T09:22:57.802] [DEBUG] debug-file - Module entry Collected Dependency: 
[2026-09-16T09:22:57.802] [DEBUG] debug-file - Module entry's total dependency: 0
[2026-09-16T09:22:57.803] [DEBUG] debug-file - Configuration phase cost:61 ms 
[2026-09-16T09:22:57.803] [DEBUG] debug-file - Configuration task cost before running: 67 ms 
[2026-09-16T09:22:57.806] [DEBUG] debug-file - Executing task :entry:default@PreBuild
[2026-09-16T09:22:57.806] [DEBUG] debug-file - Task 'entry:default@PreBuild' cost while wrapping incremental declarations: 1 ms 
[2026-09-16T09:22:57.810] [DEBUG] debug-file - Incremental task entry:default@PreBuild pre-execution cost: 3 ms .
[2026-09-16T09:22:57.810] [DEBUG] debug-file - entry : default@PreBuild cost memory 0.3294219970703125
[2026-09-16T09:22:57.811] [INFO] debug-file - UP-TO-DATE :entry:default@PreBuild...  
[2026-09-16T09:22:57.812] [DEBUG] debug-file - Executing task :entry:default@CreateModuleInfo
[2026-09-16T09:22:57.812] [DEBUG] debug-file - Task 'entry:default@CreateModuleInfo' cost while wrapping incremental declarations: 1 ms 
[2026-09-16T09:22:57.812] [DEBUG] debug-file - entry : default@CreateModuleInfo cost memory 0.042327880859375
[2026-09-16T09:22:57.812] [DEBUG] debug-file - runTaskFromQueue task cost before running: 76 ms 
[2026-09-16T09:22:57.812] [INFO] debug-file - Finished :entry:default@CreateModuleInfo... after 1 ms 
[2026-09-16T09:22:57.814] [DEBUG] debug-file - Executing task :entry:default@GenerateMetadata
[2026-09-16T09:22:57.814] [DEBUG] debug-file - Task 'entry:default@GenerateMetadata' cost while wrapping incremental declarations: 1 ms 
[2026-09-16T09:22:57.815] [DEBUG] debug-file - Incremental task entry:default@GenerateMetadata pre-execution cost: 1 ms .
[2026-09-16T09:22:57.815] [DEBUG] debug-file - entry : default@GenerateMetadata cost memory 0.09586334228515625
[2026-09-16T09:22:57.815] [INFO] debug-file - UP-TO-DATE :entry:default@GenerateMetadata...  
[2026-09-16T09:22:57.815] [DEBUG] debug-file - Executing task :entry:default@ConfigureCmake
[2026-09-16T09:22:57.815] [DEBUG] debug-file - entry : default@ConfigureCmake cost memory 0.01666259765625
[2026-09-16T09:22:57.815] [DEBUG] debug-file - runTaskFromQueue task cost before running: 79 ms 
[2026-09-16T09:22:57.815] [INFO] debug-file - Finished :entry:default@ConfigureCmake... after 1 ms 
[2026-09-16T09:22:57.816] [DEBUG] debug-file - Executing task :entry:default@MergeProfile
[2026-09-16T09:22:57.816] [DEBUG] debug-file - Task 'entry:default@MergeProfile' cost while wrapping incremental declarations: 1 ms 
[2026-09-16T09:22:57.817] [DEBUG] debug-file - Incremental task entry:default@MergeProfile pre-execution cost: 1 ms .
[2026-09-16T09:22:57.817] [DEBUG] debug-file - entry : default@MergeProfile cost memory 0.13915252685546875
[2026-09-16T09:22:57.817] [INFO] debug-file - UP-TO-DATE :entry:default@MergeProfile...  
[2026-09-16T09:22:57.817] [DEBUG] debug-file - Executing task :entry:default@CreateBuildProfile
[2026-09-16T09:22:57.818] [DEBUG] debug-file - Task 'entry:default@CreateBuildProfile' cost while wrapping incremental declarations: 1 ms 
[2026-09-16T09:22:57.818] [DEBUG] debug-file - Incremental task entry:default@CreateBuildProfile pre-execution cost: 1 ms .
[2026-09-16T09:22:57.818] [DEBUG] debug-file - entry : default@CreateBuildProfile cost memory 0.10066986083984375
[2026-09-16T09:22:57.819] [INFO] debug-file - UP-TO-DATE :entry:default@CreateBuildProfile...  
[2026-09-16T09:22:57.819] [DEBUG] debug-file - Executing task :entry:default@PreCheckSyscap
[2026-09-16T09:22:57.819] [DEBUG] debug-file - entry : default@PreCheckSyscap cost memory 0.01703643798828125
[2026-09-16T09:22:57.819] [DEBUG] debug-file - runTaskFromQueue task cost before running: 83 ms 
[2026-09-16T09:22:57.819] [INFO] debug-file - Finished :entry:default@PreCheckSyscap... after 1 ms 
[2026-09-16T09:22:57.820] [DEBUG] debug-file - Executing task :entry:default@GeneratePkgContextInfo
[2026-09-16T09:22:57.822] [DEBUG] debug-file - Task 'entry:default@GeneratePkgContextInfo' cost while wrapping incremental declarations: 1 ms 
[2026-09-16T09:22:57.822] [DEBUG] debug-file - entry : default@GeneratePkgContextInfo cost memory 0.2082061767578125
[2026-09-16T09:22:57.823] [DEBUG] debug-file - runTaskFromQueue task cost before running: 86 ms 
[2026-09-16T09:22:57.823] [INFO] debug-file - Finished :entry:default@GeneratePkgContextInfo... after 3 ms 
[2026-09-16T09:22:57.824] [DEBUG] debug-file - Executing task :entry:default@ProcessIntegratedHsp
[2026-09-16T09:22:57.824] [DEBUG] debug-file - entry:default@ProcessIntegratedHsp is not up-to-date, since the output file 'D:\CityUproject\CampusNavigation\RoomMarkerHarmony\build\cache\default\integrated_hsp\integratedHspCache.json' does not exist.
[2026-09-16T09:22:57.824] [DEBUG] debug-file - Incremental task entry:default@ProcessIntegratedHsp pre-execution cost: 1 ms .
[2026-09-16T09:22:57.824] [DEBUG] debug-file - entry : default@ProcessIntegratedHsp cost memory 0.0636749267578125
[2026-09-16T09:22:57.824] [DEBUG] debug-file - runTaskFromQueue task cost before running: 88 ms 
[2026-09-16T09:22:57.825] [INFO] debug-file - Finished :entry:default@ProcessIntegratedHsp... after 1 ms 
[2026-09-16T09:22:57.825] [DEBUG] debug-file - Executing task :entry:default@BuildNativeWithCmake
[2026-09-16T09:22:57.825] [DEBUG] debug-file - entry : default@BuildNativeWithCmake cost memory 0.01720428466796875
[2026-09-16T09:22:57.825] [DEBUG] debug-file - runTaskFromQueue task cost before running: 89 ms 
[2026-09-16T09:22:57.826] [INFO] debug-file - Finished :entry:default@BuildNativeWithCmake... after 1 ms 
[2026-09-16T09:22:57.826] [DEBUG] debug-file - Executing task :entry:default@MakePackInfo
[2026-09-16T09:22:57.827] [DEBUG] debug-file - Incremental task entry:default@MakePackInfo pre-execution cost: 1 ms .
[2026-09-16T09:22:57.827] [DEBUG] debug-file - entry : default@MakePackInfo cost memory 0.1130218505859375
[2026-09-16T09:22:57.827] [INFO] debug-file - UP-TO-DATE :entry:default@MakePackInfo...  
[2026-09-16T09:22:57.828] [DEBUG] debug-file - Executing task :entry:default@SyscapTransform
[2026-09-16T09:22:57.828] [DEBUG] debug-file - File: 'D:\CityUproject\CampusNavigation\RoomMarkerHarmony\entry\src\main\syscap.json' from 'sysCapJsonPath' is not exists, just ignore.
[2026-09-16T09:22:57.828] [DEBUG] debug-file - Task 'entry:default@SyscapTransform' cost while wrapping incremental declarations: 1 ms 
[2026-09-16T09:22:57.829] [DEBUG] debug-file - entry:default@SyscapTransform is not up-to-date, since the output file 'D:\CityUproject\CampusNavigation\RoomMarkerHarmony\entry\build\default\intermediates\syscap\default\rpcid.sc' does not exist.
[2026-09-16T09:22:57.830] [DEBUG] debug-file - Incremental task entry:default@SyscapTransform pre-execution cost: 2 ms .
[2026-09-16T09:22:57.830] [DEBUG] debug-file - entry : default@SyscapTransform cost memory 0.159210205078125
[2026-09-16T09:22:57.830] [DEBUG] debug-file - runTaskFromQueue task cost before running: 93 ms 
[2026-09-16T09:22:57.830] [INFO] debug-file - Finished :entry:default@SyscapTransform... after 2 ms 
[2026-09-16T09:22:57.830] [DEBUG] debug-file - Executing task :entry:default@ProcessProfile
[2026-09-16T09:22:57.831] [DEBUG] debug-file - Task 'entry:default@ProcessProfile' cost while wrapping incremental declarations: 1 ms 
[2026-09-16T09:22:57.831] [DEBUG] debug-file - Incremental task entry:default@ProcessProfile pre-execution cost: 1 ms .
[2026-09-16T09:22:57.831] [DEBUG] debug-file - entry : default@ProcessProfile cost memory 0.15478515625
[2026-09-16T09:22:57.831] [INFO] debug-file - UP-TO-DATE :entry:default@ProcessProfile...  
[2026-09-16T09:22:57.832] [DEBUG] debug-file - Executing task :entry:default@ProcessRouterMap
[2026-09-16T09:22:57.833] [DEBUG] debug-file - Incremental task entry:default@ProcessRouterMap pre-execution cost: 2 ms .
[2026-09-16T09:22:57.833] [DEBUG] debug-file - entry : default@ProcessRouterMap cost memory 0.13227081298828125
[2026-09-16T09:22:57.834] [INFO] debug-file - UP-TO-DATE :entry:default@ProcessRouterMap...  
[2026-09-16T09:22:57.834] [DEBUG] debug-file - Executing task :entry:default@ProcessShareConfig
[2026-09-16T09:22:57.835] [DEBUG] debug-file - Incremental task entry:default@ProcessShareConfig pre-execution cost: 1 ms .
[2026-09-16T09:22:57.835] [DEBUG] debug-file - entry : default@ProcessShareConfig cost memory 0.11487579345703125
[2026-09-16T09:22:57.836] [INFO] debug-file - UP-TO-DATE :entry:default@ProcessShareConfig...  
[2026-09-16T09:22:57.836] [DEBUG] debug-file - Executing task :entry:default@ProcessStartupConfig
[2026-09-16T09:22:57.836] [DEBUG] debug-file - Task 'entry:default@ProcessStartupConfig' cost while wrapping incremental declarations: 1 ms 
[2026-09-16T09:22:57.836] [DEBUG] debug-file - entry:default@ProcessStartupConfig is not up-to-date, since the output file 'D:\CityUproject\CampusNavigation\RoomMarkerHarmony\entry\build\default\intermediates\startup\default\startup_config.json' does not exist.
[2026-09-16T09:22:57.836] [DEBUG] debug-file - Incremental task entry:default@ProcessStartupConfig pre-execution cost: 1 ms .
[2026-09-16T09:22:57.837] [DEBUG] debug-file - entry : default@ProcessStartupConfig cost memory 0.2319183349609375
[2026-09-16T09:22:57.837] [DEBUG] debug-file - runTaskFromQueue task cost before running: 100 ms 
[2026-09-16T09:22:57.837] [INFO] debug-file - Finished :entry:default@ProcessStartupConfig... after 1 ms 
[2026-09-16T09:22:57.837] [DEBUG] debug-file - Executing task :entry:default@BuildNativeWithNinja
[2026-09-16T09:22:57.837] [DEBUG] debug-file - entry : default@BuildNativeWithNinja cost memory 0.02386474609375
[2026-09-16T09:22:57.837] [DEBUG] debug-file - runTaskFromQueue task cost before running: 101 ms 
[2026-09-16T09:22:57.838] [INFO] debug-file - Finished :entry:default@BuildNativeWithNinja... after 1 ms 
[2026-09-16T09:22:57.839] [DEBUG] debug-file - restool module names: entry; moduleName=entry, taskName=default@ProcessResource
[2026-09-16T09:22:57.839] [DEBUG] debug-file - Executing task :entry:default@ProcessResource
[2026-09-16T09:22:57.839] [DEBUG] debug-file - Task 'entry:default@ProcessResource' cost while wrapping incremental declarations: 1 ms 
[2026-09-16T09:22:57.840] [DEBUG] debug-file - Incremental task entry:default@ProcessResource pre-execution cost: 1 ms .
[2026-09-16T09:22:57.840] [DEBUG] debug-file - entry : default@ProcessResource cost memory 0.1413421630859375
[2026-09-16T09:22:57.841] [INFO] debug-file - UP-TO-DATE :entry:default@ProcessResource...  
[2026-09-16T09:22:57.842] [DEBUG] debug-file - Executing task :entry:default@GenerateLoaderJson
[2026-09-16T09:22:57.842] [DEBUG] debug-file - Task 'entry:default@GenerateLoaderJson' cost while wrapping incremental declarations: 1 ms 
[2026-09-16T09:22:57.846] [DEBUG] debug-file - Incremental task entry:default@GenerateLoaderJson pre-execution cost: 3 ms .
[2026-09-16T09:22:57.846] [DEBUG] debug-file - entry : default@GenerateLoaderJson cost memory 0.4628448486328125
[2026-09-16T09:22:57.848] [INFO] debug-file - UP-TO-DATE :entry:default@GenerateLoaderJson...  
[2026-09-16T09:22:57.848] [DEBUG] debug-file - Executing task :entry:default@ProcessLibs
[2026-09-16T09:22:57.849] [DEBUG] debug-file - Incremental task entry:default@ProcessLibs pre-execution cost: 1 ms .
[2026-09-16T09:22:57.849] [DEBUG] debug-file - entry : default@ProcessLibs cost memory 0.1072235107421875
[2026-09-16T09:22:57.850] [INFO] debug-file - UP-TO-DATE :entry:default@ProcessLibs...  
[2026-09-16T09:22:57.850] [DEBUG] debug-file - restool module names: entry; moduleName=entry, taskName=default@CompileResource
[2026-09-16T09:22:57.851] [DEBUG] debug-file - Executing task :entry:default@CompileResource
[2026-09-16T09:22:57.858] [DEBUG] debug-file - Incremental task entry:default@CompileResource pre-execution cost: 7 ms .
[2026-09-16T09:22:57.858] [DEBUG] debug-file - entry : default@CompileResource cost memory -1.1700973510742188
[2026-09-16T09:22:57.858] [INFO] debug-file - UP-TO-DATE :entry:default@CompileResource...  
[2026-09-16T09:22:57.859] [DEBUG] debug-file - Executing task :entry:default@DoNativeStrip
[2026-09-16T09:22:57.859] [DEBUG] debug-file - Task 'entry:default@DoNativeStrip' cost while wrapping incremental declarations: 1 ms 
[2026-09-16T09:22:57.860] [DEBUG] debug-file - Incremental task entry:default@DoNativeStrip pre-execution cost: 1 ms .
[2026-09-16T09:22:57.860] [DEBUG] debug-file - entry : default@DoNativeStrip cost memory 0.08538818359375
[2026-09-16T09:22:57.860] [INFO] debug-file - UP-TO-DATE :entry:default@DoNativeStrip...  
[2026-09-16T09:22:57.860] [DEBUG] debug-file - Executing task :entry:default@CompileArkTS
[2026-09-16T09:22:57.861] [DEBUG] debug-file - obfuscationOptions: undefined
[2026-09-16T09:22:57.861] [DEBUG] debug-file - Task 'entry:default@CompileArkTS' cost while wrapping incremental declarations: 1 ms 
[2026-09-16T09:22:57.867] [DEBUG] debug-file - entry:default@CompileArkTS is not up-to-date, since the input file 'D:\CityUproject\CampusNavigation\RoomMarkerHarmony\entry\src\main\ets' has been changed.
[2026-09-16T09:22:57.867] [DEBUG] debug-file - Incremental task entry:default@CompileArkTS pre-execution cost: 5 ms .
[2026-09-16T09:22:57.882] [DEBUG] debug-file - build config:
[2026-09-16T09:22:57.882] [DEBUG] debug-file - {
  moduleType: 'entry',
  perf: 0,
  targetName: '.default',
  packageManagerType: 'ohpm',
  localPropertiesPath: 'D:\\CityUproject\\CampusNavigation\\RoomMarkerHarmony\\local.properties',
  isPreview: false,
  isOhosTest: false,
  isLocalTest: false,
  buildMode: 'Debug',
  hotReloadBuild: undefined,
  watchMode: 'false',
  aceProfilePath: 'D:\\CityUproject\\CampusNavigation\\RoomMarkerHarmony\\entry\\build\\default\\intermediates\\res\\default\\resources\\base\\profile',
  etsLoaderPath: 'D:\\DevEco\\DevEco Studio\\sdk\\default\\openharmony\\ets\\build-tools\\ets-loader',
  modulePath: 'D:\\CityUproject\\CampusNavigation\\RoomMarkerHarmony\\entry',
  testFrameworkPar: {
    testMode: undefined,
    coveragePathFilter: undefined,
    coverageMode: undefined
  },
  needCoverageInsert: false,
  debugLine: false,
  projectTopDir: 'D:\\CityUproject\\CampusNavigation\\RoomMarkerHarmony',
  compileSdkVersion: 21,
  compatibleSdkVersion: 12,
  originCompatibleSdkVersion: '5.0.0(12)',
  compatibleSdkVersionStage: 'beta1',
  bundleName: 'c***r',
  etsLoaderVersion: '6.0.1.112',
  etsLoaderReleaseType: 'Release',
  aotCompileMode: 'type',
  apPath: 'D:\\CityUproject\\CampusNavigation\\RoomMarkerHarmony\\entry\\modules.ap',
  entryModuleName: 'entry',
  entryModuleVersion: '1.0.0',
  entryPackageName: 'entry',
  allModuleNameHash: '3e2de7d5bc42bc0bc7298cf037dca8e36c6e8252845ff7b4815a3aa3e34aecb9',
  externalApiPaths: [ 'D:\\DevEco\\DevEco Studio\\sdk\\default\\hms\\ets' ],
  compilerTypes: [],
  isCrossplatform: false,
  hvigorPluginFile: undefined,
  compilePluginPath: undefined,
  buildGeneratedProfilePath: 'D:\\CityUproject\\CampusNavigation\\RoomMarkerHarmony\\entry\\build\\default\\generated\\profile\\default',
  bundleType: 'app',
  arkTSVersion: undefined,
  apiVersion: 21,
  needCompleteSourcesMap: false,
  isFaMode: false,
  buildDir: 'D:\\CityUproject\\CampusNavigation\\RoomMarkerHarmony\\entry\\build',
  deviceTypes: [ 'phone' ],
  pkgContextInfo: undefined,
  ohPackagePathMap: {},
  dependencyAliasMap: {},
  permission: {
    requestPermissions: [
      [Object], [Object],
      [Object], [Object],
      [Object], [Object],
      [Object], [Object]
    ],
    definePermissions: undefined
  },
  integratedHsp: false,
  projectArkOption: undefined,
  sourceMapDir: undefined,
  branchElimination: false,
  transformLib: undefined,
  tsImportSendable: false,
  resolveConflictMode: true,
  depName2RootPath: {},
  depName2DepInfo: {},
  rootPathSet: [ 'D:\\CityUproject\\CampusNavigation\\RoomMarkerHarmony' ],
  useNativeResolver: true,
  shouldEmitJs: true,
  useTscResolve: false,
  singleFileEmit: false,
  userProjectConfig: {
    autoLazyImport: false,
    allowEmptyBundleName: false,
    reExportCheckMode: 'noCheck',
    executionMode: 'memory',
    usePathPlaceholder: false,
    writeRollupCache: true,
    isExpandImportEnabled: false,
    expandImportExclude: '',
    lazyImportExclude: '',
    lazyImportInclude: '',
    ignoreCrossplatformCheck: false,
    isHarDeduplicateEnabled: false,
    enableStrictCheckOHModule: false,
    useDeclarationFileSignature: false,
    isPreloadSoEnabled: false
  },
  skipOhModulesLint: false,
  executionMode: 'memory',
  arkCompileCachePath: 'D:\\CityUproject\\CampusNavigation\\RoomMarkerHarmony\\entry\\build\\default\\cache\\default\\default@CompileArkTS\\esmodule',
  autoLazyFilter: undefined,
  isHarDeduplicateEnabled: false,
  intermediateHarDuplicateDirPath: 'D:\\CityUproject\\CampusNavigation\\RoomMarkerHarmony\\entry\\build\\default\\intermediates\\har_duplicate\\default',
  autoLazyImport: false,
  allowEmptyBundleName: false,
  reExportCheckMode: 'noCheck',
  usePathPlaceholder: false,
  writeRollupCache: true,
  isExpandImportEnabled: false,
  expandImportExclude: '',
  lazyImportExclude: '',
  lazyImportInclude: '',
  ignoreCrossplatformCheck: false,
  enableStrictCheckOHModule: false,
  useDeclarationFileSignature: false,
  isPreloadSoEnabled: false,
  strictMode: undefined,
  useNormalizedOHMUrl: false,
  caseSensitiveCheck: false,
  aceModuleJsonPath: 'D:\\CityUproject\\CampusNavigation\\RoomMarkerHarmony\\entry\\build\\default\\intermediates\\res\\default\\ark_module.json',
  appResource: 'D:\\CityUproject\\CampusNavigation\\RoomMarkerHarmony\\entry\\build\\default\\intermediates\\res\\default\\ResourceTable.txt',
  rawFileResource: 'D:\\CityUproject\\CampusNavigation\\RoomMarkerHarmony\\entry\\build\\default\\intermediates\\res\\default\\resources\\rawfile',
  resourceTableHash: 'e84d41c7c4344455426326d512fd2cdd79a96857cfeacf3cd60115dd0a49deba',
  runtimeOS: 'HarmonyOS',
  sdkInfo: 'false:21:6.0.1.112:Release',
  aceModuleRoot: 'D:\\CityUproject\\CampusNavigation\\RoomMarkerHarmony\\entry\\src\\main\\ets',
  compileMode: 'esmodule',
  aceSuperVisualPath: 'D:\\CityUproject\\CampusNavigation\\RoomMarkerHarmony\\entry\\src\\main\\supervisual',
  aceBuildJson: 'D:\\CityUproject\\CampusNavigation\\RoomMarkerHarmony\\entry\\build\\default\\intermediates\\loader\\default\\loader.json',
  cachePath: 'D:\\CityUproject\\CampusNavigation\\RoomMarkerHarmony\\entry\\build\\default\\cache\\default\\default@CompileArkTS\\esmodule\\debug',
  aceModuleBuild: 'D:\\CityUproject\\CampusNavigation\\RoomMarkerHarmony\\entry\\build\\default\\intermediates\\loader_out\\default\\ets',
  supportChunks: true,
  declaredFilesPath: undefined,
  shouldCollectDirectImportees: false,
  isByteCodeHarOptimize: false,
  expandImportPath: undefined,
  pkgNameToPkgBriefInfo: {
    entry: {
      pkgRoot: 'D:\\CityUproject\\CampusNavigation\\RoomMarkerHarmony\\entry',
      originalSourceRoots: undefined,
      sourceRoots: [Array],
      pkgName: 'entry'
    }
  },
  projectModel: {
    'D:\\CityUproject\\CampusNavigation\\RoomMarkerHarmony\\entry\\src\\main': {
      moduleName: 'entry',
      modulePkgPath: 'D:\\CityUproject\\CampusNavigation\\RoomMarkerHarmony\\entry',
      belongProjectPath: 'D:\\CityUproject\\CampusNavigation\\RoomMarkerHarmony'
    },
    'D:\\CityUproject\\CampusNavigation\\RoomMarkerHarmony\\entry': {
      moduleName: 'entry',
      modulePkgPath: 'D:\\CityUproject\\CampusNavigation\\RoomMarkerHarmony\\entry',
      belongProjectPath: 'D:\\CityUproject\\CampusNavigation\\RoomMarkerHarmony'
    },
    'D:\\CityUproject\\CampusNavigation\\RoomMarkerHarmony': {
      moduleName: 'RoomMarkerHarmony',
      modulePkgPath: 'D:\\CityUproject\\CampusNavigation\\RoomMarkerHarmony',
      belongProjectPath: 'D:\\CityUproject\\CampusNavigation\\RoomMarkerHarmony'
    }
  },
  pkgJsonFileHash: 'ac019853f4aab35e0389d66085a03b3c996fc93df6c0d2d552ea85d3dfb7436a',
  allModulePaths: [ 'D:\\CityUproject\\CampusNavigation\\RoomMarkerHarmony\\entry' ],
  routerMap: {},
  obfuscationOptions: undefined,
  byteCodeHarToDependencyKeys: undefined,
  compileBlockPkg: [],
  mockParams: {
    decorator: '@MockSetup',
    packageName: '@ohos/hamock',
    etsSourceRootPath: 'src/main/ets',
    mockConfigPath: undefined,
    mockConfigKey2ModuleInfo: {},
    source2ModuleIdMap: {}
  },
  copyCodeResourceEnable: true,
  copyCodeResourceExcludes: [],
  copyCodeResourceIncludes: undefined,
  uiTransformOptimization: false,
  sdkPath: 'D:/DevEco/DevEco Studio/sdk',
  needPreloadSoFileSet: {},
  preloadSoFilePath: 'D:\\CityUproject\\CampusNavigation\\RoomMarkerHarmony\\entry\\build\\default\\intermediates\\preload\\default\\preload.json',
  useSourceHash: false,
  localModuleParamMap: {},
  otherPaths: {
    'entry/*': [
      '..\\*',
      '..\\..\\..\\build\\default\\generated\\profile\\default\\*'
    ]
  },
  collectImportersConfig: undefined
}
[2026-09-16T09:22:57.883] [DEBUG] debug-file - Compile arkts with external api path: D:\DevEco\DevEco Studio\sdk\default\hms\ets
[2026-09-16T09:22:57.884] [DEBUG] debug-file - default@CompileArkTS work[0] is submitted.
[2026-09-16T09:22:57.884] [DEBUG] debug-file - default@CompileArkTS work[0] is pushed to ready queue.
[2026-09-16T09:22:57.884] [DEBUG] debug-file - A work dispatched to worker[15] failed because unable to get work from ready queue.
[2026-09-16T09:22:57.884] [DEBUG] debug-file - A work dispatched to worker[14] failed because unable to get work from ready queue.
[2026-09-16T09:22:57.884] [DEBUG] debug-file - A work dispatched to worker[13] failed because unable to get work from ready queue.
[2026-09-16T09:22:57.884] [DEBUG] debug-file - A work dispatched to worker[12] failed because unable to get work from ready queue.
[2026-09-16T09:22:57.884] [DEBUG] debug-file - A work dispatched to worker[11] failed because unable to get work from ready queue.
[2026-09-16T09:22:57.884] [DEBUG] debug-file - A work dispatched to worker[10] failed because unable to get work from ready queue.
[2026-09-16T09:22:57.884] [DEBUG] debug-file - A work dispatched to worker[9] failed because unable to get work from ready queue.
[2026-09-16T09:22:57.884] [DEBUG] debug-file - A work dispatched to worker[8] failed because unable to get work from ready queue.
[2026-09-16T09:22:57.884] [DEBUG] debug-file - A work dispatched to worker[7] failed because unable to get work from ready queue.
[2026-09-16T09:22:57.884] [DEBUG] debug-file - A work dispatched to worker[6] failed because unable to get work from ready queue.
[2026-09-16T09:22:57.884] [DEBUG] debug-file - A work dispatched to worker[5] failed because unable to get work from ready queue.
[2026-09-16T09:22:57.884] [DEBUG] debug-file - Create  resident worker with id: 4.
[2026-09-16T09:22:57.885] [DEBUG] debug-file - default@CompileArkTS work[0] has been dispatched to worker[4].
[2026-09-16T09:22:57.885] [DEBUG] debug-file - default@CompileArkTS work[0] is dispatched.
[2026-09-16T09:22:57.885] [DEBUG] debug-file - CopyResources startTime: 28246873447600
[2026-09-16T09:22:57.885] [DEBUG] debug-file - default@CompileArkTS work[1] is submitted.
[2026-09-16T09:22:57.885] [DEBUG] debug-file - default@CompileArkTS work[1] is pushed to ready queue.
[2026-09-16T09:22:57.885] [DEBUG] debug-file - A work dispatched to worker[15] failed because unable to get work from ready queue.
[2026-09-16T09:22:57.885] [DEBUG] debug-file - Create  resident worker with id: 14.
[2026-09-16T09:22:57.886] [DEBUG] debug-file - default@CompileArkTS work[1] has been dispatched to worker[14].
[2026-09-16T09:22:57.886] [DEBUG] debug-file - default@CompileArkTS work[1] is dispatched.
[2026-09-16T09:22:57.886] [DEBUG] debug-file - entry : default@CompileArkTS cost memory 0.22147369384765625
[2026-09-16T09:22:57.887] [DEBUG] debug-file - Executing task :entry:default@BuildJS
[2026-09-16T09:22:57.887] [DEBUG] debug-file - Task 'entry:default@BuildJS' cost while wrapping incremental declarations: 1 ms 
[2026-09-16T09:22:57.888] [DEBUG] debug-file - entry : default@BuildJS cost memory 0.15256500244140625
[2026-09-16T09:22:57.888] [DEBUG] debug-file - runTaskFromQueue task cost before running: 152 ms 
[2026-09-16T09:22:57.889] [INFO] debug-file - Finished :entry:default@BuildJS... after 2 ms 
[2026-09-16T09:22:57.889] [DEBUG] debug-file - Executing task :entry:default@CacheNativeLibs
[2026-09-16T09:22:57.889] [DEBUG] debug-file - Task 'entry:default@CacheNativeLibs' cost while wrapping incremental declarations: 1 ms 
[2026-09-16T09:22:57.890] [DEBUG] debug-file - Incremental task entry:default@CacheNativeLibs pre-execution cost: 1 ms .
[2026-09-16T09:22:57.890] [DEBUG] debug-file - entry : default@CacheNativeLibs cost memory 0.10076904296875
[2026-09-16T09:22:57.890] [INFO] debug-file - UP-TO-DATE :entry:default@CacheNativeLibs...  
[2026-09-16T09:22:58.556] [DEBUG] debug-file - worker[14] has one work done.
[2026-09-16T09:22:58.556] [DEBUG] debug-file - CopyResources is end, endTime: 28247544486300
[2026-09-16T09:22:58.556] [DEBUG] debug-file - default@CompileArkTS work[1] done.
[2026-09-16T09:22:58.557] [DEBUG] debug-file - A work dispatched to worker[14] failed because unable to get work from ready queue.
[2026-09-16T09:23:11.817] [DEBUG] debug-file - worker[4] has one work error.
[2026-09-16T09:23:11.817] [DEBUG] debug-file - default@CompileArkTS work[0] failed.
[2026-09-16T09:23:11.817] [DEBUG] debug-file - Ark compile task finished.finished time is 28260805196800
[2026-09-16T09:23:11.818] [ERROR] debug-file - Failed :entry:default@CompileArkTS... 
[2026-09-16T09:23:11.818] [WARN] debug-file - 
[33m1 WARN: [33m[33mArkTS:WARN: For details about ArkTS syntax errors, see FAQs[39m[39m
[33m2 WARN: [33m[33mArkTS:WARN File: D:/CityUproject/CampusNavigation/RoomMarkerHarmony/entry/src/main/ets/data/Store.ets:168:49
 Function may throw exceptions. Special handling is required.
[39m[39m
[33m3 WARN: [33m[33mArkTS:WARN File: D:/CityUproject/CampusNavigation/RoomMarkerHarmony/entry/src/main/ets/data/Store.ets:175:12
 Function may throw exceptions. Special handling is required.
[39m[39m
[33m4 WARN: [33m[33mArkTS:WARN File: D:/CityUproject/CampusNavigation/RoomMarkerHarmony/entry/src/main/ets/data/Store.ets:177:13
 Function may throw exceptions. Special handling is required.
[39m[39m
[33m5 WARN: [33m[33mArkTS:WARN File: D:/CityUproject/CampusNavigation/RoomMarkerHarmony/entry/src/main/ets/data/Store.ets:177:24
 Function may throw exceptions. Special handling is required.
[39m[39m
[33m6 WARN: [33m[33mArkTS:WARN File: D:/CityUproject/CampusNavigation/RoomMarkerHarmony/entry/src/main/ets/data/Store.ets:178:15
 Function may throw exceptions. Special handling is required.
[39m[39m
[33m7 WARN: [33m[33mArkTS:WARN File: D:/CityUproject/CampusNavigation/RoomMarkerHarmony/entry/src/main/ets/data/Store.ets:178:28
 Function may throw exceptions. Special handling is required.
[39m[39m
[33m8 WARN: [33m[33mArkTS:WARN File: D:/CityUproject/CampusNavigation/RoomMarkerHarmony/entry/src/main/ets/data/Store.ets:179:15
 Function may throw exceptions. Special handling is required.
[39m[39m
[33m9 WARN: [33m[33mArkTS:WARN File: D:/CityUproject/CampusNavigation/RoomMarkerHarmony/entry/src/main/ets/data/Store.ets:179:28
 Function may throw exceptions. Special handling is required.
[39m[39m
[33m10 WARN: [33m[33mArkTS:WARN File: D:/CityUproject/CampusNavigation/RoomMarkerHarmony/entry/src/main/ets/data/Store.ets:180:20
 Function may throw exceptions. Special handling is required.
[39m[39m
[33m11 WARN: [33m[33mArkTS:WARN File: D:/CityUproject/CampusNavigation/RoomMarkerHarmony/entry/src/main/ets/data/Store.ets:180:31
 Function may throw exceptions. Special handling is required.
[39m[39m
[33m12 WARN: [33m[33mArkTS:WARN File: D:/CityUproject/CampusNavigation/RoomMarkerHarmony/entry/src/main/ets/data/Store.ets:181:20
 Function may throw exceptions. Special handling is required.
[39m[39m
[33m13 WARN: [33m[33mArkTS:WARN File: D:/CityUproject/CampusNavigation/RoomMarkerHarmony/entry/src/main/ets/data/Store.ets:181:31
 Function may throw exceptions. Special handling is required.
[39m[39m
[33m14 WARN: [33m[33mArkTS:WARN File: D:/CityUproject/CampusNavigation/RoomMarkerHarmony/entry/src/main/ets/data/Store.ets:182:21
 Function may throw exceptions. Special handling is required.
[39m[39m
[33m15 WARN: [33m[33mArkTS:WARN File: D:/CityUproject/CampusNavigation/RoomMarkerHarmony/entry/src/main/ets/data/Store.ets:182:32
 Function may throw exceptions. Special handling is required.
[39m[39m
[33m16 WARN: [33m[33mArkTS:WARN File: D:/CityUproject/CampusNavigation/RoomMarkerHarmony/entry/src/main/ets/data/Store.ets:185:5
 Function may throw exceptions. Special handling is required.
[39m[39m
[33m17 WARN: [33m[33mArkTS:WARN File: D:/CityUproject/CampusNavigation/RoomMarkerHarmony/entry/src/main/ets/data/Store.ets:196:49
 Function may throw exceptions. Special handling is required.
[39m[39m
[33m18 WARN: [33m[33mArkTS:WARN File: D:/CityUproject/CampusNavigation/RoomMarkerHarmony/entry/src/main/ets/data/Store.ets:200:9
 Function may throw exceptions. Special handling is required.
[39m[39m
[33m19 WARN: [33m[33mArkTS:WARN File: D:/CityUproject/CampusNavigation/RoomMarkerHarmony/entry/src/main/ets/data/Store.ets:202:13
 Function may throw exceptions. Special handling is required.
[39m[39m
[33m20 WARN: [33m[33mArkTS:WARN File: D:/CityUproject/CampusNavigation/RoomMarkerHarmony/entry/src/main/ets/data/Store.ets:202:24
 Function may throw exceptions. Special handling is required.
[39m[39m
[33m21 WARN: [33m[33mArkTS:WARN File: D:/CityUproject/CampusNavigation/RoomMarkerHarmony/entry/src/main/ets/data/Store.ets:203:15
 Function may throw exceptions. Special handling is required.
[39m[39m
[33m22 WARN: [33m[33mArkTS:WARN File: D:/CityUproject/CampusNavigation/RoomMarkerHarmony/entry/src/main/ets/data/Store.ets:203:28
 Function may throw exceptions. Special handling is required.
[39m[39m
[33m23 WARN: [33m[33mArkTS:WARN File: D:/CityUproject/CampusNavigation/RoomMarkerHarmony/entry/src/main/ets/data/Store.ets:204:15
 Function may throw exceptions. Special handling is required.
[39m[39m
[33m24 WARN: [33m[33mArkTS:WARN File: D:/CityUproject/CampusNavigation/RoomMarkerHarmony/entry/src/main/ets/data/Store.ets:204:28
 Function may throw exceptions. Special handling is required.
[39m[39m
[33m25 WARN: [33m[33mArkTS:WARN File: D:/CityUproject/CampusNavigation/RoomMarkerHarmony/entry/src/main/ets/data/Store.ets:205:20
 Function may throw exceptions. Special handling is required.
[39m[39m
[33m26 WARN: [33m[33mArkTS:WARN File: D:/CityUproject/CampusNavigation/RoomMarkerHarmony/entry/src/main/ets/data/Store.ets:205:31
 Function may throw exceptions. Special handling is required.
[39m[39m
[33m27 WARN: [33m[33mArkTS:WARN File: D:/CityUproject/CampusNavigation/RoomMarkerHarmony/entry/src/main/ets/data/Store.ets:210:5
 Function may throw exceptions. Special handling is required.
[39m[39m
[33m28 WARN: [33m[33mArkTS:WARN File: D:/CityUproject/CampusNavigation/RoomMarkerHarmony/entry/src/main/ets/data/Store.ets:221:33
 Function may throw exceptions. Special handling is required.
[39m[39m
[33m29 WARN: [33m[33mArkTS:WARN File: D:/CityUproject/CampusNavigation/RoomMarkerHarmony/entry/src/main/ets/data/Store.ets:232:11
 Function may throw exceptions. Special handling is required.
[39m[39m
[33m30 WARN: [33m[33mArkTS:WARN File: D:/CityUproject/CampusNavigation/RoomMarkerHarmony/entry/src/main/ets/data/Store.ets:236:11
 Function may throw exceptions. Special handling is required.
[39m[39m
[33m31 WARN: [33m[33mArkTS:WARN File: D:/CityUproject/CampusNavigation/RoomMarkerHarmony/entry/src/main/ets/data/Store.ets:239:11
 Function may throw exceptions. Special handling is required.
[39m[39m
[33m32 WARN: [33m[33mArkTS:WARN File: D:/CityUproject/CampusNavigation/RoomMarkerHarmony/entry/src/main/ets/data/Store.ets:253:49
 Function may throw exceptions. Special handling is required.
[39m[39m
[33m33 WARN: [33m[33mArkTS:WARN File: D:/CityUproject/CampusNavigation/RoomMarkerHarmony/entry/src/main/ets/data/Store.ets:255:12
 Function may throw exceptions. Special handling is required.
[39m[39m
[33m34 WARN: [33m[33mArkTS:WARN File: D:/CityUproject/CampusNavigation/RoomMarkerHarmony/entry/src/main/ets/data/Store.ets:256:20
 Function may throw exceptions. Special handling is required.
[39m[39m
[33m35 WARN: [33m[33mArkTS:WARN File: D:/CityUproject/CampusNavigation/RoomMarkerHarmony/entry/src/main/ets/data/Store.ets:256:31
 Function may throw exceptions. Special handling is required.
[39m[39m
[33m36 WARN: [33m[33mArkTS:WARN File: D:/CityUproject/CampusNavigation/RoomMarkerHarmony/entry/src/main/ets/data/Store.ets:258:5
 Function may throw exceptions. Special handling is required.
[39m[39m
[33m37 WARN: [33m[33mArkTS:WARN File: D:/CityUproject/CampusNavigation/RoomMarkerHarmony/entry/src/main/ets/data/Store.ets:264:11
 Function may throw exceptions. Special handling is required.
[39m[39m
[33m38 WARN: [33m[33mArkTS:WARN File: D:/CityUproject/CampusNavigation/RoomMarkerHarmony/entry/src/main/ets/data/Store.ets:285:49
 Function may throw exceptions. Special handling is required.
[39m[39m
[33m39 WARN: [33m[33mArkTS:WARN File: D:/CityUproject/CampusNavigation/RoomMarkerHarmony/entry/src/main/ets/data/Store.ets:289:12
 Function may throw exceptions. Special handling is required.
[39m[39m
[33m40 WARN: [33m[33mArkTS:WARN File: D:/CityUproject/CampusNavigation/RoomMarkerHarmony/entry/src/main/ets/data/Store.ets:291:13
 Function may throw exceptions. Special handling is required.
[39m[39m
[33m41 WARN: [33m[33mArkTS:WARN File: D:/CityUproject/CampusNavigation/RoomMarkerHarmony/entry/src/main/ets/data/Store.ets:291:24
 Function may throw exceptions. Special handling is required.
[39m[39m
[33m42 WARN: [33m[33mArkTS:WARN File: D:/CityUproject/CampusNavigation/RoomMarkerHarmony/entry/src/main/ets/data/Store.ets:292:15
 Function may throw exceptions. Special handling is required.
[39m[39m
[33m43 WARN: [33m[33mArkTS:WARN File: D:/CityUproject/CampusNavigation/RoomMarkerHarmony/entry/src/main/ets/data/Store.ets:292:28
 Function may throw exceptions. Special handling is required.
[39m[39m
[33m44 WARN: [33m[33mArkTS:WARN File: D:/CityUproject/CampusNavigation/RoomMarkerHarmony/entry/src/main/ets/data/Store.ets:293:15
 Function may throw exceptions. Special handling is required.
[39m[39m
[33m45 WARN: [33m[33mArkTS:WARN File: D:/CityUproject/CampusNavigation/RoomMarkerHarmony/entry/src/main/ets/data/Store.ets:293:28
 Function may throw exceptions. Special handling is required.
[39m[39m
[33m46 WARN: [33m[33mArkTS:WARN File: D:/CityUproject/CampusNavigation/RoomMarkerHarmony/entry/src/main/ets/data/Store.ets:299:20
 Function may throw exceptions. Special handling is required.
[39m[39m
[33m47 WARN: [33m[33mArkTS:WARN File: D:/CityUproject/CampusNavigation/RoomMarkerHarmony/entry/src/main/ets/data/Store.ets:299:31
 Function may throw exceptions. Special handling is required.
[39m[39m
[33m48 WARN: [33m[33mArkTS:WARN File: D:/CityUproject/CampusNavigation/RoomMarkerHarmony/entry/src/main/ets/data/Store.ets:302:5
 Function may throw exceptions. Special handling is required.
[39m[39m
[33m49 WARN: [33m[33mArkTS:WARN File: D:/CityUproject/CampusNavigation/RoomMarkerHarmony/entry/src/main/ets/data/Store.ets:313:49
 Function may throw exceptions. Special handling is required.
[39m[39m
[33m50 WARN: [33m[33mArkTS:WARN File: D:/CityUproject/CampusNavigation/RoomMarkerHarmony/entry/src/main/ets/data/Store.ets:317:9
 Function may throw exceptions. Special handling is required.
[39m[39m
[33m51 WARN: [33m[33mArkTS:WARN File: D:/CityUproject/CampusNavigation/RoomMarkerHarmony/entry/src/main/ets/data/Store.ets:319:13
 Function may throw exceptions. Special handling is required.
[39m[39m
[33m52 WARN: [33m[33mArkTS:WARN File: D:/CityUproject/CampusNavigation/RoomMarkerHarmony/entry/src/main/ets/data/Store.ets:319:24
 Function may throw exceptions. Special handling is required.
[39m[39m
[33m53 WARN: [33m[33mArkTS:WARN File: D:/CityUproject/CampusNavigation/RoomMarkerHarmony/entry/src/main/ets/data/Store.ets:320:15
 Function may throw exceptions. Special handling is required.
[39m[39m
[33m54 WARN: [33m[33mArkTS:WARN File: D:/CityUproject/CampusNavigation/RoomMarkerHarmony/entry/src/main/ets/data/Store.ets:320:28
 Function may throw exceptions. Special handling is required.
[39m[39m
[33m55 WARN: [33m[33mArkTS:WARN File: D:/CityUproject/CampusNavigation/RoomMarkerHarmony/entry/src/main/ets/data/Store.ets:321:15
 Function may throw exceptions. Special handling is required.
[39m[39m
[33m56 WARN: [33m[33mArkTS:WARN File: D:/CityUproject/CampusNavigation/RoomMarkerHarmony/entry/src/main/ets/data/Store.ets:321:28
 Function may throw exceptions. Special handling is required.
[39m[39m
[33m57 WARN: [33m[33mArkTS:WARN File: D:/CityUproject/CampusNavigation/RoomMarkerHarmony/entry/src/main/ets/data/Store.ets:327:20
 Function may throw exceptions. Special handling is required.
[39m[39m
[33m58 WARN: [33m[33mArkTS:WARN File: D:/CityUproject/CampusNavigation/RoomMarkerHarmony/entry/src/main/ets/data/Store.ets:327:31
 Function may throw exceptions. Special handling is required.
[39m[39m
[33m59 WARN: [33m[33mArkTS:WARN File: D:/CityUproject/CampusNavigation/RoomMarkerHarmony/entry/src/main/ets/data/Store.ets:330:5
 Function may throw exceptions. Special handling is required.
[39m[39m
[33m60 WARN: [33m[33mArkTS:WARN File: D:/CityUproject/CampusNavigation/RoomMarkerHarmony/entry/src/main/ets/data/Store.ets:342:49
 Function may throw exceptions. Special handling is required.
[39m[39m
[33m61 WARN: [33m[33mArkTS:WARN File: D:/CityUproject/CampusNavigation/RoomMarkerHarmony/entry/src/main/ets/data/Store.ets:348:12
 Function may throw exceptions. Special handling is required.
[39m[39m
[33m62 WARN: [33m[33mArkTS:WARN File: D:/CityUproject/CampusNavigation/RoomMarkerHarmony/entry/src/main/ets/data/Store.ets:350:13
 Function may throw exceptions. Special handling is required.
[39m[39m
[33m63 WARN: [33m[33mArkTS:WARN File: D:/CityUproject/CampusNavigation/RoomMarkerHarmony/entry/src/main/ets/data/Store.ets:350:24
 Function may throw exceptions. Special handling is required.
[39m[39m
[33m64 WARN: [33m[33mArkTS:WARN File: D:/CityUproject/CampusNavigation/RoomMarkerHarmony/entry/src/main/ets/data/Store.ets:351:17
 Function may throw exceptions. Special handling is required.
[39m[39m
[33m65 WARN: [33m[33mArkTS:WARN File: D:/CityUproject/CampusNavigation/RoomMarkerHarmony/entry/src/main/ets/data/Store.ets:351:28
 Function may throw exceptions. Special handling is required.
[39m[39m
[33m66 WARN: [33m[33mArkTS:WARN File: D:/CityUproject/CampusNavigation/RoomMarkerHarmony/entry/src/main/ets/data/Store.ets:352:15
 Function may throw exceptions. Special handling is required.
[39m[39m
[33m67 WARN: [33m[33mArkTS:WARN File: D:/CityUproject/CampusNavigation/RoomMarkerHarmony/entry/src/main/ets/data/Store.ets:352:28
 Function may throw exceptions. Special handling is required.
[39m[39m
[33m68 WARN: [33m[33mArkTS:WARN File: D:/CityUproject/CampusNavigation/RoomMarkerHarmony/entry/src/main/ets/data/Store.ets:353:21
 Function may throw exceptions. Special handling is required.
[39m[39m
[33m69 WARN: [33m[33mArkTS:WARN File: D:/CityUproject/CampusNavigation/RoomMarkerHarmony/entry/src/main/ets/data/Store.ets:353:34
 Function may throw exceptions. Special handling is required.
[39m[39m
[33m70 WARN: [33m[33mArkTS:WARN File: D:/CityUproject/CampusNavigation/RoomMarkerHarmony/entry/src/main/ets/data/Store.ets:362:20
 Function may throw exceptions. Special handling is required.
[39m[39m
[33m71 WARN: [33m[33mArkTS:WARN File: D:/CityUproject/CampusNavigation/RoomMarkerHarmony/entry/src/main/ets/data/Store.ets:362:31
 Function may throw exceptions. Special handling is required.
[39m[39m
[33m72 WARN: [33m[33mArkTS:WARN File: D:/CityUproject/CampusNavigation/RoomMarkerHarmony/entry/src/main/ets/data/Store.ets:365:5
 Function may throw exceptions. Special handling is required.
[39m[39m
[33m73 WARN: [33m[33mArkTS:WARN File: D:/CityUproject/CampusNavigation/RoomMarkerHarmony/entry/src/main/ets/data/Store.ets:374:49
 Function may throw exceptions. Special handling is required.
[39m[39m
[33m74 WARN: [33m[33mArkTS:WARN File: D:/CityUproject/CampusNavigation/RoomMarkerHarmony/entry/src/main/ets/data/Store.ets:380:12
 Function may throw exceptions. Special handling is required.
[39m[39m
[33m75 WARN: [33m[33mArkTS:WARN File: D:/CityUproject/CampusNavigation/RoomMarkerHarmony/entry/src/main/ets/data/Store.ets:382:13
 Function may throw exceptions. Special handling is required.
[39m[39m
[33m76 WARN: [33m[33mArkTS:WARN File: D:/CityUproject/CampusNavigation/RoomMarkerHarmony/entry/src/main/ets/data/Store.ets:382:24
 Function may throw exceptions. Special handling is required.
[39m[39m
[33m77 WARN: [33m[33mArkTS:WARN File: D:/CityUproject/CampusNavigation/RoomMarkerHarmony/entry/src/main/ets/data/Store.ets:383:15
 Function may throw exceptions. Special handling is required.
[39m[39m
[33m78 WARN: [33m[33mArkTS:WARN File: D:/CityUproject/CampusNavigation/RoomMarkerHarmony/entry/src/main/ets/data/Store.ets:383:28
 Function may throw exceptions. Special handling is required.
[39m[39m
[33m79 WARN: [33m[33mArkTS:WARN File: D:/CityUproject/CampusNavigation/RoomMarkerHarmony/entry/src/main/ets/data/Store.ets:384:20
 Function may throw exceptions. Special handling is required.
[39m[39m
[33m80 WARN: [33m[33mArkTS:WARN File: D:/CityUproject/CampusNavigation/RoomMarkerHarmony/entry/src/main/ets/data/Store.ets:384:31
 Function may throw exceptions. Special handling is required.
[39m[39m
[33m81 WARN: [33m[33mArkTS:WARN File: D:/CityUproject/CampusNavigation/RoomMarkerHarmony/entry/src/main/ets/data/Store.ets:386:21
 Function may throw exceptions. Special handling is required.
[39m[39m
[33m82 WARN: [33m[33mArkTS:WARN File: D:/CityUproject/CampusNavigation/RoomMarkerHarmony/entry/src/main/ets/data/Store.ets:386:32
 Function may throw exceptions. Special handling is required.
[39m[39m
[33m83 WARN: [33m[33mArkTS:WARN File: D:/CityUproject/CampusNavigation/RoomMarkerHarmony/entry/src/main/ets/data/Store.ets:391:5
 Function may throw exceptions. Special handling is required.
[39m[39m
[33m84 WARN: [33m[33mArkTS:WARN File: D:/CityUproject/CampusNavigation/RoomMarkerHarmony/entry/src/main/ets/data/Store.ets:408:49
 Function may throw exceptions. Special handling is required.
[39m[39m
[33m85 WARN: [33m[33mArkTS:WARN File: D:/CityUproject/CampusNavigation/RoomMarkerHarmony/entry/src/main/ets/data/Store.ets:412:12
 Function may throw exceptions. Special handling is required.
[39m[39m
[33m86 WARN: [33m[33mArkTS:WARN File: D:/CityUproject/CampusNavigation/RoomMarkerHarmony/entry/src/main/ets/data/Store.ets:414:13
 Function may throw exceptions. Special handling is required.
[39m[39m
[33m87 WARN: [33m[33mArkTS:WARN File: D:/CityUproject/CampusNavigation/RoomMarkerHarmony/entry/src/main/ets/data/Store.ets:414:24
 Function may throw exceptions. Special handling is required.
[39m[39m
[33m88 WARN: [33m[33mArkTS:WARN File: D:/CityUproject/CampusNavigation/RoomMarkerHarmony/entry/src/main/ets/data/Store.ets:415:15
 Function may throw exceptions. Special handling is required.
[39m[39m
[33m89 WARN: [33m[33mArkTS:WARN File: D:/CityUproject/CampusNavigation/RoomMarkerHarmony/entry/src/main/ets/data/Store.ets:415:28
 Function may throw exceptions. Special handling is required.
[39m[39m
[33m90 WARN: [33m[33mArkTS:WARN File: D:/CityUproject/CampusNavigation/RoomMarkerHarmony/entry/src/main/ets/data/Store.ets:416:20
 Function may throw exceptions. Special handling is required.
[39m[39m
[33m91 WARN: [33m[33mArkTS:WARN File: D:/CityUproject/CampusNavigation/RoomMarkerHarmony/entry/src/main/ets/data/Store.ets:416:31
 Function may throw exceptions. Special handling is required.
[39m[39m
[33m92 WARN: [33m[33mArkTS:WARN File: D:/CityUproject/CampusNavigation/RoomMarkerHarmony/entry/src/main/ets/data/Store.ets:418:21
 Function may throw exceptions. Special handling is required.
[39m[39m
[33m93 WARN: [33m[33mArkTS:WARN File: D:/CityUproject/CampusNavigation/RoomMarkerHarmony/entry/src/main/ets/data/Store.ets:418:32
 Function may throw exceptions. Special handling is required.
[39m[39m
[33m94 WARN: [33m[33mArkTS:WARN File: D:/CityUproject/CampusNavigation/RoomMarkerHarmony/entry/src/main/ets/data/Store.ets:422:5
 Function may throw exceptions. Special handling is required.
[39m[39m
[33m95 WARN: [33m[33mArkTS:WARN File: D:/CityUproject/CampusNavigation/RoomMarkerHarmony/entry/src/main/ets/data/Store.ets:431:49
 Function may throw exceptions. Special handling is required.
[39m[39m
[33m96 WARN: [33m[33mArkTS:WARN File: D:/CityUproject/CampusNavigation/RoomMarkerHarmony/entry/src/main/ets/data/Store.ets:436:9
 Function may throw exceptions. Special handling is required.
[39m[39m
[33m97 WARN: [33m[33mArkTS:WARN File: D:/CityUproject/CampusNavigation/RoomMarkerHarmony/entry/src/main/ets/data/Store.ets:438:13
 Function may throw exceptions. Special handling is required.
[39m[39m
[33m98 WARN: [33m[33mArkTS:WARN File: D:/CityUproject/CampusNavigation/RoomMarkerHarmony/entry/src/main/ets/data/Store.ets:438:24
 Function may throw exceptions. Special handling is required.
[39m[39m
[33m99 WARN: [33m[33mArkTS:WARN File: D:/CityUproject/CampusNavigation/RoomMarkerHarmony/entry/src/main/ets/data/Store.ets:439:15
 Function may throw exceptions. Special handling is required.
[39m[39m
[33m100 WARN: [33m[33mArkTS:WARN File: D:/CityUproject/CampusNavigation/RoomMarkerHarmony/entry/src/main/ets/data/Store.ets:439:28
 Function may throw exceptions. Special handling is required.
[39m[39m
[33m101 WARN: [33m[33mArkTS:WARN File: D:/CityUproject/CampusNavigation/RoomMarkerHarmony/entry/src/main/ets/data/Store.ets:440:20
 Function may throw exceptions. Special handling is required.
[39m[39m
[33m102 WARN: [33m[33mArkTS:WARN File: D:/CityUproject/CampusNavigation/RoomMarkerHarmony/entry/src/main/ets/data/Store.ets:440:31
 Function may throw exceptions. Special handling is required.
[39m[39m
[33m103 WARN: [33m[33mArkTS:WARN File: D:/CityUproject/CampusNavigation/RoomMarkerHarmony/entry/src/main/ets/data/Store.ets:442:21
 Function may throw exceptions. Special handling is required.
[39m[39m
[33m104 WARN: [33m[33mArkTS:WARN File: D:/CityUproject/CampusNavigation/RoomMarkerHarmony/entry/src/main/ets/data/Store.ets:442:32
 Function may throw exceptions. Special handling is required.
[39m[39m
[33m105 WARN: [33m[33mArkTS:WARN File: D:/CityUproject/CampusNavigation/RoomMarkerHarmony/entry/src/main/ets/data/Store.ets:447:5
 Function may throw exceptions. Special handling is required.
[39m[39m
[33m106 WARN: [33m[33mArkTS:WARN File: D:/CityUproject/CampusNavigation/RoomMarkerHarmony/entry/src/main/ets/data/Store.ets:459:49
 Function may throw exceptions. Special handling is required.
[39m[39m
[33m107 WARN: [33m[33mArkTS:WARN File: D:/CityUproject/CampusNavigation/RoomMarkerHarmony/entry/src/main/ets/data/Store.ets:465:12
 Function may throw exceptions. Special handling is required.
[39m[39m
[33m108 WARN: [33m[33mArkTS:WARN File: D:/CityUproject/CampusNavigation/RoomMarkerHarmony/entry/src/main/ets/data/Store.ets:467:13
 Function may throw exceptions. Special handling is required.
[39m[39m
[33m109 WARN: [33m[33mArkTS:WARN File: D:/CityUproject/CampusNavigation/RoomMarkerHarmony/entry/src/main/ets/data/Store.ets:467:24
 Function may throw exceptions. Special handling is required.
[39m[39m
[33m110 WARN: [33m[33mArkTS:WARN File: D:/CityUproject/CampusNavigation/RoomMarkerHarmony/entry/src/main/ets/data/Store.ets:468:18
 Function may throw exceptions. Special handling is required.
[39m[39m
[33m111 WARN: [33m[33mArkTS:WARN File: D:/CityUproject/CampusNavigation/RoomMarkerHarmony/entry/src/main/ets/data/Store.ets:468:29
 Function may throw exceptions. Special handling is required.
[39m[39m
[33m112 WARN: [33m[33mArkTS:WARN File: D:/CityUproject/CampusNavigation/RoomMarkerHarmony/entry/src/main/ets/data/Store.ets:469:17
 Function may throw exceptions. Special handling is required.
[39m[39m
[33m113 WARN: [33m[33mArkTS:WARN File: D:/CityUproject/CampusNavigation/RoomMarkerHarmony/entry/src/main/ets/data/Store.ets:469:28
 Function may throw exceptions. Special handling is required.
[39m[39m
[33m114 WARN: [33m[33mArkTS:WARN File: D:/CityUproject/CampusNavigation/RoomMarkerHarmony/entry/src/main/ets/data/Store.ets:479:20
 Function may throw exceptions. Special handling is required.
[39m[39m
[33m115 WARN: [33m[33mArkTS:WARN File: D:/CityUproject/CampusNavigation/RoomMarkerHarmony/entry/src/main/ets/data/Store.ets:479:31
 Function may throw exceptions. Special handling is required.
[39m[39m
[33m116 WARN: [33m[33mArkTS:WARN File: D:/CityUproject/CampusNavigation/RoomMarkerHarmony/entry/src/main/ets/data/Store.ets:480:18
 Function may throw exceptions. Special handling is required.
[39m[39m
[33m117 WARN: [33m[33mArkTS:WARN File: D:/CityUproject/CampusNavigation/RoomMarkerHarmony/entry/src/main/ets/data/Store.ets:480:31
 Function may throw exceptions. Special handling is required.
[39m[39m
[33m118 WARN: [33m[33mArkTS:WARN File: D:/CityUproject/CampusNavigation/RoomMarkerHarmony/entry/src/main/ets/data/Store.ets:483:5
 Function may throw exceptions. Special handling is required.
[39m[39m
[33m119 WARN: [33m[33mArkTS:WARN File: D:/CityUproject/CampusNavigation/RoomMarkerHarmony/entry/src/main/ets/data/Store.ets:495:49
 Function may throw exceptions. Special handling is required.
[39m[39m
[33m120 WARN: [33m[33mArkTS:WARN File: D:/CityUproject/CampusNavigation/RoomMarkerHarmony/entry/src/main/ets/data/Store.ets:500:12
 Function may throw exceptions. Special handling is required.
[39m[39m
[33m121 WARN: [33m[33mArkTS:WARN File: D:/CityUproject/CampusNavigation/RoomMarkerHarmony/entry/src/main/ets/data/Store.ets:502:13
 Function may throw exceptions. Special handling is required.
[39m[39m
[33m122 WARN: [33m[33mArkTS:WARN File: D:/CityUproject/CampusNavigation/RoomMarkerHarmony/entry/src/main/ets/data/Store.ets:502:24
 Function may throw exceptions. Special handling is required.
[39m[39m
[33m123 WARN: [33m[33mArkTS:WARN File: D:/CityUproject/CampusNavigation/RoomMarkerHarmony/entry/src/main/ets/data/Store.ets:503:18
 Function may throw exceptions. Special handling is required.
[39m[39m
[33m124 WARN: [33m[33mArkTS:WARN File: D:/CityUproject/CampusNavigation/RoomMarkerHarmony/entry/src/main/ets/data/Store.ets:503:29
 Function may throw exceptions. Special handling is required.
[39m[39m
[33m125 WARN: [33m[33mArkTS:WARN File: D:/CityUproject/CampusNavigation/RoomMarkerHarmony/entry/src/main/ets/data/Store.ets:504:17
 Function may throw exceptions. Special handling is required.
[39m[39m
[33m126 WARN: [33m[33mArkTS:WARN File: D:/CityUproject/CampusNavigation/RoomMarkerHarmony/entry/src/main/ets/data/Store.ets:504:28
 Function may throw exceptions. Special handling is required.
[39m[39m
[33m127 WARN: [33m[33mArkTS:WARN File: D:/CityUproject/CampusNavigation/RoomMarkerHarmony/entry/src/main/ets/data/Store.ets:505:18
 Function may throw exceptions. Special handling is required.
[39m[39m
[33m128 WARN: [33m[33mArkTS:WARN File: D:/CityUproject/CampusNavigation/RoomMarkerHarmony/entry/src/main/ets/data/Store.ets:505:31
 Function may throw exceptions. Special handling is required.
[39m[39m
[33m129 WARN: [33m[33mArkTS:WARN File: D:/CityUproject/CampusNavigation/RoomMarkerHarmony/entry/src/main/ets/data/Store.ets:506:15
 Function may throw exceptions. Special handling is required.
[39m[39m
[33m130 WARN: [33m[33mArkTS:WARN File: D:/CityUproject/CampusNavigation/RoomMarkerHarmony/entry/src/main/ets/data/Store.ets:506:28
 Function may throw exceptions. Special handling is required.
[39m[39m
[33m131 WARN: [33m[33mArkTS:WARN File: D:/CityUproject/CampusNavigation/RoomMarkerHarmony/entry/src/main/ets/data/Store.ets:511:20
 Function may throw exceptions. Special handling is required.
[39m[39m
[33m132 WARN: [33m[33mArkTS:WARN File: D:/CityUproject/CampusNavigation/RoomMarkerHarmony/entry/src/main/ets/data/Store.ets:511:31
 Function may throw exceptions. Special handling is required.
[39m[39m
[33m133 WARN: [33m[33mArkTS:WARN File: D:/CityUproject/CampusNavigation/RoomMarkerHarmony/entry/src/main/ets/data/Store.ets:514:5
 Function may throw exceptions. Special handling is required.
[39m[39m
[33m134 WARN: [33m[33mArkTS:WARN File: D:/CityUproject/CampusNavigation/RoomMarkerHarmony/entry/src/main/ets/data/Store.ets:526:49
 Function may throw exceptions. Special handling is required.
[39m[39m
[33m135 WARN: [33m[33mArkTS:WARN File: D:/CityUproject/CampusNavigation/RoomMarkerHarmony/entry/src/main/ets/data/Store.ets:531:12
 Function may throw exceptions. Special handling is required.
[39m[39m
[33m136 WARN: [33m[33mArkTS:WARN File: D:/CityUproject/CampusNavigation/RoomMarkerHarmony/entry/src/main/ets/data/Store.ets:533:13
 Function may throw exceptions. Special handling is required.
[39m[39m
[33m137 WARN: [33m[33mArkTS:WARN File: D:/CityUproject/CampusNavigation/RoomMarkerHarmony/entry/src/main/ets/data/Store.ets:533:24
 Function may throw exceptions. Special handling is required.
[39m[39m
[33m138 WARN: [33m[33mArkTS:WARN File: D:/CityUproject/CampusNavigation/RoomMarkerHarmony/entry/src/main/ets/data/Store.ets:534:18
 Function may throw exceptions. Special handling is required.
[39m[39m
[33m139 WARN: [33m[33mArkTS:WARN File: D:/CityUproject/CampusNavigation/RoomMarkerHarmony/entry/src/main/ets/data/Store.ets:534:29
 Function may throw exceptions. Special handling is required.
[39m[39m
[33m140 WARN: [33m[33mArkTS:WARN File: D:/CityUproject/CampusNavigation/RoomMarkerHarmony/entry/src/main/ets/data/Store.ets:535:17
 Function may throw exceptions. Special handling is required.
[39m[39m
[33m141 WARN: [33m[33mArkTS:WARN File: D:/CityUproject/CampusNavigation/RoomMarkerHarmony/entry/src/main/ets/data/Store.ets:535:28
 Function may throw exceptions. Special handling is required.
[39m[39m
[33m142 WARN: [33m[33mArkTS:WARN File: D:/CityUproject/CampusNavigation/RoomMarkerHarmony/entry/src/main/ets/data/Store.ets:536:19
 Function may throw exceptions. Special handling is required.
[39m[39m
[33m143 WARN: [33m[33mArkTS:WARN File: D:/CityUproject/CampusNavigation/RoomMarkerHarmony/entry/src/main/ets/data/Store.ets:536:32
 Function may throw exceptions. Special handling is required.
[39m[39m
[33m144 WARN: [33m[33mArkTS:WARN File: D:/CityUproject/CampusNavigation/RoomMarkerHarmony/entry/src/main/ets/data/Store.ets:537:15
 Function may throw exceptions. Special handling is required.
[39m[39m
[33m145 WARN: [33m[33mArkTS:WARN File: D:/CityUproject/CampusNavigation/RoomMarkerHarmony/entry/src/main/ets/data/Store.ets:537:28
 Function may throw exceptions. Special handling is required.
[39m[39m
[33m146 WARN: [33m[33mArkTS:WARN File: D:/CityUproject/CampusNavigation/RoomMarkerHarmony/entry/src/main/ets/data/Store.ets:542:20
 Function may throw exceptions. Special handling is required.
[39m[39m
[33m147 WARN: [33m[33mArkTS:WARN File: D:/CityUproject/CampusNavigation/RoomMarkerHarmony/entry/src/main/ets/data/Store.ets:542:31
 Function may throw exceptions. Special handling is required.
[39m[39m
[33m148 WARN: [33m[33mArkTS:WARN File: D:/CityUproject/CampusNavigation/RoomMarkerHarmony/entry/src/main/ets/data/Store.ets:545:5
 Function may throw exceptions. Special handling is required.
[39m[39m
[33m149 WARN: [33m[33mArkTS:WARN File: D:/CityUproject/CampusNavigation/RoomMarkerHarmony/entry/src/main/ets/data/Store.ets:562:33
 Function may throw exceptions. Special handling is required.
[39m[39m
[33m150 WARN: [33m[33mArkTS:WARN File: D:/CityUproject/CampusNavigation/RoomMarkerHarmony/entry/src/main/ets/data/Store.ets:586:11
 Function may throw exceptions. Special handling is required.
[39m[39m
[33m151 WARN: [33m[33mArkTS:WARN File: D:/CityUproject/CampusNavigation/RoomMarkerHarmony/entry/src/main/ets/data/Store.ets:594:11
 Function may throw exceptions. Special handling is required.
[39m[39m
[33m152 WARN: [33m[33mArkTS:WARN File: D:/CityUproject/CampusNavigation/RoomMarkerHarmony/entry/src/main/ets/data/Store.ets:598:11
 Function may throw exceptions. Special handling is required.
[39m[39m
[33m153 WARN: [33m[33mArkTS:WARN File: D:/CityUproject/CampusNavigation/RoomMarkerHarmony/entry/src/main/ets/data/Store.ets:620:11
 Function may throw exceptions. Special handling is required.
[39m[39m
[33m154 WARN: [33m[33mArkTS:WARN File: D:/CityUproject/CampusNavigation/RoomMarkerHarmony/entry/src/main/ets/data/Store.ets:628:11
 Function may throw exceptions. Special handling is required.
[39m[39m
[33m155 WARN: [33m[33mArkTS:WARN File: D:/CityUproject/CampusNavigation/RoomMarkerHarmony/entry/src/main/ets/data/Store.ets:641:33
 Function may throw exceptions. Special handling is required.
[39m[39m
[33m156 WARN: [33m[33mArkTS:WARN File: D:/CityUproject/CampusNavigation/RoomMarkerHarmony/entry/src/main/ets/data/Store.ets:667:13
 Function may throw exceptions. Special handling is required.
[39m[39m
[33m157 WARN: [33m[33mArkTS:WARN File: D:/CityUproject/CampusNavigation/RoomMarkerHarmony/entry/src/main/ets/data/Store.ets:680:11
 Function may throw exceptions. Special handling is required.
[39m[39m
[33m158 WARN: [33m[33mArkTS:WARN File: D:/CityUproject/CampusNavigation/RoomMarkerHarmony/entry/src/main/ets/data/Store.ets:702:11
 Function may throw exceptions. Special handling is required.
[39m[39m
[33m159 WARN: [33m[33mArkTS:WARN File: D:/CityUproject/CampusNavigation/RoomMarkerHarmony/entry/src/main/ets/data/Store.ets:706:11
 Function may throw exceptions. Special handling is required.
[39m[39m
[33m160 WARN: [33m[33mArkTS:WARN File: D:/CityUproject/CampusNavigation/RoomMarkerHarmony/entry/src/main/ets/data/Store.ets:709:11
 Function may throw exceptions. Special handling is required.
[39m[39m
[33m161 WARN: [33m[33mArkTS:WARN File: D:/CityUproject/CampusNavigation/RoomMarkerHarmony/entry/src/main/ets/data/Store.ets:712:11
 Function may throw exceptions. Special handling is required.
[39m[39m
[33m162 WARN: [33m[33mArkTS:WARN File: D:/CityUproject/CampusNavigation/RoomMarkerHarmony/entry/src/main/ets/data/Store.ets:730:11
 Function may throw exceptions. Special handling is required.
[39m[39m
[33m163 WARN: [33m[33mArkTS:WARN File: D:/CityUproject/CampusNavigation/RoomMarkerHarmony/entry/src/main/ets/data/Store.ets:748:11
 Function may throw exceptions. Special handling is required.
[39m[39m
[33m164 WARN: [33m[33mArkTS:WARN File: D:/CityUproject/CampusNavigation/RoomMarkerHarmony/entry/src/main/ets/data/Store.ets:756:11
 Function may throw exceptions. Special handling is required.
[39m[39m
[33m165 WARN: [33m[33mArkTS:WARN File: D:/CityUproject/CampusNavigation/RoomMarkerHarmony/entry/src/main/ets/data/Store.ets:775:11
 Function may throw exceptions. Special handling is required.
[39m[39m
[33m166 WARN: [33m[33mArkTS:WARN File: D:/CityUproject/CampusNavigation/RoomMarkerHarmony/entry/src/main/ets/data/Store.ets:788:49
 Function may throw exceptions. Special handling is required.
[39m[39m
[33m167 WARN: [33m[33mArkTS:WARN File: D:/CityUproject/CampusNavigation/RoomMarkerHarmony/entry/src/main/ets/data/Store.ets:790:12
 Function may throw exceptions. Special handling is required.
[39m[39m
[33m168 WARN: [33m[33mArkTS:WARN File: D:/CityUproject/CampusNavigation/RoomMarkerHarmony/entry/src/main/ets/data/Store.ets:791:16
 Function may throw exceptions. Special handling is required.
[39m[39m
[33m169 WARN: [33m[33mArkTS:WARN File: D:/CityUproject/CampusNavigation/RoomMarkerHarmony/entry/src/main/ets/data/Store.ets:791:27
 Function may throw exceptions. Special handling is required.
[39m[39m
[33m170 WARN: [33m[33mArkTS:WARN File: D:/CityUproject/CampusNavigation/RoomMarkerHarmony/entry/src/main/ets/data/Store.ets:793:5
 Function may throw exceptions. Special handling is required.
[39m[39m
[33m171 WARN: [33m[33mArkTS:WARN File: D:/CityUproject/CampusNavigation/RoomMarkerHarmony/entry/src/main/ets/data/Store.ets:800:49
 Function may throw exceptions. Special handling is required.
[39m[39m
[33m172 WARN: [33m[33mArkTS:WARN File: D:/CityUproject/CampusNavigation/RoomMarkerHarmony/entry/src/main/ets/data/Store.ets:802:12
 Function may throw exceptions. Special handling is required.
[39m[39m
[33m173 WARN: [33m[33mArkTS:WARN File: D:/CityUproject/CampusNavigation/RoomMarkerHarmony/entry/src/main/ets/data/Store.ets:807:19
 Function may throw exceptions. Special handling is required.
[39m[39m
[33m174 WARN: [33m[33mArkTS:WARN File: D:/CityUproject/CampusNavigation/RoomMarkerHarmony/entry/src/main/ets/data/Store.ets:807:32
 Function may throw exceptions. Special handling is required.
[39m[39m
[33m175 WARN: [33m[33mArkTS:WARN File: D:/CityUproject/CampusNavigation/RoomMarkerHarmony/entry/src/main/ets/data/Store.ets:812:5
 Function may throw exceptions. Special handling is required.
[39m[39m
[33m176 WARN: [33m[33mArkTS:WARN File: D:/CityUproject/CampusNavigation/RoomMarkerHarmony/entry/src/main/ets/data/Store.ets:817:27
 Function may throw exceptions. Special handling is required.
[39m[39m
[33m177 WARN: [33m[33mArkTS:WARN File: D:/CityUproject/CampusNavigation/RoomMarkerHarmony/entry/src/main/ets/data/Store.ets:818:12
 Function may throw exceptions. Special handling is required.
[39m[39m
[33m178 WARN: [33m[33mArkTS:WARN File: D:/CityUproject/CampusNavigation/RoomMarkerHarmony/entry/src/main/ets/data/Store.ets:818:49
 Function may throw exceptions. Special handling is required.
[39m[39m
[33m179 WARN: [33m[33mArkTS:WARN File: D:/CityUproject/CampusNavigation/RoomMarkerHarmony/entry/src/main/ets/data/Store.ets:822:27
 Function may throw exceptions. Special handling is required.
[39m[39m
[33m180 WARN: [33m[33mArkTS:WARN File: D:/CityUproject/CampusNavigation/RoomMarkerHarmony/entry/src/main/ets/data/Store.ets:823:12
 Function may throw exceptions. Special handling is required.
[39m[39m
[33m181 WARN: [33m[33mArkTS:WARN File: D:/CityUproject/CampusNavigation/RoomMarkerHarmony/entry/src/main/ets/data/Store.ets:823:49
 Function may throw exceptions. Special handling is required.
[39m[39m
[33m182 WARN: [33m[33mArkTS:WARN File: D:/CityUproject/CampusNavigation/RoomMarkerHarmony/entry/src/main/ets/data/Store.ets:827:27
 Function may throw exceptions. Special handling is required.
[39m[39m
[33m183 WARN: [33m[33mArkTS:WARN File: D:/CityUproject/CampusNavigation/RoomMarkerHarmony/entry/src/main/ets/data/Store.ets:828:12
 Function may throw exceptions. Special handling is required.
[39m[39m
[33m184 WARN: [33m[33mArkTS:WARN File: D:/CityUproject/CampusNavigation/RoomMarkerHarmony/entry/src/main/ets/data/Store.ets:828:49
 Function may throw exceptions. Special handling is required.
[39m[39m
[33m185 WARN: [33m[33mArkTS:WARN File: D:/CityUproject/CampusNavigation/RoomMarkerHarmony/entry/src/main/ets/data/Store.ets:838:49
 Function may throw exceptions. Special handling is required.
[39m[39m
[33m186 WARN: [33m[33mArkTS:WARN File: D:/CityUproject/CampusNavigation/RoomMarkerHarmony/entry/src/main/ets/data/Store.ets:840:9
 Function may throw exceptions. Special handling is required.
[39m[39m
[33m187 WARN: [33m[33mArkTS:WARN File: D:/CityUproject/CampusNavigation/RoomMarkerHarmony/entry/src/main/ets/data/Store.ets:841:12
 Function may throw exceptions. Special handling is required.
[39m[39m
[33m188 WARN: [33m[33mArkTS:WARN File: D:/CityUproject/CampusNavigation/RoomMarkerHarmony/entry/src/main/ets/data/Store.ets:841:23
 Function may throw exceptions. Special handling is required.
[39m[39m
[33m189 WARN: [33m[33mArkTS:WARN File: D:/CityUproject/CampusNavigation/RoomMarkerHarmony/entry/src/main/ets/data/Store.ets:843:5
 Function may throw exceptions. Special handling is required.
[39m[39m
[33m190 WARN: [33m[33mArkTS:WARN File: D:/CityUproject/CampusNavigation/RoomMarkerHarmony/entry/src/main/ets/sensors/TrackRecorder.ets:230:19
 'scan' has been deprecated.
[39m[39m
[33m191 WARN: [33m[33mArkTS:WARN File: D:/CityUproject/CampusNavigation/RoomMarkerHarmony/entry/src/main/ets/sensors/TrackRecorder.ets:260:13
 The system capacity of this api 'backgroundTaskManager' is not supported on all devices
[39m[39m
[33m192 WARN: [33m[33mArkTS:WARN File: D:/CityUproject/CampusNavigation/RoomMarkerHarmony/entry/src/main/ets/sensors/TrackRecorder.ets:282:9
 The system capacity of this api 'backgroundTaskManager' is not supported on all devices
[39m[39m
[33m193 WARN: [33m[33mArkTS:WARN File: D:/CityUproject/CampusNavigation/RoomMarkerHarmony/entry/src/main/ets/sensors/TrackMedia.ets:30:3
 Function may throw exceptions. Special handling is required.
[39m[39m
[33m194 WARN: [33m[33mArkTS:WARN File: D:/CityUproject/CampusNavigation/RoomMarkerHarmony/entry/src/main/ets/sensors/TrackMedia.ets:34:15
 Function may throw exceptions. Special handling is required.
[39m[39m
[33m195 WARN: [33m[33mArkTS:WARN File: D:/CityUproject/CampusNavigation/RoomMarkerHarmony/entry/src/main/ets/sensors/TrackMedia.ets:35:16
 Function may throw exceptions. Special handling is required.
[39m[39m
[33m196 WARN: [33m[33mArkTS:WARN File: D:/CityUproject/CampusNavigation/RoomMarkerHarmony/entry/src/main/ets/sensors/TrackMedia.ets:37:3
 Function may throw exceptions. Special handling is required.
[39m[39m
[33m197 WARN: [33m[33mArkTS:WARN File: D:/CityUproject/CampusNavigation/RoomMarkerHarmony/entry/src/main/ets/sensors/TrackMedia.ets:38:3
 Function may throw exceptions. Special handling is required.
[39m[39m
[33m198 WARN: [33m[33mArkTS:WARN File: D:/CityUproject/CampusNavigation/RoomMarkerHarmony/entry/src/main/ets/sensors/TrackMedia.ets:39:15
 Function may throw exceptions. Special handling is required.
[39m[39m
[33m199 WARN: [33m[33mArkTS:WARN File: D:/CityUproject/CampusNavigation/RoomMarkerHarmony/entry/src/main/ets/sensors/TrackMedia.ets:40:3
 Function may throw exceptions. Special handling is required.
[39m[39m
[33m200 WARN: [33m[33mArkTS:WARN File: D:/CityUproject/CampusNavigation/RoomMarkerHarmony/entry/src/main/ets/sensors/TrackMedia.ets:41:3
 Function may throw exceptions. Special handling is required.
[39m[39m
[33m201 WARN: [33m[33mArkTS:WARN File: D:/CityUproject/CampusNavigation/RoomMarkerHarmony/entry/src/main/ets/pages/RecordingBanner.ets:37:7
 Function may throw exceptions. Special handling is required.
[39m[39m
[33m202 WARN: [33m[33mArkTS:WARN File: D:/CityUproject/CampusNavigation/RoomMarkerHarmony/entry/src/main/ets/pages/RecordingBanner.ets:37:20
 'showToast' has been deprecated.
[39m[39m
[33m203 WARN: [33m[33mArkTS:WARN File: D:/CityUproject/CampusNavigation/RoomMarkerHarmony/entry/src/main/ets/pages/RecordingBanner.ets:47:28
 'showToast' has been deprecated.
[39m[39m
[33m204 WARN: [33m[33mArkTS:WARN File: D:/CityUproject/CampusNavigation/RoomMarkerHarmony/entry/src/main/ets/pages/RecordingBanner.ets:50:28
 'showToast' has been deprecated.
[39m[39m
[33m205 WARN: [33m[33mArkTS:WARN File: D:/CityUproject/CampusNavigation/RoomMarkerHarmony/entry/src/main/ets/pages/RecordingBanner.ets:62:7
 Function may throw exceptions. Special handling is required.
[39m[39m
[33m206 WARN: [33m[33mArkTS:WARN File: D:/CityUproject/CampusNavigation/RoomMarkerHarmony/entry/src/main/ets/pages/RecordingBanner.ets:62:20
 'showToast' has been deprecated.
[39m[39m
[33m207 WARN: [33m[33mArkTS:WARN File: D:/CityUproject/CampusNavigation/RoomMarkerHarmony/entry/src/main/ets/pages/RecordingBanner.ets:70:22
 'showToast' has been deprecated.
[39m[39m
[33m208 WARN: [33m[33mArkTS:WARN File: D:/CityUproject/CampusNavigation/RoomMarkerHarmony/entry/src/main/ets/pages/RecordingBanner.ets:81:30
 'showToast' has been deprecated.
[39m[39m
[33m209 WARN: [33m[33mArkTS:WARN File: D:/CityUproject/CampusNavigation/RoomMarkerHarmony/entry/src/main/ets/pages/RecordingBanner.ets:84:30
 'showToast' has been deprecated.
[39m[39m
[33m210 WARN: [33m[33mArkTS:WARN File: D:/CityUproject/CampusNavigation/RoomMarkerHarmony/entry/src/main/ets/pages/RecordingBanner.ets:89:26
 'showToast' has been deprecated.
[39m[39m
[33m211 WARN: [33m[33mArkTS:WARN File: D:/CityUproject/CampusNavigation/RoomMarkerHarmony/entry/src/main/ets/pages/RecordingBanner.ets:96:20
 'showToast' has been deprecated.
[39m[39m
[33m212 WARN: [33m[33mArkTS:WARN File: D:/CityUproject/CampusNavigation/RoomMarkerHarmony/entry/src/main/ets/pages/RecordingBanner.ets:102:20
 'showToast' has been deprecated.
[39m[39m
[33m213 WARN: [33m[33mArkTS:WARN File: D:/CityUproject/CampusNavigation/RoomMarkerHarmony/entry/src/main/ets/pages/TrackList.ets:125:24
 'showToast' has been deprecated.
[39m[39m
[33m214 WARN: [33m[33mArkTS:WARN File: D:/CityUproject/CampusNavigation/RoomMarkerHarmony/entry/src/main/ets/pages/TrackList.ets:174:36
 'showToast' has been deprecated.
[39m[39m
[33m215 WARN: [33m[33mArkTS:WARN File: D:/CityUproject/CampusNavigation/RoomMarkerHarmony/entry/src/main/ets/common/ZipWriter.ets:74:36
 'encode' has been deprecated.
[39m[39m
[33m216 WARN: [33m[33mArkTS:WARN File: D:/CityUproject/CampusNavigation/RoomMarkerHarmony/entry/src/main/ets/common/Exporter.ets:154:23
 'encode' has been deprecated.
[39m[39m
[33m217 WARN: [33m[33mArkTS:WARN File: D:/CityUproject/CampusNavigation/RoomMarkerHarmony/entry/src/main/ets/common/Exporter.ets:177:21
 'encode' has been deprecated.
[39m[39m
[33m218 WARN: [33m[33mArkTS:WARN File: D:/CityUproject/CampusNavigation/RoomMarkerHarmony/entry/src/main/ets/common/Exporter.ets:191:17
 Function may throw exceptions. Special handling is required.
[39m[39m
[33m219 WARN: [33m[33mArkTS:WARN File: D:/CityUproject/CampusNavigation/RoomMarkerHarmony/entry/src/main/ets/common/Exporter.ets:192:5
 Function may throw exceptions. Special handling is required.
[39m[39m
[33m220 WARN: [33m[33mArkTS:WARN File: D:/CityUproject/CampusNavigation/RoomMarkerHarmony/entry/src/main/ets/common/Exporter.ets:193:5
 Function may throw exceptions. Special handling is required.
[39m[39m
[33m221 WARN: [33m[33mArkTS:WARN File: D:/CityUproject/CampusNavigation/RoomMarkerHarmony/entry/src/main/ets/pages/AreaDetail.ets:137:26
 'showToast' has been deprecated.
[39m[39m
[33m222 WARN: [33m[33mArkTS:WARN File: D:/CityUproject/CampusNavigation/RoomMarkerHarmony/entry/src/main/ets/pages/AreaDetail.ets:148:5
 Function may throw exceptions. Special handling is required.
[39m[39m
[33m223 WARN: [33m[33mArkTS:WARN File: D:/CityUproject/CampusNavigation/RoomMarkerHarmony/entry/src/main/ets/pages/AreaDetail.ets:148:18
 'showToast' has been deprecated.
[39m[39m
[33m224 WARN: [33m[33mArkTS:WARN File: D:/CityUproject/CampusNavigation/RoomMarkerHarmony/entry/src/main/ets/pages/AreaDetail.ets:150:20
 'showToast' has been deprecated.
[39m[39m
[33m225 WARN: [33m[33mArkTS:WARN File: D:/CityUproject/CampusNavigation/RoomMarkerHarmony/entry/src/main/ets/pages/AreaDetail.ets:152:20
 'showToast' has been deprecated.
[39m[39m
[33m226 WARN: [33m[33mArkTS:WARN File: D:/CityUproject/CampusNavigation/RoomMarkerHarmony/entry/src/main/ets/pages/AreaDetail.ets:157:18
 'showDialog' has been deprecated.
[39m[39m
[33m227 WARN: [33m[33mArkTS:WARN File: D:/CityUproject/CampusNavigation/RoomMarkerHarmony/entry/src/main/ets/pages/AreaDetail.ets:168:24
 'showToast' has been deprecated.
[39m[39m
[33m228 WARN: [33m[33mArkTS:WARN File: D:/CityUproject/CampusNavigation/RoomMarkerHarmony/entry/src/main/ets/pages/AreaDetail.ets:179:24
 'showToast' has been deprecated.
[39m[39m
[33m229 WARN: [33m[33mArkTS:WARN File: D:/CityUproject/CampusNavigation/RoomMarkerHarmony/entry/src/main/ets/sensors/LiveStream.ets:317:16
 To use this API, you need to apply for the permissions: ohos.permission.GYROSCOPE
[39m[39m
[33m230 WARN: [33m[33mArkTS:WARN File: D:/CityUproject/CampusNavigation/RoomMarkerHarmony/entry/src/main/ets/sensors/LiveStream.ets:500:19
 'scan' has been deprecated.
[39m[39m
[33m231 WARN: [33m[33mArkTS:WARN File: D:/CityUproject/CampusNavigation/RoomMarkerHarmony/entry/src/main/ets/pages/RoomDetail.ets:91:24
 'showToast' has been deprecated.
[39m[39m
[33m232 WARN: [33m[33mArkTS:WARN File: D:/CityUproject/CampusNavigation/RoomMarkerHarmony/entry/src/main/ets/pages/RoomDetail.ets:100:24
 'showToast' has been deprecated.
[39m[39m
[33m233 WARN: [33m[33mArkTS:WARN File: D:/CityUproject/CampusNavigation/RoomMarkerHarmony/entry/src/main/ets/pages/RoomDetail.ets:106:18
 'showDialog' has been deprecated.
[39m[39m
[33m234 WARN: [33m[33mArkTS:WARN File: D:/CityUproject/CampusNavigation/RoomMarkerHarmony/entry/src/main/ets/pages/RoomDetail.ets:199:22
 'showToast' has been deprecated.
[39m[39m
[2026-09-16T09:23:11.819] [DEBUG] debug-file - hvigor build process will be closed with an error.
[2026-09-16T09:23:11.820] [DEBUG] debug-file - ERROR: stacktrace = Error: ArkTS Compiler Error
[31m1 ERROR: [31m10605038 ArkTS Compiler Error
Error Message: Object literal must correspond to some explicitly declared class or interface (arkts-no-untyped-obj-literals) At File: D:/CityUproject/CampusNavigation/RoomMarkerHarmony/entry/src/main/ets/common/Exporter.ets:140:33
[39m
[39m
[31m2 ERROR: [31m10605038 ArkTS Compiler Error
Error Message: Object literal must correspond to some explicitly declared class or interface (arkts-no-untyped-obj-literals) At File: D:/CityUproject/CampusNavigation/RoomMarkerHarmony/entry/src/main/ets/common/Exporter.ets:165:30
[39m
[39m
[31m3 ERROR: [31m10605038 ArkTS Compiler Error
Error Message: Object literal must correspond to some explicitly declared class or interface (arkts-no-untyped-obj-literals) At File: D:/CityUproject/CampusNavigation/RoomMarkerHarmony/entry/src/main/ets/common/Exporter.ets:168:13
[39m
[39m
[31m4 ERROR: [31m10505001 ArkTS Compiler Error
Error Message: Property 'CameraPosition' does not exist on type 'typeof cameraPicker'. At File: D:/CityUproject/CampusNavigation/RoomMarkerHarmony/entry/src/main/ets/sensors/TrackMedia.ets:22:34
[39m
[39m
[31m5 ERROR: [31m10505001 ArkTS Compiler Error
Error Message: 'cameraPicker' has no exported member named 'CameraPickerResult'. Did you mean 'PickerResult'? At File: D:/CityUproject/CampusNavigation/RoomMarkerHarmony/entry/src/main/ets/sensors/TrackMedia.ets:24:30
[39m
[39m
[31m6 ERROR: [31m10505001 ArkTS Compiler Error
Error Message: Expected 0 arguments, but got 1. At File: D:/CityUproject/CampusNavigation/RoomMarkerHarmony/entry/src/main/ets/common/Exporter.ets:187:48
[39m
[39m
[31mCOMPILE RESULT:FAIL {ERROR:7 WARN:234}[39m
    at runArkPack (D:\DevEco\DevEco Studio\tools\hvigor\hvigor-ohos-plugin\node_modules\@ohos\hvigor-arkts-compose\dist\src\arkts-pack.js:1:5721)
ArkTSCompilerError: ArkTS Compiler Error
    at throwArkTsCompilerError (D:\DevEco\DevEco Studio\tools\hvigor\hvigor-ohos-plugin\node_modules\@ohos\hvigor-arkts-compose\dist\src\data\compose-error.js:1:423)
    at throwErrorIfHasErrorInfo (D:\DevEco\DevEco Studio\tools\hvigor\hvigor-ohos-plugin\node_modules\@ohos\hvigor-arkts-compose\dist\src\plugins\common-plugin.js:1:4478)
    at Object.handler (D:\DevEco\DevEco Studio\tools\hvigor\hvigor-ohos-plugin\node_modules\@ohos\hvigor-arkts-compose\dist\src\plugins\common-plugin.js:1:2547)
    at D:\DevEco\DevEco Studio\tools\hvigor\hvigor-ohos-plugin\node_modules\@ohos\hvigor-arkts-base\node_modules\rollup\dist\shared\rollup.js:27765:40
[2026-09-16T09:23:11.820] [ERROR] debug-file - Error: ArkTS Compiler Error
[31m1 ERROR: [31m10605038 ArkTS Compiler Error
Error Message: Object literal must correspond to some explicitly declared class or interface (arkts-no-untyped-obj-literals) At File: D:/CityUproject/CampusNavigation/RoomMarkerHarmony/entry/src/main/ets/common/Exporter.ets:140:33
[39m
[39m
[31m2 ERROR: [31m10605038 ArkTS Compiler Error
Error Message: Object literal must correspond to some explicitly declared class or interface (arkts-no-untyped-obj-literals) At File: D:/CityUproject/CampusNavigation/RoomMarkerHarmony/entry/src/main/ets/common/Exporter.ets:165:30
[39m
[39m
[31m3 ERROR: [31m10605038 ArkTS Compiler Error
Error Message: Object literal must correspond to some explicitly declared class or interface (arkts-no-untyped-obj-literals) At File: D:/CityUproject/CampusNavigation/RoomMarkerHarmony/entry/src/main/ets/common/Exporter.ets:168:13
[39m
[39m
[31m4 ERROR: [31m10505001 ArkTS Compiler Error
Error Message: Property 'CameraPosition' does not exist on type 'typeof cameraPicker'. At File: D:/CityUproject/CampusNavigation/RoomMarkerHarmony/entry/src/main/ets/sensors/TrackMedia.ets:22:34
[39m
[39m
[31m5 ERROR: [31m10505001 ArkTS Compiler Error
Error Message: 'cameraPicker' has no exported member named 'CameraPickerResult'. Did you mean 'PickerResult'? At File: D:/CityUproject/CampusNavigation/RoomMarkerHarmony/entry/src/main/ets/sensors/TrackMedia.ets:24:30
[39m
[39m
[31m6 ERROR: [31m10505001 ArkTS Compiler Error
Error Message: Expected 0 arguments, but got 1. At File: D:/CityUproject/CampusNavigation/RoomMarkerHarmony/entry/src/main/ets/common/Exporter.ets:187:48
[39m
[39m
[31mCOMPILE RESULT:FAIL {ERROR:7 WARN:234}[39m
    at runArkPack (D:\DevEco\DevEco Studio\tools\hvigor\hvigor-ohos-plugin\node_modules\@ohos\hvigor-arkts-compose\dist\src\arkts-pack.js:1:5721)
ArkTSCompilerError: ArkTS Compiler Error
    at throwArkTsCompilerError (D:\DevEco\DevEco Studio\tools\hvigor\hvigor-ohos-plugin\node_modules\@ohos\hvigor-arkts-compose\dist\src\data\compose-error.js:1:423)
    at throwErrorIfHasErrorInfo (D:\DevEco\DevEco Studio\tools\hvigor\hvigor-ohos-plugin\node_modules\@ohos\hvigor-arkts-compose\dist\src\plugins\common-plugin.js:1:4478)
    at Object.handler (D:\DevEco\DevEco Studio\tools\hvigor\hvigor-ohos-plugin\node_modules\@ohos\hvigor-arkts-compose\dist\src\plugins\common-plugin.js:1:2547)
    at D:\DevEco\DevEco Studio\tools\hvigor\hvigor-ohos-plugin\node_modules\@ohos\hvigor-arkts-base\node_modules\rollup\dist\shared\rollup.js:27765:40
[2026-09-16T09:23:11.827] [ERROR] debug-file - BUILD FAILED in 14 s 91 ms 
[2026-09-16T09:23:11.828] [DEBUG] debug-file - There is no need to refresh cache, since the incremental task entry:default@PreBuild is up-to-date.
[2026-09-16T09:23:11.828] [DEBUG] debug-file - Update task entry:default@CreateModuleInfo output file:D:\CityUproject\CampusNavigation\RoomMarkerHarmony\entry\build\default\generated\profile\default\ModuleInfo.ts cache.
[2026-09-16T09:23:11.828] [DEBUG] debug-file - Incremental task entry:default@CreateModuleInfo post-execution cost:1 ms .
[2026-09-16T09:23:11.828] [DEBUG] debug-file - There is no need to refresh cache, since the incremental task entry:default@GenerateMetadata is up-to-date.
[2026-09-16T09:23:11.828] [DEBUG] debug-file - There is no need to refresh cache, since the incremental task entry:default@MergeProfile is up-to-date.
[2026-09-16T09:23:11.828] [DEBUG] debug-file - There is no need to refresh cache, since the incremental task entry:default@CreateBuildProfile is up-to-date.
[2026-09-16T09:23:11.828] [DEBUG] debug-file - Update task entry:default@GeneratePkgContextInfo output file:D:\CityUproject\CampusNavigation\RoomMarkerHarmony\entry\build\default\intermediates\loader\default\pkgContextInfo.json cache.
[2026-09-16T09:23:11.828] [DEBUG] debug-file - Incremental task entry:default@GeneratePkgContextInfo post-execution cost:1 ms .
[2026-09-16T09:23:11.828] [DEBUG] debug-file - Update task entry:default@ProcessIntegratedHsp output file:D:\CityUproject\CampusNavigation\RoomMarkerHarmony\build\cache\default\integrated_hsp\integratedHspCache.json cache.
[2026-09-16T09:23:11.828] [DEBUG] debug-file - Incremental task entry:default@ProcessIntegratedHsp post-execution cost:1 ms .
[2026-09-16T09:23:11.828] [DEBUG] debug-file - There is no need to refresh cache, since the incremental task entry:default@MakePackInfo is up-to-date.
[2026-09-16T09:23:11.828] [DEBUG] debug-file - Update task entry:default@SyscapTransform input file:D:\DevEco\DevEco Studio\sdk\default\openharmony\toolchains\syscap_tool.exe cache by regenerate.
[2026-09-16T09:23:11.829] [DEBUG] debug-file - Update task entry:default@SyscapTransform input file:D:\DevEco\DevEco Studio\sdk\default\openharmony\ets\api\device-define cache by regenerate.
[2026-09-16T09:23:11.830] [DEBUG] debug-file - Update task entry:default@SyscapTransform output file:D:\CityUproject\CampusNavigation\RoomMarkerHarmony\entry\build\default\intermediates\syscap\default\rpcid.sc cache.
[2026-09-16T09:23:11.830] [DEBUG] debug-file - Incremental task entry:default@SyscapTransform post-execution cost:2 ms .
[2026-09-16T09:23:11.830] [DEBUG] debug-file - There is no need to refresh cache, since the incremental task entry:default@ProcessProfile is up-to-date.
[2026-09-16T09:23:11.830] [DEBUG] debug-file - There is no need to refresh cache, since the incremental task entry:default@ProcessRouterMap is up-to-date.
[2026-09-16T09:23:11.830] [DEBUG] debug-file - There is no need to refresh cache, since the incremental task entry:default@ProcessShareConfig is up-to-date.
[2026-09-16T09:23:11.830] [DEBUG] debug-file - Update task entry:default@ProcessStartupConfig output file:D:\CityUproject\CampusNavigation\RoomMarkerHarmony\entry\build\default\intermediates\startup\default\startup_config.json cache.
[2026-09-16T09:23:11.830] [DEBUG] debug-file - Incremental task entry:default@ProcessStartupConfig post-execution cost:1 ms .
[2026-09-16T09:23:11.830] [DEBUG] debug-file - There is no need to refresh cache, since the incremental task entry:default@ProcessResource is up-to-date.
[2026-09-16T09:23:11.830] [DEBUG] debug-file - There is no need to refresh cache, since the incremental task entry:default@GenerateLoaderJson is up-to-date.
[2026-09-16T09:23:11.830] [DEBUG] debug-file - There is no need to refresh cache, since the incremental task entry:default@ProcessLibs is up-to-date.
[2026-09-16T09:23:11.831] [DEBUG] debug-file - There is no need to refresh cache, since the incremental task entry:default@CompileResource is up-to-date.
[2026-09-16T09:23:11.831] [DEBUG] debug-file - There is no need to refresh cache, since the incremental task entry:default@DoNativeStrip is up-to-date.
[2026-09-16T09:23:11.831] [DEBUG] debug-file - Update task entry:default@CompileArkTS input file:D:\CityUproject\CampusNavigation\RoomMarkerHarmony\entry\build\default\intermediates\loader\default cache by regenerate.
[2026-09-16T09:23:11.832] [DEBUG] debug-file - Update task entry:default@CompileArkTS input file:D:\CityUproject\CampusNavigation\RoomMarkerHarmony\entry\build\default\intermediates\res\default\ResourceTable.txt cache by regenerate.
[2026-09-16T09:23:11.832] [DEBUG] debug-file - Update task entry:default@CompileArkTS input file:D:\CityUproject\CampusNavigation\RoomMarkerHarmony\entry\build\default\intermediates\res\default\ark_module.json cache by regenerate.
[2026-09-16T09:23:11.832] [DEBUG] debug-file - Update task entry:default@CompileArkTS input file:D:\CityUproject\CampusNavigation\RoomMarkerHarmony\entry\build\default\intermediates\res\default\resources\base\profile cache by regenerate.
[2026-09-16T09:23:11.832] [DEBUG] debug-file - Update task entry:default@CompileArkTS input file:D:\CityUproject\CampusNavigation\RoomMarkerHarmony\entry\src\main\ets cache from map.
[2026-09-16T09:23:11.833] [DEBUG] debug-file - Update task entry:default@CompileArkTS input file:D:\CityUproject\CampusNavigation\RoomMarkerHarmony\entry\build\default\generated\profile\default\BuildProfile.ets cache by regenerate.
[2026-09-16T09:23:11.833] [DEBUG] debug-file - Update task entry:default@CompileArkTS output file:D:\CityUproject\CampusNavigation\RoomMarkerHarmony\entry\build\default\intermediates\loader_out\default\ets cache.
[2026-09-16T09:23:11.833] [DEBUG] debug-file - Incremental task entry:default@CompileArkTS post-execution cost:3 ms .
[2026-09-16T09:23:11.834] [DEBUG] debug-file - Update task entry:default@BuildJS input file:D:\CityUproject\CampusNavigation\RoomMarkerHarmony\entry\build\default\intermediates\loader\default cache by regenerate.
[2026-09-16T09:23:11.834] [DEBUG] debug-file - Update task entry:default@BuildJS input file:D:\CityUproject\CampusNavigation\RoomMarkerHarmony\entry\build\default\intermediates\res\default\ResourceTable.txt cache by regenerate.
[2026-09-16T09:23:11.834] [DEBUG] debug-file - Update task entry:default@BuildJS input file:D:\CityUproject\CampusNavigation\RoomMarkerHarmony\entry\build\default\intermediates\res\default\ark_module.json cache by regenerate.
[2026-09-16T09:23:11.834] [DEBUG] debug-file - Update task entry:default@BuildJS input file:D:\CityUproject\CampusNavigation\RoomMarkerHarmony\entry\build\default\intermediates\res\default\resources\base\profile cache by regenerate.
[2026-09-16T09:23:11.835] [DEBUG] debug-file - Update task entry:default@BuildJS output file:D:\CityUproject\CampusNavigation\RoomMarkerHarmony\entry\build\default\intermediates\loader_out\default\js cache.
[2026-09-16T09:23:11.835] [DEBUG] debug-file - Incremental task entry:default@BuildJS post-execution cost:2 ms .
[2026-09-16T09:23:11.835] [DEBUG] debug-file - There is no need to refresh cache, since the incremental task entry:default@CacheNativeLibs is up-to-date.
[2026-09-16T09:23:11.849] [DEBUG] debug-file - Cleanup worker 14.
[2026-09-16T09:23:11.849] [DEBUG] debug-file - Worker 14 has been cleaned up.
[2026-09-16T09:23:11.849] [DEBUG] debug-file - Current idle worker size: 1.
[2026-09-16T09:23:11.849] [DEBUG] debug-file - Current resident worker size: 2.
[2026-09-16T09:23:11.849] [DEBUG] debug-file - hvigor build process will be closed.
[2026-09-16T09:23:11.852] [DEBUG] debug-file - worker[14] exits with exit code 1.
[2026-09-16T09:23:11.854] [DEBUG] debug-file - session manager: send message to worker process.
[2026-09-16T09:23:11.854] [DEBUG] debug-file - session manager: send message to worker process.
[2026-09-16T09:23:11.854] [DEBUG] debug-file - watch worker: worker id should be larger than 0. Nothing will be sent to any worker thread.
[2026-09-16T09:23:11.854] [DEBUG] debug-file - watch worker: worker id should be larger than 0. Nothing will be sent to any worker thread.
[2026-09-16T09:24:36.087] [DEBUG] debug-file - session manager: set active socket. socketId=kyoq4TKTr3YZUuOuAAAF
[2026-09-16T09:24:36.097] [DEBUG] debug-file - watch worker: worker id should be larger than 0. Nothing will be sent to any worker thread.
[2026-09-16T09:24:36.100] [DEBUG] debug-file - Hvigor init with startParameters:{
  hvigorfileTypeCheck: false,
  parallelExecution: true,
  incrementalExecution: true,
  printStackTrace: false,
  daemon: true,
  analyze: 0,
  logLevel: Level { level: 20000, levelStr: 'INFO', colour: 'green' },
  optimizationStrategy: 'memory',
  hotCompile: undefined,
  hotReloadBuild: undefined
}
[2026-09-16T09:24:36.102] [DEBUG] debug-file - Cache service initialization finished in 3 ms 
[2026-09-16T09:24:36.102] [DEBUG] debug-file - hvigorfile, resolving D:\CityUproject\CampusNavigation\RoomMarkerHarmony\hvigorfile.ts
[2026-09-16T09:24:36.106] [DEBUG] debug-file - hvigorfile, require result:  { default: {} }
[2026-09-16T09:24:36.106] [DEBUG] debug-file - hvigorfile, binding system plugins null
[2026-09-16T09:24:36.109] [DEBUG] debug-file - Start initialize project's product build option map with build mode debug.
[2026-09-16T09:24:36.109] [DEBUG] debug-file - Picking option from product 'default' with build mode 'debug'.
[2026-09-16T09:24:36.109] [DEBUG] debug-file - Product 'default' build option initialized
[2026-09-16T09:24:36.109] [DEBUG] debug-file - End initialize project's product build option map with build mode 'debug'.
[2026-09-16T09:24:36.110] [DEBUG] debug-file - Obtain build option for product 'default'in this build.
[2026-09-16T09:24:36.111] [DEBUG] debug-file - D:\CityUproject\CampusNavigation\RoomMarkerHarmony\build\cache\default\remote_hsp\remoteHspCache.json not exists.
[2026-09-16T09:24:36.113] [DEBUG] debug-file - Start recording SDK configuration permission data.
[2026-09-16T09:24:36.129] [DEBUG] debug-file - Sdk init in 19 ms 
[2026-09-16T09:24:36.131] [DEBUG] debug-file - Project task initialization takes 2 ms 
[2026-09-16T09:24:36.131] [DEBUG] debug-file - hvigorfile, binding custom plugins undefined
[2026-09-16T09:24:36.131] [DEBUG] debug-file - hvigorfile, no custom plugins were found in D:\CityUproject\CampusNavigation\RoomMarkerHarmony\hvigorfile.ts
[2026-09-16T09:24:36.131] [DEBUG] debug-file - hvigorfile, resolve finished D:\CityUproject\CampusNavigation\RoomMarkerHarmony\hvigorfile.ts
[2026-09-16T09:24:36.132] [DEBUG] debug-file - hvigorfile, resolving D:\CityUproject\CampusNavigation\RoomMarkerHarmony\entry\hvigorfile.ts
[2026-09-16T09:24:36.134] [DEBUG] debug-file - hvigorfile, require result:  { default: {} }
[2026-09-16T09:24:36.134] [DEBUG] debug-file - hvigorfile, binding system plugins null
[2026-09-16T09:24:36.135] [DEBUG] debug-file - failed to load cangjie to dynamically generate schemas: Error: Cannot find module '@ohos/cangjie-build-support/index'
Require stack:
- D:\DevEco\DevEco Studio\tools\hvigor\hvigor-ohos-plugin\src\plugin\factory\plugin-factory.js
- D:\DevEco\DevEco Studio\tools\hvigor\hvigor-ohos-plugin\index.js
- D:\CityUproject\CampusNavigation\RoomMarkerHarmony\hvigorfile.ts
- D:\DevEco\DevEco Studio\tools\hvigor\hvigor\src\base\internal\lifecycle\configuration.js
- D:\DevEco\DevEco Studio\tools\hvigor\hvigor\src\base\boot\index.js
- D:\DevEco\DevEco Studio\tools\hvigor\hvigor\src\base\daemon\cluster\worker-process-lifecycle.js
- D:\DevEco\DevEco Studio\tools\hvigor\hvigor\src\base\daemon\process\daemon-process-boot-script.js
[2026-09-16T09:24:36.136] [DEBUG] debug-file - Start initialize module-target build option map, moduleName=entry, buildMode=debug
[2026-09-16T09:24:36.136] [DEBUG] debug-file - Target 'default' config initialized
[2026-09-16T09:24:36.136] [DEBUG] debug-file - Module 'entry' target 'default' build option initialized
[2026-09-16T09:24:36.136] [DEBUG] debug-file - End initialize module-target build option map, moduleName=entry
[2026-09-16T09:24:36.136] [DEBUG] debug-file - Start initialize module-target build option map, moduleName=entry, buildMode=release
[2026-09-16T09:24:36.136] [DEBUG] debug-file - Target 'default' config initialized
[2026-09-16T09:24:36.136] [DEBUG] debug-file - Module 'entry' target 'default' build option initialized
[2026-09-16T09:24:36.136] [DEBUG] debug-file - End initialize module-target build option map, moduleName=entry
[2026-09-16T09:24:36.136] [DEBUG] debug-file - Start initialize module-target build option map, moduleName=entry, buildMode=debug
[2026-09-16T09:24:36.136] [DEBUG] debug-file - Target 'default' config initialized
[2026-09-16T09:24:36.137] [DEBUG] debug-file - Module 'entry' target 'default' build option initialized
[2026-09-16T09:24:36.137] [DEBUG] debug-file - End initialize module-target build option map, moduleName=entry
[2026-09-16T09:24:36.137] [DEBUG] debug-file - Obtain build option for module 'entry' target 'default'in this build.
[2026-09-16T09:24:36.137] [DEBUG] debug-file - Module entry task initialization takes 1 ms 
[2026-09-16T09:24:36.137] [DEBUG] debug-file - hvigorfile, binding custom plugins undefined
[2026-09-16T09:24:36.137] [DEBUG] debug-file - hvigorfile, no custom plugins were found in D:\CityUproject\CampusNavigation\RoomMarkerHarmony\entry\hvigorfile.ts
[2026-09-16T09:24:36.137] [DEBUG] debug-file - hvigorfile, resolve finished D:\CityUproject\CampusNavigation\RoomMarkerHarmony\entry\hvigorfile.ts
[2026-09-16T09:24:36.149] [DEBUG] debug-file - hvigorfile, resolve hvigorfile dependencies in 11 ms 
[2026-09-16T09:24:36.149] [DEBUG] debug-file - project has submodules:entry
[2026-09-16T09:24:36.149] [DEBUG] debug-file - start to load updatedOhPackageInfo to the disk
[2026-09-16T09:24:36.152] [DEBUG] debug-file - load to the disk finished
[2026-09-16T09:24:36.152] [DEBUG] debug-file - Start to initialize dependency information.
[2026-09-16T09:24:36.153] [DEBUG] debug-file - Module RoomMarkerHarmony Collected Dependency: 
[2026-09-16T09:24:36.153] [DEBUG] debug-file - Module RoomMarkerHarmony's total dependency: 0
[2026-09-16T09:24:36.153] [DEBUG] debug-file - Start to initialize dependency information.
[2026-09-16T09:24:36.154] [DEBUG] debug-file - Module entry Collected Dependency: 
[2026-09-16T09:24:36.154] [DEBUG] debug-file - Module entry's total dependency: 0
[2026-09-16T09:24:36.155] [DEBUG] debug-file - Configuration phase cost:54 ms 
[2026-09-16T09:24:36.156] [DEBUG] debug-file - Configuration task cost before running: 58 ms 
[2026-09-16T09:24:36.158] [DEBUG] debug-file - Executing task :entry:default@PreBuild
[2026-09-16T09:24:36.158] [DEBUG] debug-file - Task 'entry:default@PreBuild' cost while wrapping incremental declarations: 1 ms 
[2026-09-16T09:24:36.162] [DEBUG] debug-file - Incremental task entry:default@PreBuild pre-execution cost: 4 ms .
[2026-09-16T09:24:36.162] [DEBUG] debug-file - entry : default@PreBuild cost memory 0.32151031494140625
[2026-09-16T09:24:36.164] [INFO] debug-file - UP-TO-DATE :entry:default@PreBuild...  
[2026-09-16T09:24:36.164] [DEBUG] debug-file - Executing task :entry:default@CreateModuleInfo
[2026-09-16T09:24:36.164] [DEBUG] debug-file - Task 'entry:default@CreateModuleInfo' cost while wrapping incremental declarations: 1 ms 
[2026-09-16T09:24:36.164] [DEBUG] debug-file - entry : default@CreateModuleInfo cost memory 0.04156494140625
[2026-09-16T09:24:36.164] [DEBUG] debug-file - runTaskFromQueue task cost before running: 67 ms 
[2026-09-16T09:24:36.164] [INFO] debug-file - Finished :entry:default@CreateModuleInfo... after 1 ms 
[2026-09-16T09:24:36.166] [DEBUG] debug-file - Executing task :entry:default@GenerateMetadata
[2026-09-16T09:24:36.166] [DEBUG] debug-file - Task 'entry:default@GenerateMetadata' cost while wrapping incremental declarations: 1 ms 
[2026-09-16T09:24:36.167] [DEBUG] debug-file - Incremental task entry:default@GenerateMetadata pre-execution cost: 1 ms .
[2026-09-16T09:24:36.167] [DEBUG] debug-file - entry : default@GenerateMetadata cost memory 0.094940185546875
[2026-09-16T09:24:36.167] [INFO] debug-file - UP-TO-DATE :entry:default@GenerateMetadata...  
[2026-09-16T09:24:36.167] [DEBUG] debug-file - Executing task :entry:default@ConfigureCmake
[2026-09-16T09:24:36.167] [DEBUG] debug-file - entry : default@ConfigureCmake cost memory 0.0161590576171875
[2026-09-16T09:24:36.167] [DEBUG] debug-file - runTaskFromQueue task cost before running: 70 ms 
[2026-09-16T09:24:36.167] [INFO] debug-file - Finished :entry:default@ConfigureCmake... after 1 ms 
[2026-09-16T09:24:36.168] [DEBUG] debug-file - Executing task :entry:default@MergeProfile
[2026-09-16T09:24:36.168] [DEBUG] debug-file - Task 'entry:default@MergeProfile' cost while wrapping incremental declarations: 1 ms 
[2026-09-16T09:24:36.169] [DEBUG] debug-file - Incremental task entry:default@MergeProfile pre-execution cost: 1 ms .
[2026-09-16T09:24:36.169] [DEBUG] debug-file - entry : default@MergeProfile cost memory 0.1387176513671875
[2026-09-16T09:24:36.169] [INFO] debug-file - UP-TO-DATE :entry:default@MergeProfile...  
[2026-09-16T09:24:36.170] [DEBUG] debug-file - Executing task :entry:default@CreateBuildProfile
[2026-09-16T09:24:36.170] [DEBUG] debug-file - Task 'entry:default@CreateBuildProfile' cost while wrapping incremental declarations: 1 ms 
[2026-09-16T09:24:36.171] [DEBUG] debug-file - Incremental task entry:default@CreateBuildProfile pre-execution cost: 1 ms .
[2026-09-16T09:24:36.171] [DEBUG] debug-file - entry : default@CreateBuildProfile cost memory 0.1006011962890625
[2026-09-16T09:24:36.171] [INFO] debug-file - UP-TO-DATE :entry:default@CreateBuildProfile...  
[2026-09-16T09:24:36.171] [DEBUG] debug-file - Executing task :entry:default@PreCheckSyscap
[2026-09-16T09:24:36.171] [DEBUG] debug-file - entry : default@PreCheckSyscap cost memory 0.01639556884765625
[2026-09-16T09:24:36.171] [DEBUG] debug-file - runTaskFromQueue task cost before running: 74 ms 
[2026-09-16T09:24:36.171] [INFO] debug-file - Finished :entry:default@PreCheckSyscap... after 1 ms 
[2026-09-16T09:24:36.172] [DEBUG] debug-file - Executing task :entry:default@GeneratePkgContextInfo
[2026-09-16T09:24:36.174] [DEBUG] debug-file - Task 'entry:default@GeneratePkgContextInfo' cost while wrapping incremental declarations: 1 ms 
[2026-09-16T09:24:36.174] [DEBUG] debug-file - entry : default@GeneratePkgContextInfo cost memory 0.392059326171875
[2026-09-16T09:24:36.174] [DEBUG] debug-file - runTaskFromQueue task cost before running: 76 ms 
[2026-09-16T09:24:36.174] [INFO] debug-file - Finished :entry:default@GeneratePkgContextInfo... after 2 ms 
[2026-09-16T09:24:36.175] [DEBUG] debug-file - Executing task :entry:default@ProcessIntegratedHsp
[2026-09-16T09:24:36.175] [DEBUG] debug-file - entry:default@ProcessIntegratedHsp is not up-to-date, since the output file 'D:\CityUproject\CampusNavigation\RoomMarkerHarmony\build\cache\default\integrated_hsp\integratedHspCache.json' does not exist.
[2026-09-16T09:24:36.176] [DEBUG] debug-file - Incremental task entry:default@ProcessIntegratedHsp pre-execution cost: 1 ms .
[2026-09-16T09:24:36.176] [DEBUG] debug-file - entry : default@ProcessIntegratedHsp cost memory 0.06302642822265625
[2026-09-16T09:24:36.176] [DEBUG] debug-file - runTaskFromQueue task cost before running: 78 ms 
[2026-09-16T09:24:36.176] [INFO] debug-file - Finished :entry:default@ProcessIntegratedHsp... after 1 ms 
[2026-09-16T09:24:36.177] [DEBUG] debug-file - Executing task :entry:default@BuildNativeWithCmake
[2026-09-16T09:24:36.177] [DEBUG] debug-file - entry : default@BuildNativeWithCmake cost memory 0.01715850830078125
[2026-09-16T09:24:36.177] [DEBUG] debug-file - runTaskFromQueue task cost before running: 79 ms 
[2026-09-16T09:24:36.177] [INFO] debug-file - Finished :entry:default@BuildNativeWithCmake... after 1 ms 
[2026-09-16T09:24:36.177] [DEBUG] debug-file - Executing task :entry:default@MakePackInfo
[2026-09-16T09:24:36.179] [DEBUG] debug-file - Incremental task entry:default@MakePackInfo pre-execution cost: 2 ms .
[2026-09-16T09:24:36.179] [DEBUG] debug-file - entry : default@MakePackInfo cost memory -1.5072860717773438
[2026-09-16T09:24:36.179] [INFO] debug-file - UP-TO-DATE :entry:default@MakePackInfo...  
[2026-09-16T09:24:36.179] [DEBUG] debug-file - Executing task :entry:default@SyscapTransform
[2026-09-16T09:24:36.180] [DEBUG] debug-file - File: 'D:\CityUproject\CampusNavigation\RoomMarkerHarmony\entry\src\main\syscap.json' from 'sysCapJsonPath' is not exists, just ignore.
[2026-09-16T09:24:36.180] [DEBUG] debug-file - Task 'entry:default@SyscapTransform' cost while wrapping incremental declarations: 1 ms 
[2026-09-16T09:24:36.181] [DEBUG] debug-file - entry:default@SyscapTransform is not up-to-date, since the output file 'D:\CityUproject\CampusNavigation\RoomMarkerHarmony\entry\build\default\intermediates\syscap\default\rpcid.sc' does not exist.
[2026-09-16T09:24:36.181] [DEBUG] debug-file - Incremental task entry:default@SyscapTransform pre-execution cost: 2 ms .
[2026-09-16T09:24:36.181] [DEBUG] debug-file - entry : default@SyscapTransform cost memory 0.15848541259765625
[2026-09-16T09:24:36.181] [DEBUG] debug-file - runTaskFromQueue task cost before running: 84 ms 
[2026-09-16T09:24:36.181] [INFO] debug-file - Finished :entry:default@SyscapTransform... after 2 ms 
[2026-09-16T09:24:36.182] [DEBUG] debug-file - Executing task :entry:default@ProcessProfile
[2026-09-16T09:24:36.182] [DEBUG] debug-file - Task 'entry:default@ProcessProfile' cost while wrapping incremental declarations: 1 ms 
[2026-09-16T09:24:36.183] [DEBUG] debug-file - Incremental task entry:default@ProcessProfile pre-execution cost: 1 ms .
[2026-09-16T09:24:36.183] [DEBUG] debug-file - entry : default@ProcessProfile cost memory 0.15228271484375
[2026-09-16T09:24:36.183] [INFO] debug-file - UP-TO-DATE :entry:default@ProcessProfile...  
[2026-09-16T09:24:36.184] [DEBUG] debug-file - Executing task :entry:default@ProcessRouterMap
[2026-09-16T09:24:36.185] [DEBUG] debug-file - Incremental task entry:default@ProcessRouterMap pre-execution cost: 2 ms .
[2026-09-16T09:24:36.185] [DEBUG] debug-file - entry : default@ProcessRouterMap cost memory 0.1319580078125
[2026-09-16T09:24:36.185] [INFO] debug-file - UP-TO-DATE :entry:default@ProcessRouterMap...  
[2026-09-16T09:24:36.186] [DEBUG] debug-file - Executing task :entry:default@ProcessShareConfig
[2026-09-16T09:24:36.187] [DEBUG] debug-file - Incremental task entry:default@ProcessShareConfig pre-execution cost: 1 ms .
[2026-09-16T09:24:36.187] [DEBUG] debug-file - entry : default@ProcessShareConfig cost memory 0.1147918701171875
[2026-09-16T09:24:36.187] [INFO] debug-file - UP-TO-DATE :entry:default@ProcessShareConfig...  
[2026-09-16T09:24:36.187] [DEBUG] debug-file - Executing task :entry:default@ProcessStartupConfig
[2026-09-16T09:24:36.187] [DEBUG] debug-file - Task 'entry:default@ProcessStartupConfig' cost while wrapping incremental declarations: 1 ms 
[2026-09-16T09:24:36.188] [DEBUG] debug-file - entry:default@ProcessStartupConfig is not up-to-date, since the output file 'D:\CityUproject\CampusNavigation\RoomMarkerHarmony\entry\build\default\intermediates\startup\default\startup_config.json' does not exist.
[2026-09-16T09:24:36.188] [DEBUG] debug-file - Incremental task entry:default@ProcessStartupConfig pre-execution cost: 1 ms .
[2026-09-16T09:24:36.188] [DEBUG] debug-file - entry : default@ProcessStartupConfig cost memory 0.1033477783203125
[2026-09-16T09:24:36.188] [DEBUG] debug-file - runTaskFromQueue task cost before running: 90 ms 
[2026-09-16T09:24:36.188] [INFO] debug-file - Finished :entry:default@ProcessStartupConfig... after 1 ms 
[2026-09-16T09:24:36.188] [DEBUG] debug-file - Executing task :entry:default@BuildNativeWithNinja
[2026-09-16T09:24:36.188] [DEBUG] debug-file - entry : default@BuildNativeWithNinja cost memory 0.0238189697265625
[2026-09-16T09:24:36.189] [DEBUG] debug-file - runTaskFromQueue task cost before running: 91 ms 
[2026-09-16T09:24:36.189] [INFO] debug-file - Finished :entry:default@BuildNativeWithNinja... after 1 ms 
[2026-09-16T09:24:36.189] [DEBUG] debug-file - restool module names: entry; moduleName=entry, taskName=default@ProcessResource
[2026-09-16T09:24:36.190] [DEBUG] debug-file - Executing task :entry:default@ProcessResource
[2026-09-16T09:24:36.190] [DEBUG] debug-file - Task 'entry:default@ProcessResource' cost while wrapping incremental declarations: 1 ms 
[2026-09-16T09:24:36.191] [DEBUG] debug-file - Incremental task entry:default@ProcessResource pre-execution cost: 1 ms .
[2026-09-16T09:24:36.191] [DEBUG] debug-file - entry : default@ProcessResource cost memory 0.141082763671875
[2026-09-16T09:24:36.192] [INFO] debug-file - UP-TO-DATE :entry:default@ProcessResource...  
[2026-09-16T09:24:36.193] [DEBUG] debug-file - Executing task :entry:default@GenerateLoaderJson
[2026-09-16T09:24:36.193] [DEBUG] debug-file - Task 'entry:default@GenerateLoaderJson' cost while wrapping incremental declarations: 1 ms 
[2026-09-16T09:24:36.197] [DEBUG] debug-file - Incremental task entry:default@GenerateLoaderJson pre-execution cost: 3 ms .
[2026-09-16T09:24:36.197] [DEBUG] debug-file - entry : default@GenerateLoaderJson cost memory 0.4595489501953125
[2026-09-16T09:24:36.199] [INFO] debug-file - UP-TO-DATE :entry:default@GenerateLoaderJson...  
[2026-09-16T09:24:36.199] [DEBUG] debug-file - Executing task :entry:default@ProcessLibs
[2026-09-16T09:24:36.201] [DEBUG] debug-file - Incremental task entry:default@ProcessLibs pre-execution cost: 1 ms .
[2026-09-16T09:24:36.201] [DEBUG] debug-file - entry : default@ProcessLibs cost memory 0.1070404052734375
[2026-09-16T09:24:36.201] [INFO] debug-file - UP-TO-DATE :entry:default@ProcessLibs...  
[2026-09-16T09:24:36.201] [DEBUG] debug-file - restool module names: entry; moduleName=entry, taskName=default@CompileResource
[2026-09-16T09:24:36.202] [DEBUG] debug-file - Executing task :entry:default@CompileResource
[2026-09-16T09:24:36.208] [DEBUG] debug-file - Incremental task entry:default@CompileResource pre-execution cost: 6 ms .
[2026-09-16T09:24:36.208] [DEBUG] debug-file - entry : default@CompileResource cost memory 0.5260009765625
[2026-09-16T09:24:36.209] [INFO] debug-file - UP-TO-DATE :entry:default@CompileResource...  
[2026-09-16T09:24:36.210] [DEBUG] debug-file - Executing task :entry:default@DoNativeStrip
[2026-09-16T09:24:36.210] [DEBUG] debug-file - Task 'entry:default@DoNativeStrip' cost while wrapping incremental declarations: 1 ms 
[2026-09-16T09:24:36.210] [DEBUG] debug-file - Incremental task entry:default@DoNativeStrip pre-execution cost: 1 ms .
[2026-09-16T09:24:36.210] [DEBUG] debug-file - entry : default@DoNativeStrip cost memory 0.08489227294921875
[2026-09-16T09:24:36.210] [INFO] debug-file - UP-TO-DATE :entry:default@DoNativeStrip...  
[2026-09-16T09:24:36.211] [DEBUG] debug-file - Executing task :entry:default@CompileArkTS
[2026-09-16T09:24:36.211] [DEBUG] debug-file - obfuscationOptions: undefined
[2026-09-16T09:24:36.212] [DEBUG] debug-file - Task 'entry:default@CompileArkTS' cost while wrapping incremental declarations: 1 ms 
[2026-09-16T09:24:36.217] [DEBUG] debug-file - build config:
[2026-09-16T09:24:36.217] [DEBUG] debug-file - {
  moduleType: 'entry',
  perf: 0,
  targetName: '.default',
  packageManagerType: 'ohpm',
  localPropertiesPath: 'D:\\CityUproject\\CampusNavigation\\RoomMarkerHarmony\\local.properties',
  isPreview: false,
  isOhosTest: false,
  isLocalTest: false,
  buildMode: 'Debug',
  hotReloadBuild: undefined,
  watchMode: 'false',
  aceProfilePath: 'D:\\CityUproject\\CampusNavigation\\RoomMarkerHarmony\\entry\\build\\default\\intermediates\\res\\default\\resources\\base\\profile',
  etsLoaderPath: 'D:\\DevEco\\DevEco Studio\\sdk\\default\\openharmony\\ets\\build-tools\\ets-loader',
  modulePath: 'D:\\CityUproject\\CampusNavigation\\RoomMarkerHarmony\\entry',
  testFrameworkPar: {
    testMode: undefined,
    coveragePathFilter: undefined,
    coverageMode: undefined
  },
  needCoverageInsert: false,
  debugLine: false,
  projectTopDir: 'D:\\CityUproject\\CampusNavigation\\RoomMarkerHarmony',
  compileSdkVersion: 21,
  compatibleSdkVersion: 12,
  originCompatibleSdkVersion: '5.0.0(12)',
  compatibleSdkVersionStage: 'beta1',
  bundleName: 'c***r',
  etsLoaderVersion: '6.0.1.112',
  etsLoaderReleaseType: 'Release',
  aotCompileMode: 'type',
  apPath: 'D:\\CityUproject\\CampusNavigation\\RoomMarkerHarmony\\entry\\modules.ap',
  entryModuleName: 'entry',
  entryModuleVersion: '1.0.0',
  entryPackageName: 'entry',
  allModuleNameHash: '3e2de7d5bc42bc0bc7298cf037dca8e36c6e8252845ff7b4815a3aa3e34aecb9',
  externalApiPaths: [ 'D:\\DevEco\\DevEco Studio\\sdk\\default\\hms\\ets' ],
  compilerTypes: [],
  isCrossplatform: false,
  hvigorPluginFile: undefined,
  compilePluginPath: undefined,
  buildGeneratedProfilePath: 'D:\\CityUproject\\CampusNavigation\\RoomMarkerHarmony\\entry\\build\\default\\generated\\profile\\default',
  bundleType: 'app',
  arkTSVersion: undefined,
  apiVersion: 21,
  needCompleteSourcesMap: false,
  isFaMode: false,
  buildDir: 'D:\\CityUproject\\CampusNavigation\\RoomMarkerHarmony\\entry\\build',
  deviceTypes: [ 'phone' ],
  pkgContextInfo: undefined,
  ohPackagePathMap: {},
  dependencyAliasMap: {},
  permission: {
    requestPermissions: [
      [Object], [Object],
      [Object], [Object],
      [Object], [Object],
      [Object], [Object]
    ],
    definePermissions: undefined
  },
  integratedHsp: false,
  projectArkOption: undefined,
  sourceMapDir: undefined,
  branchElimination: false,
  transformLib: undefined,
  tsImportSendable: false,
  resolveConflictMode: true,
  depName2RootPath: {},
  depName2DepInfo: {},
  rootPathSet: [ 'D:\\CityUproject\\CampusNavigation\\RoomMarkerHarmony' ],
  useNativeResolver: true,
  shouldEmitJs: true,
  useTscResolve: false,
  singleFileEmit: false,
  userProjectConfig: {
    autoLazyImport: false,
    allowEmptyBundleName: false,
    reExportCheckMode: 'noCheck',
    executionMode: 'memory',
    usePathPlaceholder: false,
    writeRollupCache: true,
    isExpandImportEnabled: false,
    expandImportExclude: '',
    lazyImportExclude: '',
    lazyImportInclude: '',
    ignoreCrossplatformCheck: false,
    isHarDeduplicateEnabled: false,
    enableStrictCheckOHModule: false,
    useDeclarationFileSignature: false,
    isPreloadSoEnabled: false
  },
  skipOhModulesLint: false,
  executionMode: 'memory',
  arkCompileCachePath: 'D:\\CityUproject\\CampusNavigation\\RoomMarkerHarmony\\entry\\build\\default\\cache\\default\\default@CompileArkTS\\esmodule',
  autoLazyFilter: undefined,
  isHarDeduplicateEnabled: false,
  intermediateHarDuplicateDirPath: 'D:\\CityUproject\\CampusNavigation\\RoomMarkerHarmony\\entry\\build\\default\\intermediates\\har_duplicate\\default',
  autoLazyImport: false,
  allowEmptyBundleName: false,
  reExportCheckMode: 'noCheck',
  usePathPlaceholder: false,
  writeRollupCache: true,
  isExpandImportEnabled: false,
  expandImportExclude: '',
  lazyImportExclude: '',
  lazyImportInclude: '',
  ignoreCrossplatformCheck: false,
  enableStrictCheckOHModule: false,
  useDeclarationFileSignature: false,
  isPreloadSoEnabled: false,
  strictMode: undefined,
  useNormalizedOHMUrl: false,
  caseSensitiveCheck: false,
  aceModuleJsonPath: 'D:\\CityUproject\\CampusNavigation\\RoomMarkerHarmony\\entry\\build\\default\\intermediates\\res\\default\\ark_module.json',
  appResource: 'D:\\CityUproject\\CampusNavigation\\RoomMarkerHarmony\\entry\\build\\default\\intermediates\\res\\default\\ResourceTable.txt',
  rawFileResource: 'D:\\CityUproject\\CampusNavigation\\RoomMarkerHarmony\\entry\\build\\default\\intermediates\\res\\default\\resources\\rawfile',
  resourceTableHash: 'e84d41c7c4344455426326d512fd2cdd79a96857cfeacf3cd60115dd0a49deba',
  runtimeOS: 'HarmonyOS',
  sdkInfo: 'false:21:6.0.1.112:Release',
  aceModuleRoot: 'D:\\CityUproject\\CampusNavigation\\RoomMarkerHarmony\\entry\\src\\main\\ets',
  compileMode: 'esmodule',
  aceSuperVisualPath: 'D:\\CityUproject\\CampusNavigation\\RoomMarkerHarmony\\entry\\src\\main\\supervisual',
  aceBuildJson: 'D:\\CityUproject\\CampusNavigation\\RoomMarkerHarmony\\entry\\build\\default\\intermediates\\loader\\default\\loader.json',
  cachePath: 'D:\\CityUproject\\CampusNavigation\\RoomMarkerHarmony\\entry\\build\\default\\cache\\default\\default@CompileArkTS\\esmodule\\debug',
  aceModuleBuild: 'D:\\CityUproject\\CampusNavigation\\RoomMarkerHarmony\\entry\\build\\default\\intermediates\\loader_out\\default\\ets',
  supportChunks: true,
  declaredFilesPath: undefined,
  shouldCollectDirectImportees: false,
  isByteCodeHarOptimize: false,
  expandImportPath: undefined,
  pkgNameToPkgBriefInfo: {
    entry: {
      pkgRoot: 'D:\\CityUproject\\CampusNavigation\\RoomMarkerHarmony\\entry',
      originalSourceRoots: undefined,
      sourceRoots: [Array],
      pkgName: 'entry'
    }
  },
  projectModel: {
    'D:\\CityUproject\\CampusNavigation\\RoomMarkerHarmony\\entry\\src\\main': {
      moduleName: 'entry',
      modulePkgPath: 'D:\\CityUproject\\CampusNavigation\\RoomMarkerHarmony\\entry',
      belongProjectPath: 'D:\\CityUproject\\CampusNavigation\\RoomMarkerHarmony'
    },
    'D:\\CityUproject\\CampusNavigation\\RoomMarkerHarmony\\entry': {
      moduleName: 'entry',
      modulePkgPath: 'D:\\CityUproject\\CampusNavigation\\RoomMarkerHarmony\\entry',
      belongProjectPath: 'D:\\CityUproject\\CampusNavigation\\RoomMarkerHarmony'
    },
    'D:\\CityUproject\\CampusNavigation\\RoomMarkerHarmony': {
      moduleName: 'RoomMarkerHarmony',
      modulePkgPath: 'D:\\CityUproject\\CampusNavigation\\RoomMarkerHarmony',
      belongProjectPath: 'D:\\CityUproject\\CampusNavigation\\RoomMarkerHarmony'
    }
  },
  pkgJsonFileHash: 'ac019853f4aab35e0389d66085a03b3c996fc93df6c0d2d552ea85d3dfb7436a',
  allModulePaths: [ 'D:\\CityUproject\\CampusNavigation\\RoomMarkerHarmony\\entry' ],
  routerMap: {},
  obfuscationOptions: undefined,
  byteCodeHarToDependencyKeys: undefined,
  compileBlockPkg: [],
  mockParams: {
    decorator: '@MockSetup',
    packageName: '@ohos/hamock',
    etsSourceRootPath: 'src/main/ets',
    mockConfigPath: undefined,
    mockConfigKey2ModuleInfo: {},
    source2ModuleIdMap: {}
  },
  copyCodeResourceEnable: true,
  copyCodeResourceExcludes: [],
  copyCodeResourceIncludes: undefined,
  uiTransformOptimization: false,
  sdkPath: 'D:/DevEco/DevEco Studio/sdk',
  needPreloadSoFileSet: {},
  preloadSoFilePath: 'D:\\CityUproject\\CampusNavigation\\RoomMarkerHarmony\\entry\\build\\default\\intermediates\\preload\\default\\preload.json',
  useSourceHash: false,
  localModuleParamMap: {},
  otherPaths: {
    'entry/*': [
      '..\\*',
      '..\\..\\..\\build\\default\\generated\\profile\\default\\*'
    ]
  },
  collectImportersConfig: undefined
}
[2026-09-16T09:24:36.217] [DEBUG] debug-file - Compile arkts with external api path: D:\DevEco\DevEco Studio\sdk\default\hms\ets
[2026-09-16T09:24:36.217] [DEBUG] debug-file - default@CompileArkTS work[2] is submitted.
[2026-09-16T09:24:36.217] [DEBUG] debug-file - default@CompileArkTS work[2] is pushed to ready queue.
[2026-09-16T09:24:36.218] [DEBUG] debug-file - A work dispatched to worker[15] failed because unable to get work from ready queue.
[2026-09-16T09:24:36.218] [DEBUG] debug-file - A work dispatched to worker[14] failed because unable to get work from ready queue.
[2026-09-16T09:24:36.218] [DEBUG] debug-file - A work dispatched to worker[13] failed because unable to get work from ready queue.
[2026-09-16T09:24:36.218] [DEBUG] debug-file - A work dispatched to worker[12] failed because unable to get work from ready queue.
[2026-09-16T09:24:36.218] [DEBUG] debug-file - A work dispatched to worker[11] failed because unable to get work from ready queue.
[2026-09-16T09:24:36.218] [DEBUG] debug-file - A work dispatched to worker[10] failed because unable to get work from ready queue.
[2026-09-16T09:24:36.218] [DEBUG] debug-file - A work dispatched to worker[9] failed because unable to get work from ready queue.
[2026-09-16T09:24:36.218] [DEBUG] debug-file - A work dispatched to worker[8] failed because unable to get work from ready queue.
[2026-09-16T09:24:36.218] [DEBUG] debug-file - A work dispatched to worker[7] failed because unable to get work from ready queue.
[2026-09-16T09:24:36.218] [DEBUG] debug-file - A work dispatched to worker[6] failed because unable to get work from ready queue.
[2026-09-16T09:24:36.218] [DEBUG] debug-file - A work dispatched to worker[5] failed because unable to get work from ready queue.
[2026-09-16T09:24:36.218] [DEBUG] debug-file - default@CompileArkTS work[2] has been dispatched to worker[4].
[2026-09-16T09:24:36.218] [DEBUG] debug-file - default@CompileArkTS work[2] is dispatched.
[2026-09-16T09:24:36.218] [DEBUG] debug-file - CopyResources startTime: 28345206017200
[2026-09-16T09:24:36.218] [DEBUG] debug-file - default@CompileArkTS work[3] is submitted.
[2026-09-16T09:24:36.218] [DEBUG] debug-file - default@CompileArkTS work[3] is pushed to ready queue.
[2026-09-16T09:24:36.218] [DEBUG] debug-file - A work dispatched to worker[15] failed because unable to get work from ready queue.
[2026-09-16T09:24:36.218] [DEBUG] debug-file - Create  resident worker with id: 14.
[2026-09-16T09:24:36.219] [DEBUG] debug-file - default@CompileArkTS work[3] has been dispatched to worker[14].
[2026-09-16T09:24:36.219] [DEBUG] debug-file - default@CompileArkTS work[3] is dispatched.
[2026-09-16T09:24:36.219] [DEBUG] debug-file - entry : default@CompileArkTS cost memory 1.1854476928710938
[2026-09-16T09:24:36.219] [DEBUG] debug-file - Executing task :entry:default@BuildJS
[2026-09-16T09:24:36.219] [DEBUG] debug-file - Task 'entry:default@BuildJS' cost while wrapping incremental declarations: 1 ms 
[2026-09-16T09:24:36.221] [DEBUG] debug-file - entry : default@BuildJS cost memory 0.14919281005859375
[2026-09-16T09:24:36.221] [DEBUG] debug-file - runTaskFromQueue task cost before running: 123 ms 
[2026-09-16T09:24:36.221] [INFO] debug-file - Finished :entry:default@BuildJS... after 2 ms 
[2026-09-16T09:24:36.222] [DEBUG] debug-file - Executing task :entry:default@CacheNativeLibs
[2026-09-16T09:24:36.222] [DEBUG] debug-file - Task 'entry:default@CacheNativeLibs' cost while wrapping incremental declarations: 1 ms 
[2026-09-16T09:24:36.223] [DEBUG] debug-file - Incremental task entry:default@CacheNativeLibs pre-execution cost: 1 ms .
[2026-09-16T09:24:36.223] [DEBUG] debug-file - entry : default@CacheNativeLibs cost memory 0.10063934326171875
[2026-09-16T09:24:36.223] [INFO] debug-file - UP-TO-DATE :entry:default@CacheNativeLibs...  
[2026-09-16T09:24:36.866] [DEBUG] debug-file - worker[14] has one work done.
[2026-09-16T09:24:36.866] [DEBUG] debug-file - CopyResources is end, endTime: 28345853779800
[2026-09-16T09:24:36.866] [DEBUG] debug-file - default@CompileArkTS work[3] done.
[2026-09-16T09:24:36.866] [DEBUG] debug-file - A work dispatched to worker[14] failed because unable to get work from ready queue.
[2026-09-16T09:24:37.178] [DEBUG] debug-file - worker[4] has one work error.
[2026-09-16T09:24:37.178] [DEBUG] debug-file - default@CompileArkTS work[2] failed.
[2026-09-16T09:24:37.178] [DEBUG] debug-file - Ark compile task finished.finished time is 28346166360700
[2026-09-16T09:24:37.179] [ERROR] debug-file - Failed :entry:default@CompileArkTS... 
[2026-09-16T09:24:37.179] [WARN] debug-file - 
[33m1 WARN: [33m[33mArkTS:WARN File: D:/CityUproject/CampusNavigation/RoomMarkerHarmony/entry/src/main/ets/data/Store.ets:168:49
 Function may throw exceptions. Special handling is required.
[39m[39m
[33m2 WARN: [33m[33mArkTS:WARN File: D:/CityUproject/CampusNavigation/RoomMarkerHarmony/entry/src/main/ets/data/Store.ets:175:12
 Function may throw exceptions. Special handling is required.
[39m[39m
[33m3 WARN: [33m[33mArkTS:WARN File: D:/CityUproject/CampusNavigation/RoomMarkerHarmony/entry/src/main/ets/data/Store.ets:177:13
 Function may throw exceptions. Special handling is required.
[39m[39m
[33m4 WARN: [33m[33mArkTS:WARN File: D:/CityUproject/CampusNavigation/RoomMarkerHarmony/entry/src/main/ets/data/Store.ets:177:24
 Function may throw exceptions. Special handling is required.
[39m[39m
[33m5 WARN: [33m[33mArkTS:WARN File: D:/CityUproject/CampusNavigation/RoomMarkerHarmony/entry/src/main/ets/data/Store.ets:178:15
 Function may throw exceptions. Special handling is required.
[39m[39m
[33m6 WARN: [33m[33mArkTS:WARN File: D:/CityUproject/CampusNavigation/RoomMarkerHarmony/entry/src/main/ets/data/Store.ets:178:28
 Function may throw exceptions. Special handling is required.
[39m[39m
[33m7 WARN: [33m[33mArkTS:WARN File: D:/CityUproject/CampusNavigation/RoomMarkerHarmony/entry/src/main/ets/data/Store.ets:179:15
 Function may throw exceptions. Special handling is required.
[39m[39m
[33m8 WARN: [33m[33mArkTS:WARN File: D:/CityUproject/CampusNavigation/RoomMarkerHarmony/entry/src/main/ets/data/Store.ets:179:28
 Function may throw exceptions. Special handling is required.
[39m[39m
[33m9 WARN: [33m[33mArkTS:WARN File: D:/CityUproject/CampusNavigation/RoomMarkerHarmony/entry/src/main/ets/data/Store.ets:180:20
 Function may throw exceptions. Special handling is required.
[39m[39m
[33m10 WARN: [33m[33mArkTS:WARN File: D:/CityUproject/CampusNavigation/RoomMarkerHarmony/entry/src/main/ets/data/Store.ets:180:31
 Function may throw exceptions. Special handling is required.
[39m[39m
[33m11 WARN: [33m[33mArkTS:WARN File: D:/CityUproject/CampusNavigation/RoomMarkerHarmony/entry/src/main/ets/data/Store.ets:181:20
 Function may throw exceptions. Special handling is required.
[39m[39m
[33m12 WARN: [33m[33mArkTS:WARN File: D:/CityUproject/CampusNavigation/RoomMarkerHarmony/entry/src/main/ets/data/Store.ets:181:31
 Function may throw exceptions. Special handling is required.
[39m[39m
[33m13 WARN: [33m[33mArkTS:WARN File: D:/CityUproject/CampusNavigation/RoomMarkerHarmony/entry/src/main/ets/data/Store.ets:182:21
 Function may throw exceptions. Special handling is required.
[39m[39m
[33m14 WARN: [33m[33mArkTS:WARN File: D:/CityUproject/CampusNavigation/RoomMarkerHarmony/entry/src/main/ets/data/Store.ets:182:32
 Function may throw exceptions. Special handling is required.
[39m[39m
[33m15 WARN: [33m[33mArkTS:WARN File: D:/CityUproject/CampusNavigation/RoomMarkerHarmony/entry/src/main/ets/data/Store.ets:185:5
 Function may throw exceptions. Special handling is required.
[39m[39m
[33m16 WARN: [33m[33mArkTS:WARN File: D:/CityUproject/CampusNavigation/RoomMarkerHarmony/entry/src/main/ets/data/Store.ets:196:49
 Function may throw exceptions. Special handling is required.
[39m[39m
[33m17 WARN: [33m[33mArkTS:WARN File: D:/CityUproject/CampusNavigation/RoomMarkerHarmony/entry/src/main/ets/data/Store.ets:200:9
 Function may throw exceptions. Special handling is required.
[39m[39m
[33m18 WARN: [33m[33mArkTS:WARN File: D:/CityUproject/CampusNavigation/RoomMarkerHarmony/entry/src/main/ets/data/Store.ets:202:13
 Function may throw exceptions. Special handling is required.
[39m[39m
[33m19 WARN: [33m[33mArkTS:WARN File: D:/CityUproject/CampusNavigation/RoomMarkerHarmony/entry/src/main/ets/data/Store.ets:202:24
 Function may throw exceptions. Special handling is required.
[39m[39m
[33m20 WARN: [33m[33mArkTS:WARN File: D:/CityUproject/CampusNavigation/RoomMarkerHarmony/entry/src/main/ets/data/Store.ets:203:15
 Function may throw exceptions. Special handling is required.
[39m[39m
[33m21 WARN: [33m[33mArkTS:WARN File: D:/CityUproject/CampusNavigation/RoomMarkerHarmony/entry/src/main/ets/data/Store.ets:203:28
 Function may throw exceptions. Special handling is required.
[39m[39m
[33m22 WARN: [33m[33mArkTS:WARN File: D:/CityUproject/CampusNavigation/RoomMarkerHarmony/entry/src/main/ets/data/Store.ets:204:15
 Function may throw exceptions. Special handling is required.
[39m[39m
[33m23 WARN: [33m[33mArkTS:WARN File: D:/CityUproject/CampusNavigation/RoomMarkerHarmony/entry/src/main/ets/data/Store.ets:204:28
 Function may throw exceptions. Special handling is required.
[39m[39m
[33m24 WARN: [33m[33mArkTS:WARN File: D:/CityUproject/CampusNavigation/RoomMarkerHarmony/entry/src/main/ets/data/Store.ets:205:20
 Function may throw exceptions. Special handling is required.
[39m[39m
[33m25 WARN: [33m[33mArkTS:WARN File: D:/CityUproject/CampusNavigation/RoomMarkerHarmony/entry/src/main/ets/data/Store.ets:205:31
 Function may throw exceptions. Special handling is required.
[39m[39m
[33m26 WARN: [33m[33mArkTS:WARN File: D:/CityUproject/CampusNavigation/RoomMarkerHarmony/entry/src/main/ets/data/Store.ets:210:5
 Function may throw exceptions. Special handling is required.
[39m[39m
[33m27 WARN: [33m[33mArkTS:WARN File: D:/CityUproject/CampusNavigation/RoomMarkerHarmony/entry/src/main/ets/data/Store.ets:221:33
 Function may throw exceptions. Special handling is required.
[39m[39m
[33m28 WARN: [33m[33mArkTS:WARN File: D:/CityUproject/CampusNavigation/RoomMarkerHarmony/entry/src/main/ets/data/Store.ets:232:11
 Function may throw exceptions. Special handling is required.
[39m[39m
[33m29 WARN: [33m[33mArkTS:WARN File: D:/CityUproject/CampusNavigation/RoomMarkerHarmony/entry/src/main/ets/data/Store.ets:236:11
 Function may throw exceptions. Special handling is required.
[39m[39m
[33m30 WARN: [33m[33mArkTS:WARN File: D:/CityUproject/CampusNavigation/RoomMarkerHarmony/entry/src/main/ets/data/Store.ets:239:11
 Function may throw exceptions. Special handling is required.
[39m[39m
[33m31 WARN: [33m[33mArkTS:WARN File: D:/CityUproject/CampusNavigation/RoomMarkerHarmony/entry/src/main/ets/data/Store.ets:253:49
 Function may throw exceptions. Special handling is required.
[39m[39m
[33m32 WARN: [33m[33mArkTS:WARN File: D:/CityUproject/CampusNavigation/RoomMarkerHarmony/entry/src/main/ets/data/Store.ets:255:12
 Function may throw exceptions. Special handling is required.
[39m[39m
[33m33 WARN: [33m[33mArkTS:WARN File: D:/CityUproject/CampusNavigation/RoomMarkerHarmony/entry/src/main/ets/data/Store.ets:256:20
 Function may throw exceptions. Special handling is required.
[39m[39m
[33m34 WARN: [33m[33mArkTS:WARN File: D:/CityUproject/CampusNavigation/RoomMarkerHarmony/entry/src/main/ets/data/Store.ets:256:31
 Function may throw exceptions. Special handling is required.
[39m[39m
[33m35 WARN: [33m[33mArkTS:WARN File: D:/CityUproject/CampusNavigation/RoomMarkerHarmony/entry/src/main/ets/data/Store.ets:258:5
 Function may throw exceptions. Special handling is required.
[39m[39m
[33m36 WARN: [33m[33mArkTS:WARN File: D:/CityUproject/CampusNavigation/RoomMarkerHarmony/entry/src/main/ets/data/Store.ets:264:11
 Function may throw exceptions. Special handling is required.
[39m[39m
[33m37 WARN: [33m[33mArkTS:WARN File: D:/CityUproject/CampusNavigation/RoomMarkerHarmony/entry/src/main/ets/data/Store.ets:285:49
 Function may throw exceptions. Special handling is required.
[39m[39m
[33m38 WARN: [33m[33mArkTS:WARN File: D:/CityUproject/CampusNavigation/RoomMarkerHarmony/entry/src/main/ets/data/Store.ets:289:12
 Function may throw exceptions. Special handling is required.
[39m[39m
[33m39 WARN: [33m[33mArkTS:WARN File: D:/CityUproject/CampusNavigation/RoomMarkerHarmony/entry/src/main/ets/data/Store.ets:291:13
 Function may throw exceptions. Special handling is required.
[39m[39m
[33m40 WARN: [33m[33mArkTS:WARN File: D:/CityUproject/CampusNavigation/RoomMarkerHarmony/entry/src/main/ets/data/Store.ets:291:24
 Function may throw exceptions. Special handling is required.
[39m[39m
[33m41 WARN: [33m[33mArkTS:WARN File: D:/CityUproject/CampusNavigation/RoomMarkerHarmony/entry/src/main/ets/data/Store.ets:292:15
 Function may throw exceptions. Special handling is required.
[39m[39m
[33m42 WARN: [33m[33mArkTS:WARN File: D:/CityUproject/CampusNavigation/RoomMarkerHarmony/entry/src/main/ets/data/Store.ets:292:28
 Function may throw exceptions. Special handling is required.
[39m[39m
[33m43 WARN: [33m[33mArkTS:WARN File: D:/CityUproject/CampusNavigation/RoomMarkerHarmony/entry/src/main/ets/data/Store.ets:293:15
 Function may throw exceptions. Special handling is required.
[39m[39m
[33m44 WARN: [33m[33mArkTS:WARN File: D:/CityUproject/CampusNavigation/RoomMarkerHarmony/entry/src/main/ets/data/Store.ets:293:28
 Function may throw exceptions. Special handling is required.
[39m[39m
[33m45 WARN: [33m[33mArkTS:WARN File: D:/CityUproject/CampusNavigation/RoomMarkerHarmony/entry/src/main/ets/data/Store.ets:299:20
 Function may throw exceptions. Special handling is required.
[39m[39m
[33m46 WARN: [33m[33mArkTS:WARN File: D:/CityUproject/CampusNavigation/RoomMarkerHarmony/entry/src/main/ets/data/Store.ets:299:31
 Function may throw exceptions. Special handling is required.
[39m[39m
[33m47 WARN: [33m[33mArkTS:WARN File: D:/CityUproject/CampusNavigation/RoomMarkerHarmony/entry/src/main/ets/data/Store.ets:302:5
 Function may throw exceptions. Special handling is required.
[39m[39m
[33m48 WARN: [33m[33mArkTS:WARN File: D:/CityUproject/CampusNavigation/RoomMarkerHarmony/entry/src/main/ets/data/Store.ets:313:49
 Function may throw exceptions. Special handling is required.
[39m[39m
[33m49 WARN: [33m[33mArkTS:WARN File: D:/CityUproject/CampusNavigation/RoomMarkerHarmony/entry/src/main/ets/data/Store.ets:317:9
 Function may throw exceptions. Special handling is required.
[39m[39m
[33m50 WARN: [33m[33mArkTS:WARN File: D:/CityUproject/CampusNavigation/RoomMarkerHarmony/entry/src/main/ets/data/Store.ets:319:13
 Function may throw exceptions. Special handling is required.
[39m[39m
[33m51 WARN: [33m[33mArkTS:WARN File: D:/CityUproject/CampusNavigation/RoomMarkerHarmony/entry/src/main/ets/data/Store.ets:319:24
 Function may throw exceptions. Special handling is required.
[39m[39m
[33m52 WARN: [33m[33mArkTS:WARN File: D:/CityUproject/CampusNavigation/RoomMarkerHarmony/entry/src/main/ets/data/Store.ets:320:15
 Function may throw exceptions. Special handling is required.
[39m[39m
[33m53 WARN: [33m[33mArkTS:WARN File: D:/CityUproject/CampusNavigation/RoomMarkerHarmony/entry/src/main/ets/data/Store.ets:320:28
 Function may throw exceptions. Special handling is required.
[39m[39m
[33m54 WARN: [33m[33mArkTS:WARN File: D:/CityUproject/CampusNavigation/RoomMarkerHarmony/entry/src/main/ets/data/Store.ets:321:15
 Function may throw exceptions. Special handling is required.
[39m[39m
[33m55 WARN: [33m[33mArkTS:WARN File: D:/CityUproject/CampusNavigation/RoomMarkerHarmony/entry/src/main/ets/data/Store.ets:321:28
 Function may throw exceptions. Special handling is required.
[39m[39m
[33m56 WARN: [33m[33mArkTS:WARN File: D:/CityUproject/CampusNavigation/RoomMarkerHarmony/entry/src/main/ets/data/Store.ets:327:20
 Function may throw exceptions. Special handling is required.
[39m[39m
[33m57 WARN: [33m[33mArkTS:WARN File: D:/CityUproject/CampusNavigation/RoomMarkerHarmony/entry/src/main/ets/data/Store.ets:327:31
 Function may throw exceptions. Special handling is required.
[39m[39m
[33m58 WARN: [33m[33mArkTS:WARN File: D:/CityUproject/CampusNavigation/RoomMarkerHarmony/entry/src/main/ets/data/Store.ets:330:5
 Function may throw exceptions. Special handling is required.
[39m[39m
[33m59 WARN: [33m[33mArkTS:WARN File: D:/CityUproject/CampusNavigation/RoomMarkerHarmony/entry/src/main/ets/data/Store.ets:342:49
 Function may throw exceptions. Special handling is required.
[39m[39m
[33m60 WARN: [33m[33mArkTS:WARN File: D:/CityUproject/CampusNavigation/RoomMarkerHarmony/entry/src/main/ets/data/Store.ets:348:12
 Function may throw exceptions. Special handling is required.
[39m[39m
[33m61 WARN: [33m[33mArkTS:WARN File: D:/CityUproject/CampusNavigation/RoomMarkerHarmony/entry/src/main/ets/data/Store.ets:350:13
 Function may throw exceptions. Special handling is required.
[39m[39m
[33m62 WARN: [33m[33mArkTS:WARN File: D:/CityUproject/CampusNavigation/RoomMarkerHarmony/entry/src/main/ets/data/Store.ets:350:24
 Function may throw exceptions. Special handling is required.
[39m[39m
[33m63 WARN: [33m[33mArkTS:WARN File: D:/CityUproject/CampusNavigation/RoomMarkerHarmony/entry/src/main/ets/data/Store.ets:351:17
 Function may throw exceptions. Special handling is required.
[39m[39m
[33m64 WARN: [33m[33mArkTS:WARN File: D:/CityUproject/CampusNavigation/RoomMarkerHarmony/entry/src/main/ets/data/Store.ets:351:28
 Function may throw exceptions. Special handling is required.
[39m[39m
[33m65 WARN: [33m[33mArkTS:WARN File: D:/CityUproject/CampusNavigation/RoomMarkerHarmony/entry/src/main/ets/data/Store.ets:352:15
 Function may throw exceptions. Special handling is required.
[39m[39m
[33m66 WARN: [33m[33mArkTS:WARN File: D:/CityUproject/CampusNavigation/RoomMarkerHarmony/entry/src/main/ets/data/Store.ets:352:28
 Function may throw exceptions. Special handling is required.
[39m[39m
[33m67 WARN: [33m[33mArkTS:WARN File: D:/CityUproject/CampusNavigation/RoomMarkerHarmony/entry/src/main/ets/data/Store.ets:353:21
 Function may throw exceptions. Special handling is required.
[39m[39m
[33m68 WARN: [33m[33mArkTS:WARN File: D:/CityUproject/CampusNavigation/RoomMarkerHarmony/entry/src/main/ets/data/Store.ets:353:34
 Function may throw exceptions. Special handling is required.
[39m[39m
[33m69 WARN: [33m[33mArkTS:WARN File: D:/CityUproject/CampusNavigation/RoomMarkerHarmony/entry/src/main/ets/data/Store.ets:362:20
 Function may throw exceptions. Special handling is required.
[39m[39m
[33m70 WARN: [33m[33mArkTS:WARN File: D:/CityUproject/CampusNavigation/RoomMarkerHarmony/entry/src/main/ets/data/Store.ets:362:31
 Function may throw exceptions. Special handling is required.
[39m[39m
[33m71 WARN: [33m[33mArkTS:WARN File: D:/CityUproject/CampusNavigation/RoomMarkerHarmony/entry/src/main/ets/data/Store.ets:365:5
 Function may throw exceptions. Special handling is required.
[39m[39m
[33m72 WARN: [33m[33mArkTS:WARN File: D:/CityUproject/CampusNavigation/RoomMarkerHarmony/entry/src/main/ets/data/Store.ets:374:49
 Function may throw exceptions. Special handling is required.
[39m[39m
[33m73 WARN: [33m[33mArkTS:WARN File: D:/CityUproject/CampusNavigation/RoomMarkerHarmony/entry/src/main/ets/data/Store.ets:380:12
 Function may throw exceptions. Special handling is required.
[39m[39m
[33m74 WARN: [33m[33mArkTS:WARN File: D:/CityUproject/CampusNavigation/RoomMarkerHarmony/entry/src/main/ets/data/Store.ets:382:13
 Function may throw exceptions. Special handling is required.
[39m[39m
[33m75 WARN: [33m[33mArkTS:WARN File: D:/CityUproject/CampusNavigation/RoomMarkerHarmony/entry/src/main/ets/data/Store.ets:382:24
 Function may throw exceptions. Special handling is required.
[39m[39m
[33m76 WARN: [33m[33mArkTS:WARN File: D:/CityUproject/CampusNavigation/RoomMarkerHarmony/entry/src/main/ets/data/Store.ets:383:15
 Function may throw exceptions. Special handling is required.
[39m[39m
[33m77 WARN: [33m[33mArkTS:WARN File: D:/CityUproject/CampusNavigation/RoomMarkerHarmony/entry/src/main/ets/data/Store.ets:383:28
 Function may throw exceptions. Special handling is required.
[39m[39m
[33m78 WARN: [33m[33mArkTS:WARN File: D:/CityUproject/CampusNavigation/RoomMarkerHarmony/entry/src/main/ets/data/Store.ets:384:20
 Function may throw exceptions. Special handling is required.
[39m[39m
[33m79 WARN: [33m[33mArkTS:WARN File: D:/CityUproject/CampusNavigation/RoomMarkerHarmony/entry/src/main/ets/data/Store.ets:384:31
 Function may throw exceptions. Special handling is required.
[39m[39m
[33m80 WARN: [33m[33mArkTS:WARN File: D:/CityUproject/CampusNavigation/RoomMarkerHarmony/entry/src/main/ets/data/Store.ets:386:21
 Function may throw exceptions. Special handling is required.
[39m[39m
[33m81 WARN: [33m[33mArkTS:WARN File: D:/CityUproject/CampusNavigation/RoomMarkerHarmony/entry/src/main/ets/data/Store.ets:386:32
 Function may throw exceptions. Special handling is required.
[39m[39m
[33m82 WARN: [33m[33mArkTS:WARN File: D:/CityUproject/CampusNavigation/RoomMarkerHarmony/entry/src/main/ets/data/Store.ets:391:5
 Function may throw exceptions. Special handling is required.
[39m[39m
[33m83 WARN: [33m[33mArkTS:WARN File: D:/CityUproject/CampusNavigation/RoomMarkerHarmony/entry/src/main/ets/data/Store.ets:408:49
 Function may throw exceptions. Special handling is required.
[39m[39m
[33m84 WARN: [33m[33mArkTS:WARN File: D:/CityUproject/CampusNavigation/RoomMarkerHarmony/entry/src/main/ets/data/Store.ets:412:12
 Function may throw exceptions. Special handling is required.
[39m[39m
[33m85 WARN: [33m[33mArkTS:WARN File: D:/CityUproject/CampusNavigation/RoomMarkerHarmony/entry/src/main/ets/data/Store.ets:414:13
 Function may throw exceptions. Special handling is required.
[39m[39m
[33m86 WARN: [33m[33mArkTS:WARN File: D:/CityUproject/CampusNavigation/RoomMarkerHarmony/entry/src/main/ets/data/Store.ets:414:24
 Function may throw exceptions. Special handling is required.
[39m[39m
[33m87 WARN: [33m[33mArkTS:WARN File: D:/CityUproject/CampusNavigation/RoomMarkerHarmony/entry/src/main/ets/data/Store.ets:415:15
 Function may throw exceptions. Special handling is required.
[39m[39m
[33m88 WARN: [33m[33mArkTS:WARN File: D:/CityUproject/CampusNavigation/RoomMarkerHarmony/entry/src/main/ets/data/Store.ets:415:28
 Function may throw exceptions. Special handling is required.
[39m[39m
[33m89 WARN: [33m[33mArkTS:WARN File: D:/CityUproject/CampusNavigation/RoomMarkerHarmony/entry/src/main/ets/data/Store.ets:416:20
 Function may throw exceptions. Special handling is required.
[39m[39m
[33m90 WARN: [33m[33mArkTS:WARN File: D:/CityUproject/CampusNavigation/RoomMarkerHarmony/entry/src/main/ets/data/Store.ets:416:31
 Function may throw exceptions. Special handling is required.
[39m[39m
[33m91 WARN: [33m[33mArkTS:WARN File: D:/CityUproject/CampusNavigation/RoomMarkerHarmony/entry/src/main/ets/data/Store.ets:418:21
 Function may throw exceptions. Special handling is required.
[39m[39m
[33m92 WARN: [33m[33mArkTS:WARN File: D:/CityUproject/CampusNavigation/RoomMarkerHarmony/entry/src/main/ets/data/Store.ets:418:32
 Function may throw exceptions. Special handling is required.
[39m[39m
[33m93 WARN: [33m[33mArkTS:WARN File: D:/CityUproject/CampusNavigation/RoomMarkerHarmony/entry/src/main/ets/data/Store.ets:422:5
 Function may throw exceptions. Special handling is required.
[39m[39m
[33m94 WARN: [33m[33mArkTS:WARN File: D:/CityUproject/CampusNavigation/RoomMarkerHarmony/entry/src/main/ets/data/Store.ets:431:49
 Function may throw exceptions. Special handling is required.
[39m[39m
[33m95 WARN: [33m[33mArkTS:WARN File: D:/CityUproject/CampusNavigation/RoomMarkerHarmony/entry/src/main/ets/data/Store.ets:436:9
 Function may throw exceptions. Special handling is required.
[39m[39m
[33m96 WARN: [33m[33mArkTS:WARN File: D:/CityUproject/CampusNavigation/RoomMarkerHarmony/entry/src/main/ets/data/Store.ets:438:13
 Function may throw exceptions. Special handling is required.
[39m[39m
[33m97 WARN: [33m[33mArkTS:WARN File: D:/CityUproject/CampusNavigation/RoomMarkerHarmony/entry/src/main/ets/data/Store.ets:438:24
 Function may throw exceptions. Special handling is required.
[39m[39m
[33m98 WARN: [33m[33mArkTS:WARN File: D:/CityUproject/CampusNavigation/RoomMarkerHarmony/entry/src/main/ets/data/Store.ets:439:15
 Function may throw exceptions. Special handling is required.
[39m[39m
[33m99 WARN: [33m[33mArkTS:WARN File: D:/CityUproject/CampusNavigation/RoomMarkerHarmony/entry/src/main/ets/data/Store.ets:439:28
 Function may throw exceptions. Special handling is required.
[39m[39m
[33m100 WARN: [33m[33mArkTS:WARN File: D:/CityUproject/CampusNavigation/RoomMarkerHarmony/entry/src/main/ets/data/Store.ets:440:20
 Function may throw exceptions. Special handling is required.
[39m[39m
[33m101 WARN: [33m[33mArkTS:WARN File: D:/CityUproject/CampusNavigation/RoomMarkerHarmony/entry/src/main/ets/data/Store.ets:440:31
 Function may throw exceptions. Special handling is required.
[39m[39m
[33m102 WARN: [33m[33mArkTS:WARN File: D:/CityUproject/CampusNavigation/RoomMarkerHarmony/entry/src/main/ets/data/Store.ets:442:21
 Function may throw exceptions. Special handling is required.
[39m[39m
[33m103 WARN: [33m[33mArkTS:WARN File: D:/CityUproject/CampusNavigation/RoomMarkerHarmony/entry/src/main/ets/data/Store.ets:442:32
 Function may throw exceptions. Special handling is required.
[39m[39m
[33m104 WARN: [33m[33mArkTS:WARN File: D:/CityUproject/CampusNavigation/RoomMarkerHarmony/entry/src/main/ets/data/Store.ets:447:5
 Function may throw exceptions. Special handling is required.
[39m[39m
[33m105 WARN: [33m[33mArkTS:WARN File: D:/CityUproject/CampusNavigation/RoomMarkerHarmony/entry/src/main/ets/data/Store.ets:459:49
 Function may throw exceptions. Special handling is required.
[39m[39m
[33m106 WARN: [33m[33mArkTS:WARN File: D:/CityUproject/CampusNavigation/RoomMarkerHarmony/entry/src/main/ets/data/Store.ets:465:12
 Function may throw exceptions. Special handling is required.
[39m[39m
[33m107 WARN: [33m[33mArkTS:WARN File: D:/CityUproject/CampusNavigation/RoomMarkerHarmony/entry/src/main/ets/data/Store.ets:467:13
 Function may throw exceptions. Special handling is required.
[39m[39m
[33m108 WARN: [33m[33mArkTS:WARN File: D:/CityUproject/CampusNavigation/RoomMarkerHarmony/entry/src/main/ets/data/Store.ets:467:24
 Function may throw exceptions. Special handling is required.
[39m[39m
[33m109 WARN: [33m[33mArkTS:WARN File: D:/CityUproject/CampusNavigation/RoomMarkerHarmony/entry/src/main/ets/data/Store.ets:468:18
 Function may throw exceptions. Special handling is required.
[39m[39m
[33m110 WARN: [33m[33mArkTS:WARN File: D:/CityUproject/CampusNavigation/RoomMarkerHarmony/entry/src/main/ets/data/Store.ets:468:29
 Function may throw exceptions. Special handling is required.
[39m[39m
[33m111 WARN: [33m[33mArkTS:WARN File: D:/CityUproject/CampusNavigation/RoomMarkerHarmony/entry/src/main/ets/data/Store.ets:469:17
 Function may throw exceptions. Special handling is required.
[39m[39m
[33m112 WARN: [33m[33mArkTS:WARN File: D:/CityUproject/CampusNavigation/RoomMarkerHarmony/entry/src/main/ets/data/Store.ets:469:28
 Function may throw exceptions. Special handling is required.
[39m[39m
[33m113 WARN: [33m[33mArkTS:WARN File: D:/CityUproject/CampusNavigation/RoomMarkerHarmony/entry/src/main/ets/data/Store.ets:479:20
 Function may throw exceptions. Special handling is required.
[39m[39m
[33m114 WARN: [33m[33mArkTS:WARN File: D:/CityUproject/CampusNavigation/RoomMarkerHarmony/entry/src/main/ets/data/Store.ets:479:31
 Function may throw exceptions. Special handling is required.
[39m[39m
[33m115 WARN: [33m[33mArkTS:WARN File: D:/CityUproject/CampusNavigation/RoomMarkerHarmony/entry/src/main/ets/data/Store.ets:480:18
 Function may throw exceptions. Special handling is required.
[39m[39m
[33m116 WARN: [33m[33mArkTS:WARN File: D:/CityUproject/CampusNavigation/RoomMarkerHarmony/entry/src/main/ets/data/Store.ets:480:31
 Function may throw exceptions. Special handling is required.
[39m[39m
[33m117 WARN: [33m[33mArkTS:WARN File: D:/CityUproject/CampusNavigation/RoomMarkerHarmony/entry/src/main/ets/data/Store.ets:483:5
 Function may throw exceptions. Special handling is required.
[39m[39m
[33m118 WARN: [33m[33mArkTS:WARN File: D:/CityUproject/CampusNavigation/RoomMarkerHarmony/entry/src/main/ets/data/Store.ets:495:49
 Function may throw exceptions. Special handling is required.
[39m[39m
[33m119 WARN: [33m[33mArkTS:WARN File: D:/CityUproject/CampusNavigation/RoomMarkerHarmony/entry/src/main/ets/data/Store.ets:500:12
 Function may throw exceptions. Special handling is required.
[39m[39m
[33m120 WARN: [33m[33mArkTS:WARN File: D:/CityUproject/CampusNavigation/RoomMarkerHarmony/entry/src/main/ets/data/Store.ets:502:13
 Function may throw exceptions. Special handling is required.
[39m[39m
[33m121 WARN: [33m[33mArkTS:WARN File: D:/CityUproject/CampusNavigation/RoomMarkerHarmony/entry/src/main/ets/data/Store.ets:502:24
 Function may throw exceptions. Special handling is required.
[39m[39m
[33m122 WARN: [33m[33mArkTS:WARN File: D:/CityUproject/CampusNavigation/RoomMarkerHarmony/entry/src/main/ets/data/Store.ets:503:18
 Function may throw exceptions. Special handling is required.
[39m[39m
[33m123 WARN: [33m[33mArkTS:WARN File: D:/CityUproject/CampusNavigation/RoomMarkerHarmony/entry/src/main/ets/data/Store.ets:503:29
 Function may throw exceptions. Special handling is required.
[39m[39m
[33m124 WARN: [33m[33mArkTS:WARN File: D:/CityUproject/CampusNavigation/RoomMarkerHarmony/entry/src/main/ets/data/Store.ets:504:17
 Function may throw exceptions. Special handling is required.
[39m[39m
[33m125 WARN: [33m[33mArkTS:WARN File: D:/CityUproject/CampusNavigation/RoomMarkerHarmony/entry/src/main/ets/data/Store.ets:504:28
 Function may throw exceptions. Special handling is required.
[39m[39m
[33m126 WARN: [33m[33mArkTS:WARN File: D:/CityUproject/CampusNavigation/RoomMarkerHarmony/entry/src/main/ets/data/Store.ets:505:18
 Function may throw exceptions. Special handling is required.
[39m[39m
[33m127 WARN: [33m[33mArkTS:WARN File: D:/CityUproject/CampusNavigation/RoomMarkerHarmony/entry/src/main/ets/data/Store.ets:505:31
 Function may throw exceptions. Special handling is required.
[39m[39m
[33m128 WARN: [33m[33mArkTS:WARN File: D:/CityUproject/CampusNavigation/RoomMarkerHarmony/entry/src/main/ets/data/Store.ets:506:15
 Function may throw exceptions. Special handling is required.
[39m[39m
[33m129 WARN: [33m[33mArkTS:WARN File: D:/CityUproject/CampusNavigation/RoomMarkerHarmony/entry/src/main/ets/data/Store.ets:506:28
 Function may throw exceptions. Special handling is required.
[39m[39m
[33m130 WARN: [33m[33mArkTS:WARN File: D:/CityUproject/CampusNavigation/RoomMarkerHarmony/entry/src/main/ets/data/Store.ets:511:20
 Function may throw exceptions. Special handling is required.
[39m[39m
[33m131 WARN: [33m[33mArkTS:WARN File: D:/CityUproject/CampusNavigation/RoomMarkerHarmony/entry/src/main/ets/data/Store.ets:511:31
 Function may throw exceptions. Special handling is required.
[39m[39m
[33m132 WARN: [33m[33mArkTS:WARN File: D:/CityUproject/CampusNavigation/RoomMarkerHarmony/entry/src/main/ets/data/Store.ets:514:5
 Function may throw exceptions. Special handling is required.
[39m[39m
[33m133 WARN: [33m[33mArkTS:WARN File: D:/CityUproject/CampusNavigation/RoomMarkerHarmony/entry/src/main/ets/data/Store.ets:526:49
 Function may throw exceptions. Special handling is required.
[39m[39m
[33m134 WARN: [33m[33mArkTS:WARN File: D:/CityUproject/CampusNavigation/RoomMarkerHarmony/entry/src/main/ets/data/Store.ets:531:12
 Function may throw exceptions. Special handling is required.
[39m[39m
[33m135 WARN: [33m[33mArkTS:WARN File: D:/CityUproject/CampusNavigation/RoomMarkerHarmony/entry/src/main/ets/data/Store.ets:533:13
 Function may throw exceptions. Special handling is required.
[39m[39m
[33m136 WARN: [33m[33mArkTS:WARN File: D:/CityUproject/CampusNavigation/RoomMarkerHarmony/entry/src/main/ets/data/Store.ets:533:24
 Function may throw exceptions. Special handling is required.
[39m[39m
[33m137 WARN: [33m[33mArkTS:WARN File: D:/CityUproject/CampusNavigation/RoomMarkerHarmony/entry/src/main/ets/data/Store.ets:534:18
 Function may throw exceptions. Special handling is required.
[39m[39m
[33m138 WARN: [33m[33mArkTS:WARN File: D:/CityUproject/CampusNavigation/RoomMarkerHarmony/entry/src/main/ets/data/Store.ets:534:29
 Function may throw exceptions. Special handling is required.
[39m[39m
[33m139 WARN: [33m[33mArkTS:WARN File: D:/CityUproject/CampusNavigation/RoomMarkerHarmony/entry/src/main/ets/data/Store.ets:535:17
 Function may throw exceptions. Special handling is required.
[39m[39m
[33m140 WARN: [33m[33mArkTS:WARN File: D:/CityUproject/CampusNavigation/RoomMarkerHarmony/entry/src/main/ets/data/Store.ets:535:28
 Function may throw exceptions. Special handling is required.
[39m[39m
[33m141 WARN: [33m[33mArkTS:WARN File: D:/CityUproject/CampusNavigation/RoomMarkerHarmony/entry/src/main/ets/data/Store.ets:536:19
 Function may throw exceptions. Special handling is required.
[39m[39m
[33m142 WARN: [33m[33mArkTS:WARN File: D:/CityUproject/CampusNavigation/RoomMarkerHarmony/entry/src/main/ets/data/Store.ets:536:32
 Function may throw exceptions. Special handling is required.
[39m[39m
[33m143 WARN: [33m[33mArkTS:WARN File: D:/CityUproject/CampusNavigation/RoomMarkerHarmony/entry/src/main/ets/data/Store.ets:537:15
 Function may throw exceptions. Special handling is required.
[39m[39m
[33m144 WARN: [33m[33mArkTS:WARN File: D:/CityUproject/CampusNavigation/RoomMarkerHarmony/entry/src/main/ets/data/Store.ets:537:28
 Function may throw exceptions. Special handling is required.
[39m[39m
[33m145 WARN: [33m[33mArkTS:WARN File: D:/CityUproject/CampusNavigation/RoomMarkerHarmony/entry/src/main/ets/data/Store.ets:542:20
 Function may throw exceptions. Special handling is required.
[39m[39m
[33m146 WARN: [33m[33mArkTS:WARN File: D:/CityUproject/CampusNavigation/RoomMarkerHarmony/entry/src/main/ets/data/Store.ets:542:31
 Function may throw exceptions. Special handling is required.
[39m[39m
[33m147 WARN: [33m[33mArkTS:WARN File: D:/CityUproject/CampusNavigation/RoomMarkerHarmony/entry/src/main/ets/data/Store.ets:545:5
 Function may throw exceptions. Special handling is required.
[39m[39m
[33m148 WARN: [33m[33mArkTS:WARN File: D:/CityUproject/CampusNavigation/RoomMarkerHarmony/entry/src/main/ets/data/Store.ets:562:33
 Function may throw exceptions. Special handling is required.
[39m[39m
[33m149 WARN: [33m[33mArkTS:WARN File: D:/CityUproject/CampusNavigation/RoomMarkerHarmony/entry/src/main/ets/data/Store.ets:586:11
 Function may throw exceptions. Special handling is required.
[39m[39m
[33m150 WARN: [33m[33mArkTS:WARN File: D:/CityUproject/CampusNavigation/RoomMarkerHarmony/entry/src/main/ets/data/Store.ets:594:11
 Function may throw exceptions. Special handling is required.
[39m[39m
[33m151 WARN: [33m[33mArkTS:WARN File: D:/CityUproject/CampusNavigation/RoomMarkerHarmony/entry/src/main/ets/data/Store.ets:598:11
 Function may throw exceptions. Special handling is required.
[39m[39m
[33m152 WARN: [33m[33mArkTS:WARN File: D:/CityUproject/CampusNavigation/RoomMarkerHarmony/entry/src/main/ets/data/Store.ets:620:11
 Function may throw exceptions. Special handling is required.
[39m[39m
[33m153 WARN: [33m[33mArkTS:WARN File: D:/CityUproject/CampusNavigation/RoomMarkerHarmony/entry/src/main/ets/data/Store.ets:628:11
 Function may throw exceptions. Special handling is required.
[39m[39m
[33m154 WARN: [33m[33mArkTS:WARN File: D:/CityUproject/CampusNavigation/RoomMarkerHarmony/entry/src/main/ets/data/Store.ets:641:33
 Function may throw exceptions. Special handling is required.
[39m[39m
[33m155 WARN: [33m[33mArkTS:WARN File: D:/CityUproject/CampusNavigation/RoomMarkerHarmony/entry/src/main/ets/data/Store.ets:667:13
 Function may throw exceptions. Special handling is required.
[39m[39m
[33m156 WARN: [33m[33mArkTS:WARN File: D:/CityUproject/CampusNavigation/RoomMarkerHarmony/entry/src/main/ets/data/Store.ets:680:11
 Function may throw exceptions. Special handling is required.
[39m[39m
[33m157 WARN: [33m[33mArkTS:WARN File: D:/CityUproject/CampusNavigation/RoomMarkerHarmony/entry/src/main/ets/data/Store.ets:702:11
 Function may throw exceptions. Special handling is required.
[39m[39m
[33m158 WARN: [33m[33mArkTS:WARN File: D:/CityUproject/CampusNavigation/RoomMarkerHarmony/entry/src/main/ets/data/Store.ets:706:11
 Function may throw exceptions. Special handling is required.
[39m[39m
[33m159 WARN: [33m[33mArkTS:WARN File: D:/CityUproject/CampusNavigation/RoomMarkerHarmony/entry/src/main/ets/data/Store.ets:709:11
 Function may throw exceptions. Special handling is required.
[39m[39m
[33m160 WARN: [33m[33mArkTS:WARN File: D:/CityUproject/CampusNavigation/RoomMarkerHarmony/entry/src/main/ets/data/Store.ets:712:11
 Function may throw exceptions. Special handling is required.
[39m[39m
[33m161 WARN: [33m[33mArkTS:WARN File: D:/CityUproject/CampusNavigation/RoomMarkerHarmony/entry/src/main/ets/data/Store.ets:730:11
 Function may throw exceptions. Special handling is required.
[39m[39m
[33m162 WARN: [33m[33mArkTS:WARN File: D:/CityUproject/CampusNavigation/RoomMarkerHarmony/entry/src/main/ets/data/Store.ets:748:11
 Function may throw exceptions. Special handling is required.
[39m[39m
[33m163 WARN: [33m[33mArkTS:WARN File: D:/CityUproject/CampusNavigation/RoomMarkerHarmony/entry/src/main/ets/data/Store.ets:756:11
 Function may throw exceptions. Special handling is required.
[39m[39m
[33m164 WARN: [33m[33mArkTS:WARN File: D:/CityUproject/CampusNavigation/RoomMarkerHarmony/entry/src/main/ets/data/Store.ets:775:11
 Function may throw exceptions. Special handling is required.
[39m[39m
[33m165 WARN: [33m[33mArkTS:WARN File: D:/CityUproject/CampusNavigation/RoomMarkerHarmony/entry/src/main/ets/data/Store.ets:788:49
 Function may throw exceptions. Special handling is required.
[39m[39m
[33m166 WARN: [33m[33mArkTS:WARN File: D:/CityUproject/CampusNavigation/RoomMarkerHarmony/entry/src/main/ets/data/Store.ets:790:12
 Function may throw exceptions. Special handling is required.
[39m[39m
[33m167 WARN: [33m[33mArkTS:WARN File: D:/CityUproject/CampusNavigation/RoomMarkerHarmony/entry/src/main/ets/data/Store.ets:791:16
 Function may throw exceptions. Special handling is required.
[39m[39m
[33m168 WARN: [33m[33mArkTS:WARN File: D:/CityUproject/CampusNavigation/RoomMarkerHarmony/entry/src/main/ets/data/Store.ets:791:27
 Function may throw exceptions. Special handling is required.
[39m[39m
[33m169 WARN: [33m[33mArkTS:WARN File: D:/CityUproject/CampusNavigation/RoomMarkerHarmony/entry/src/main/ets/data/Store.ets:793:5
 Function may throw exceptions. Special handling is required.
[39m[39m
[33m170 WARN: [33m[33mArkTS:WARN File: D:/CityUproject/CampusNavigation/RoomMarkerHarmony/entry/src/main/ets/data/Store.ets:800:49
 Function may throw exceptions. Special handling is required.
[39m[39m
[33m171 WARN: [33m[33mArkTS:WARN File: D:/CityUproject/CampusNavigation/RoomMarkerHarmony/entry/src/main/ets/data/Store.ets:802:12
 Function may throw exceptions. Special handling is required.
[39m[39m
[33m172 WARN: [33m[33mArkTS:WARN File: D:/CityUproject/CampusNavigation/RoomMarkerHarmony/entry/src/main/ets/data/Store.ets:807:19
 Function may throw exceptions. Special handling is required.
[39m[39m
[33m173 WARN: [33m[33mArkTS:WARN File: D:/CityUproject/CampusNavigation/RoomMarkerHarmony/entry/src/main/ets/data/Store.ets:807:32
 Function may throw exceptions. Special handling is required.
[39m[39m
[33m174 WARN: [33m[33mArkTS:WARN File: D:/CityUproject/CampusNavigation/RoomMarkerHarmony/entry/src/main/ets/data/Store.ets:812:5
 Function may throw exceptions. Special handling is required.
[39m[39m
[33m175 WARN: [33m[33mArkTS:WARN File: D:/CityUproject/CampusNavigation/RoomMarkerHarmony/entry/src/main/ets/data/Store.ets:817:27
 Function may throw exceptions. Special handling is required.
[39m[39m
[33m176 WARN: [33m[33mArkTS:WARN File: D:/CityUproject/CampusNavigation/RoomMarkerHarmony/entry/src/main/ets/data/Store.ets:818:12
 Function may throw exceptions. Special handling is required.
[39m[39m
[33m177 WARN: [33m[33mArkTS:WARN File: D:/CityUproject/CampusNavigation/RoomMarkerHarmony/entry/src/main/ets/data/Store.ets:818:49
 Function may throw exceptions. Special handling is required.
[39m[39m
[33m178 WARN: [33m[33mArkTS:WARN File: D:/CityUproject/CampusNavigation/RoomMarkerHarmony/entry/src/main/ets/data/Store.ets:822:27
 Function may throw exceptions. Special handling is required.
[39m[39m
[33m179 WARN: [33m[33mArkTS:WARN File: D:/CityUproject/CampusNavigation/RoomMarkerHarmony/entry/src/main/ets/data/Store.ets:823:12
 Function may throw exceptions. Special handling is required.
[39m[39m
[33m180 WARN: [33m[33mArkTS:WARN File: D:/CityUproject/CampusNavigation/RoomMarkerHarmony/entry/src/main/ets/data/Store.ets:823:49
 Function may throw exceptions. Special handling is required.
[39m[39m
[33m181 WARN: [33m[33mArkTS:WARN File: D:/CityUproject/CampusNavigation/RoomMarkerHarmony/entry/src/main/ets/data/Store.ets:827:27
 Function may throw exceptions. Special handling is required.
[39m[39m
[33m182 WARN: [33m[33mArkTS:WARN File: D:/CityUproject/CampusNavigation/RoomMarkerHarmony/entry/src/main/ets/data/Store.ets:828:12
 Function may throw exceptions. Special handling is required.
[39m[39m
[33m183 WARN: [33m[33mArkTS:WARN File: D:/CityUproject/CampusNavigation/RoomMarkerHarmony/entry/src/main/ets/data/Store.ets:828:49
 Function may throw exceptions. Special handling is required.
[39m[39m
[33m184 WARN: [33m[33mArkTS:WARN File: D:/CityUproject/CampusNavigation/RoomMarkerHarmony/entry/src/main/ets/data/Store.ets:838:49
 Function may throw exceptions. Special handling is required.
[39m[39m
[33m185 WARN: [33m[33mArkTS:WARN File: D:/CityUproject/CampusNavigation/RoomMarkerHarmony/entry/src/main/ets/data/Store.ets:840:9
 Function may throw exceptions. Special handling is required.
[39m[39m
[33m186 WARN: [33m[33mArkTS:WARN File: D:/CityUproject/CampusNavigation/RoomMarkerHarmony/entry/src/main/ets/data/Store.ets:841:12
 Function may throw exceptions. Special handling is required.
[39m[39m
[33m187 WARN: [33m[33mArkTS:WARN File: D:/CityUproject/CampusNavigation/RoomMarkerHarmony/entry/src/main/ets/data/Store.ets:841:23
 Function may throw exceptions. Special handling is required.
[39m[39m
[33m188 WARN: [33m[33mArkTS:WARN File: D:/CityUproject/CampusNavigation/RoomMarkerHarmony/entry/src/main/ets/data/Store.ets:843:5
 Function may throw exceptions. Special handling is required.
[39m[39m
[33m189 WARN: [33m[33mArkTS:WARN File: D:/CityUproject/CampusNavigation/RoomMarkerHarmony/entry/src/main/ets/sensors/TrackRecorder.ets:230:19
 'scan' has been deprecated.
[39m[39m
[33m190 WARN: [33m[33mArkTS:WARN File: D:/CityUproject/CampusNavigation/RoomMarkerHarmony/entry/src/main/ets/sensors/TrackRecorder.ets:260:13
 The system capacity of this api 'backgroundTaskManager' is not supported on all devices
[39m[39m
[33m191 WARN: [33m[33mArkTS:WARN File: D:/CityUproject/CampusNavigation/RoomMarkerHarmony/entry/src/main/ets/sensors/TrackRecorder.ets:282:9
 The system capacity of this api 'backgroundTaskManager' is not supported on all devices
[39m[39m
[33m192 WARN: [33m[33mArkTS:WARN File: D:/CityUproject/CampusNavigation/RoomMarkerHarmony/entry/src/main/ets/sensors/TrackMedia.ets:29:3
 Function may throw exceptions. Special handling is required.
[39m[39m
[33m193 WARN: [33m[33mArkTS:WARN File: D:/CityUproject/CampusNavigation/RoomMarkerHarmony/entry/src/main/ets/sensors/TrackMedia.ets:33:15
 Function may throw exceptions. Special handling is required.
[39m[39m
[33m194 WARN: [33m[33mArkTS:WARN File: D:/CityUproject/CampusNavigation/RoomMarkerHarmony/entry/src/main/ets/sensors/TrackMedia.ets:34:16
 Function may throw exceptions. Special handling is required.
[39m[39m
[33m195 WARN: [33m[33mArkTS:WARN File: D:/CityUproject/CampusNavigation/RoomMarkerHarmony/entry/src/main/ets/sensors/TrackMedia.ets:36:3
 Function may throw exceptions. Special handling is required.
[39m[39m
[33m196 WARN: [33m[33mArkTS:WARN File: D:/CityUproject/CampusNavigation/RoomMarkerHarmony/entry/src/main/ets/sensors/TrackMedia.ets:37:3
 Function may throw exceptions. Special handling is required.
[39m[39m
[33m197 WARN: [33m[33mArkTS:WARN File: D:/CityUproject/CampusNavigation/RoomMarkerHarmony/entry/src/main/ets/sensors/TrackMedia.ets:38:15
 Function may throw exceptions. Special handling is required.
[39m[39m
[33m198 WARN: [33m[33mArkTS:WARN File: D:/CityUproject/CampusNavigation/RoomMarkerHarmony/entry/src/main/ets/sensors/TrackMedia.ets:39:3
 Function may throw exceptions. Special handling is required.
[39m[39m
[33m199 WARN: [33m[33mArkTS:WARN File: D:/CityUproject/CampusNavigation/RoomMarkerHarmony/entry/src/main/ets/sensors/TrackMedia.ets:40:3
 Function may throw exceptions. Special handling is required.
[39m[39m
[33m200 WARN: [33m[33mArkTS:WARN File: D:/CityUproject/CampusNavigation/RoomMarkerHarmony/entry/src/main/ets/pages/RecordingBanner.ets:37:7
 Function may throw exceptions. Special handling is required.
[39m[39m
[33m201 WARN: [33m[33mArkTS:WARN File: D:/CityUproject/CampusNavigation/RoomMarkerHarmony/entry/src/main/ets/pages/RecordingBanner.ets:37:20
 'showToast' has been deprecated.
[39m[39m
[33m202 WARN: [33m[33mArkTS:WARN File: D:/CityUproject/CampusNavigation/RoomMarkerHarmony/entry/src/main/ets/pages/RecordingBanner.ets:47:28
 'showToast' has been deprecated.
[39m[39m
[33m203 WARN: [33m[33mArkTS:WARN File: D:/CityUproject/CampusNavigation/RoomMarkerHarmony/entry/src/main/ets/pages/RecordingBanner.ets:50:28
 'showToast' has been deprecated.
[39m[39m
[33m204 WARN: [33m[33mArkTS:WARN File: D:/CityUproject/CampusNavigation/RoomMarkerHarmony/entry/src/main/ets/pages/RecordingBanner.ets:62:7
 Function may throw exceptions. Special handling is required.
[39m[39m
[33m205 WARN: [33m[33mArkTS:WARN File: D:/CityUproject/CampusNavigation/RoomMarkerHarmony/entry/src/main/ets/pages/RecordingBanner.ets:62:20
 'showToast' has been deprecated.
[39m[39m
[33m206 WARN: [33m[33mArkTS:WARN File: D:/CityUproject/CampusNavigation/RoomMarkerHarmony/entry/src/main/ets/pages/RecordingBanner.ets:70:22
 'showToast' has been deprecated.
[39m[39m
[33m207 WARN: [33m[33mArkTS:WARN File: D:/CityUproject/CampusNavigation/RoomMarkerHarmony/entry/src/main/ets/pages/RecordingBanner.ets:81:30
 'showToast' has been deprecated.
[39m[39m
[33m208 WARN: [33m[33mArkTS:WARN File: D:/CityUproject/CampusNavigation/RoomMarkerHarmony/entry/src/main/ets/pages/RecordingBanner.ets:84:30
 'showToast' has been deprecated.
[39m[39m
[33m209 WARN: [33m[33mArkTS:WARN File: D:/CityUproject/CampusNavigation/RoomMarkerHarmony/entry/src/main/ets/pages/RecordingBanner.ets:89:26
 'showToast' has been deprecated.
[39m[39m
[33m210 WARN: [33m[33mArkTS:WARN File: D:/CityUproject/CampusNavigation/RoomMarkerHarmony/entry/src/main/ets/pages/RecordingBanner.ets:96:20
 'showToast' has been deprecated.
[39m[39m
[33m211 WARN: [33m[33mArkTS:WARN File: D:/CityUproject/CampusNavigation/RoomMarkerHarmony/entry/src/main/ets/pages/RecordingBanner.ets:102:20
 'showToast' has been deprecated.
[39m[39m
[33m212 WARN: [33m[33mArkTS:WARN File: D:/CityUproject/CampusNavigation/RoomMarkerHarmony/entry/src/main/ets/pages/TrackList.ets:125:24
 'showToast' has been deprecated.
[39m[39m
[33m213 WARN: [33m[33mArkTS:WARN File: D:/CityUproject/CampusNavigation/RoomMarkerHarmony/entry/src/main/ets/pages/TrackList.ets:174:36
 'showToast' has been deprecated.
[39m[39m
[33m214 WARN: [33m[33mArkTS:WARN File: D:/CityUproject/CampusNavigation/RoomMarkerHarmony/entry/src/main/ets/common/Exporter.ets:217:17
 Function may throw exceptions. Special handling is required.
[39m[39m
[33m215 WARN: [33m[33mArkTS:WARN File: D:/CityUproject/CampusNavigation/RoomMarkerHarmony/entry/src/main/ets/common/Exporter.ets:218:5
 Function may throw exceptions. Special handling is required.
[39m[39m
[33m216 WARN: [33m[33mArkTS:WARN File: D:/CityUproject/CampusNavigation/RoomMarkerHarmony/entry/src/main/ets/common/Exporter.ets:219:5
 Function may throw exceptions. Special handling is required.
[39m[39m
[33m217 WARN: [33m[33mArkTS:WARN File: D:/CityUproject/CampusNavigation/RoomMarkerHarmony/entry/src/main/ets/pages/AreaDetail.ets:137:26
 'showToast' has been deprecated.
[39m[39m
[33m218 WARN: [33m[33mArkTS:WARN File: D:/CityUproject/CampusNavigation/RoomMarkerHarmony/entry/src/main/ets/pages/AreaDetail.ets:148:5
 Function may throw exceptions. Special handling is required.
[39m[39m
[33m219 WARN: [33m[33mArkTS:WARN File: D:/CityUproject/CampusNavigation/RoomMarkerHarmony/entry/src/main/ets/pages/AreaDetail.ets:148:18
 'showToast' has been deprecated.
[39m[39m
[33m220 WARN: [33m[33mArkTS:WARN File: D:/CityUproject/CampusNavigation/RoomMarkerHarmony/entry/src/main/ets/pages/AreaDetail.ets:150:20
 'showToast' has been deprecated.
[39m[39m
[33m221 WARN: [33m[33mArkTS:WARN File: D:/CityUproject/CampusNavigation/RoomMarkerHarmony/entry/src/main/ets/pages/AreaDetail.ets:152:20
 'showToast' has been deprecated.
[39m[39m
[33m222 WARN: [33m[33mArkTS:WARN File: D:/CityUproject/CampusNavigation/RoomMarkerHarmony/entry/src/main/ets/pages/AreaDetail.ets:157:18
 'showDialog' has been deprecated.
[39m[39m
[33m223 WARN: [33m[33mArkTS:WARN File: D:/CityUproject/CampusNavigation/RoomMarkerHarmony/entry/src/main/ets/pages/AreaDetail.ets:168:24
 'showToast' has been deprecated.
[39m[39m
[33m224 WARN: [33m[33mArkTS:WARN File: D:/CityUproject/CampusNavigation/RoomMarkerHarmony/entry/src/main/ets/pages/AreaDetail.ets:179:24
 'showToast' has been deprecated.
[39m[39m
[33m225 WARN: [33m[33mArkTS:WARN File: D:/CityUproject/CampusNavigation/RoomMarkerHarmony/entry/src/main/ets/sensors/LiveStream.ets:317:16
 To use this API, you need to apply for the permissions: ohos.permission.GYROSCOPE
[39m[39m
[33m226 WARN: [33m[33mArkTS:WARN File: D:/CityUproject/CampusNavigation/RoomMarkerHarmony/entry/src/main/ets/sensors/LiveStream.ets:500:19
 'scan' has been deprecated.
[39m[39m
[33m227 WARN: [33m[33mArkTS:WARN File: D:/CityUproject/CampusNavigation/RoomMarkerHarmony/entry/src/main/ets/pages/RoomDetail.ets:91:24
 'showToast' has been deprecated.
[39m[39m
[33m228 WARN: [33m[33mArkTS:WARN File: D:/CityUproject/CampusNavigation/RoomMarkerHarmony/entry/src/main/ets/pages/RoomDetail.ets:100:24
 'showToast' has been deprecated.
[39m[39m
[33m229 WARN: [33m[33mArkTS:WARN File: D:/CityUproject/CampusNavigation/RoomMarkerHarmony/entry/src/main/ets/pages/RoomDetail.ets:106:18
 'showDialog' has been deprecated.
[39m[39m
[33m230 WARN: [33m[33mArkTS:WARN File: D:/CityUproject/CampusNavigation/RoomMarkerHarmony/entry/src/main/ets/pages/RoomDetail.ets:199:22
 'showToast' has been deprecated.
[39m[39m
[2026-09-16T09:24:37.179] [DEBUG] debug-file - hvigor build process will be closed with an error.
[2026-09-16T09:24:37.180] [DEBUG] debug-file - ERROR: stacktrace = Error: ArkTS Compiler Error
[31m1 ERROR: [31m10505001 ArkTS Compiler Error
Error Message: Property 'cameraPosition' is missing in type '{}' but required in type 'PickerProfile'. At File: D:/CityUproject/CampusNavigation/RoomMarkerHarmony/entry/src/main/ets/sensors/TrackMedia.ets:22:9
[39m
[39m
[31mCOMPILE RESULT:FAIL {ERROR:2 WARN:230}[39m
    at runArkPack (D:\DevEco\DevEco Studio\tools\hvigor\hvigor-ohos-plugin\node_modules\@ohos\hvigor-arkts-compose\dist\src\arkts-pack.js:1:5721)
ArkTSCompilerError: ArkTS Compiler Error
    at throwArkTsCompilerError (D:\DevEco\DevEco Studio\tools\hvigor\hvigor-ohos-plugin\node_modules\@ohos\hvigor-arkts-compose\dist\src\data\compose-error.js:1:423)
    at throwErrorIfHasErrorInfo (D:\DevEco\DevEco Studio\tools\hvigor\hvigor-ohos-plugin\node_modules\@ohos\hvigor-arkts-compose\dist\src\plugins\common-plugin.js:1:4478)
    at Object.handler (D:\DevEco\DevEco Studio\tools\hvigor\hvigor-ohos-plugin\node_modules\@ohos\hvigor-arkts-compose\dist\src\plugins\common-plugin.js:1:2547)
    at D:\DevEco\DevEco Studio\tools\hvigor\hvigor-ohos-plugin\node_modules\@ohos\hvigor-arkts-base\node_modules\rollup\dist\shared\rollup.js:27765:40
[2026-09-16T09:24:37.180] [ERROR] debug-file - Error: ArkTS Compiler Error
[31m1 ERROR: [31m10505001 ArkTS Compiler Error
Error Message: Property 'cameraPosition' is missing in type '{}' but required in type 'PickerProfile'. At File: D:/CityUproject/CampusNavigation/RoomMarkerHarmony/entry/src/main/ets/sensors/TrackMedia.ets:22:9
[39m
[39m
[31mCOMPILE RESULT:FAIL {ERROR:2 WARN:230}[39m
    at runArkPack (D:\DevEco\DevEco Studio\tools\hvigor\hvigor-ohos-plugin\node_modules\@ohos\hvigor-arkts-compose\dist\src\arkts-pack.js:1:5721)
ArkTSCompilerError: ArkTS Compiler Error
    at throwArkTsCompilerError (D:\DevEco\DevEco Studio\tools\hvigor\hvigor-ohos-plugin\node_modules\@ohos\hvigor-arkts-compose\dist\src\data\compose-error.js:1:423)
    at throwErrorIfHasErrorInfo (D:\DevEco\DevEco Studio\tools\hvigor\hvigor-ohos-plugin\node_modules\@ohos\hvigor-arkts-compose\dist\src\plugins\common-plugin.js:1:4478)
    at Object.handler (D:\DevEco\DevEco Studio\tools\hvigor\hvigor-ohos-plugin\node_modules\@ohos\hvigor-arkts-compose\dist\src\plugins\common-plugin.js:1:2547)
    at D:\DevEco\DevEco Studio\tools\hvigor\hvigor-ohos-plugin\node_modules\@ohos\hvigor-arkts-base\node_modules\rollup\dist\shared\rollup.js:27765:40
[2026-09-16T09:24:37.188] [ERROR] debug-file - BUILD FAILED in 1 s 90 ms 
[2026-09-16T09:24:37.188] [DEBUG] debug-file - There is no need to refresh cache, since the incremental task entry:default@PreBuild is up-to-date.
[2026-09-16T09:24:37.188] [DEBUG] debug-file - Update task entry:default@CreateModuleInfo output file:D:\CityUproject\CampusNavigation\RoomMarkerHarmony\entry\build\default\generated\profile\default\ModuleInfo.ts cache.
[2026-09-16T09:24:37.188] [DEBUG] debug-file - Incremental task entry:default@CreateModuleInfo post-execution cost:1 ms .
[2026-09-16T09:24:37.188] [DEBUG] debug-file - There is no need to refresh cache, since the incremental task entry:default@GenerateMetadata is up-to-date.
[2026-09-16T09:24:37.188] [DEBUG] debug-file - There is no need to refresh cache, since the incremental task entry:default@MergeProfile is up-to-date.
[2026-09-16T09:24:37.188] [DEBUG] debug-file - There is no need to refresh cache, since the incremental task entry:default@CreateBuildProfile is up-to-date.
[2026-09-16T09:24:37.188] [DEBUG] debug-file - Update task entry:default@GeneratePkgContextInfo output file:D:\CityUproject\CampusNavigation\RoomMarkerHarmony\entry\build\default\intermediates\loader\default\pkgContextInfo.json cache.
[2026-09-16T09:24:37.188] [DEBUG] debug-file - Incremental task entry:default@GeneratePkgContextInfo post-execution cost:1 ms .
[2026-09-16T09:24:37.188] [DEBUG] debug-file - Update task entry:default@ProcessIntegratedHsp output file:D:\CityUproject\CampusNavigation\RoomMarkerHarmony\build\cache\default\integrated_hsp\integratedHspCache.json cache.
[2026-09-16T09:24:37.189] [DEBUG] debug-file - Incremental task entry:default@ProcessIntegratedHsp post-execution cost:1 ms .
[2026-09-16T09:24:37.189] [DEBUG] debug-file - There is no need to refresh cache, since the incremental task entry:default@MakePackInfo is up-to-date.
[2026-09-16T09:24:37.189] [DEBUG] debug-file - Update task entry:default@SyscapTransform input file:D:\DevEco\DevEco Studio\sdk\default\openharmony\toolchains\syscap_tool.exe cache by regenerate.
[2026-09-16T09:24:37.189] [DEBUG] debug-file - Update task entry:default@SyscapTransform input file:D:\DevEco\DevEco Studio\sdk\default\openharmony\ets\api\device-define cache by regenerate.
[2026-09-16T09:24:37.190] [DEBUG] debug-file - Update task entry:default@SyscapTransform output file:D:\CityUproject\CampusNavigation\RoomMarkerHarmony\entry\build\default\intermediates\syscap\default\rpcid.sc cache.
[2026-09-16T09:24:37.190] [DEBUG] debug-file - Incremental task entry:default@SyscapTransform post-execution cost:2 ms .
[2026-09-16T09:24:37.190] [DEBUG] debug-file - There is no need to refresh cache, since the incremental task entry:default@ProcessProfile is up-to-date.
[2026-09-16T09:24:37.190] [DEBUG] debug-file - There is no need to refresh cache, since the incremental task entry:default@ProcessRouterMap is up-to-date.
[2026-09-16T09:24:37.190] [DEBUG] debug-file - There is no need to refresh cache, since the incremental task entry:default@ProcessShareConfig is up-to-date.
[2026-09-16T09:24:37.191] [DEBUG] debug-file - Update task entry:default@ProcessStartupConfig output file:D:\CityUproject\CampusNavigation\RoomMarkerHarmony\entry\build\default\intermediates\startup\default\startup_config.json cache.
[2026-09-16T09:24:37.191] [DEBUG] debug-file - Incremental task entry:default@ProcessStartupConfig post-execution cost:1 ms .
[2026-09-16T09:24:37.191] [DEBUG] debug-file - There is no need to refresh cache, since the incremental task entry:default@ProcessResource is up-to-date.
[2026-09-16T09:24:37.191] [DEBUG] debug-file - There is no need to refresh cache, since the incremental task entry:default@GenerateLoaderJson is up-to-date.
[2026-09-16T09:24:37.191] [DEBUG] debug-file - There is no need to refresh cache, since the incremental task entry:default@ProcessLibs is up-to-date.
[2026-09-16T09:24:37.191] [DEBUG] debug-file - There is no need to refresh cache, since the incremental task entry:default@CompileResource is up-to-date.
[2026-09-16T09:24:37.191] [DEBUG] debug-file - There is no need to refresh cache, since the incremental task entry:default@DoNativeStrip is up-to-date.
[2026-09-16T09:24:37.192] [DEBUG] debug-file - Update task entry:default@CompileArkTS input file:D:\CityUproject\CampusNavigation\RoomMarkerHarmony\entry\build\default\intermediates\loader\default cache by regenerate.
[2026-09-16T09:24:37.192] [DEBUG] debug-file - Update task entry:default@CompileArkTS input file:D:\CityUproject\CampusNavigation\RoomMarkerHarmony\entry\build\default\intermediates\res\default\ResourceTable.txt cache by regenerate.
[2026-09-16T09:24:37.192] [DEBUG] debug-file - Update task entry:default@CompileArkTS input file:D:\CityUproject\CampusNavigation\RoomMarkerHarmony\entry\build\default\intermediates\res\default\ark_module.json cache by regenerate.
[2026-09-16T09:24:37.192] [DEBUG] debug-file - Update task entry:default@CompileArkTS input file:D:\CityUproject\CampusNavigation\RoomMarkerHarmony\entry\build\default\intermediates\res\default\resources\base\profile cache by regenerate.
[2026-09-16T09:24:37.193] [DEBUG] debug-file - Update task entry:default@CompileArkTS input file:D:\CityUproject\CampusNavigation\RoomMarkerHarmony\entry\src\main\ets cache by regenerate.
[2026-09-16T09:24:37.196] [DEBUG] debug-file - Update task entry:default@CompileArkTS input file:D:\CityUproject\CampusNavigation\RoomMarkerHarmony\entry\build\default\generated\profile\default\BuildProfile.ets cache by regenerate.
[2026-09-16T09:24:37.196] [DEBUG] debug-file - Update task entry:default@CompileArkTS output file:D:\CityUproject\CampusNavigation\RoomMarkerHarmony\entry\build\default\intermediates\loader_out\default\ets cache.
[2026-09-16T09:24:37.196] [DEBUG] debug-file - Incremental task entry:default@CompileArkTS post-execution cost:6 ms .
[2026-09-16T09:24:37.196] [DEBUG] debug-file - Update task entry:default@BuildJS input file:D:\CityUproject\CampusNavigation\RoomMarkerHarmony\entry\build\default\intermediates\loader\default cache by regenerate.
[2026-09-16T09:24:37.197] [DEBUG] debug-file - Update task entry:default@BuildJS input file:D:\CityUproject\CampusNavigation\RoomMarkerHarmony\entry\build\default\intermediates\res\default\ResourceTable.txt cache by regenerate.
[2026-09-16T09:24:37.197] [DEBUG] debug-file - Update task entry:default@BuildJS input file:D:\CityUproject\CampusNavigation\RoomMarkerHarmony\entry\build\default\intermediates\res\default\ark_module.json cache by regenerate.
[2026-09-16T09:24:37.197] [DEBUG] debug-file - Update task entry:default@BuildJS input file:D:\CityUproject\CampusNavigation\RoomMarkerHarmony\entry\build\default\intermediates\res\default\resources\base\profile cache by regenerate.
[2026-09-16T09:24:37.197] [DEBUG] debug-file - Update task entry:default@BuildJS output file:D:\CityUproject\CampusNavigation\RoomMarkerHarmony\entry\build\default\intermediates\loader_out\default\js cache.
[2026-09-16T09:24:37.198] [DEBUG] debug-file - Incremental task entry:default@BuildJS post-execution cost:2 ms .
[2026-09-16T09:24:37.198] [DEBUG] debug-file - There is no need to refresh cache, since the incremental task entry:default@CacheNativeLibs is up-to-date.
[2026-09-16T09:24:37.210] [DEBUG] debug-file - Cleanup worker 14.
[2026-09-16T09:24:37.211] [DEBUG] debug-file - Worker 14 has been cleaned up.
[2026-09-16T09:24:37.211] [DEBUG] debug-file - Current idle worker size: 1.
[2026-09-16T09:24:37.211] [DEBUG] debug-file - Current resident worker size: 2.
[2026-09-16T09:24:37.211] [DEBUG] debug-file - hvigor build process will be closed.
[2026-09-16T09:24:37.214] [DEBUG] debug-file - session manager: send message to worker process.
[2026-09-16T09:24:37.215] [DEBUG] debug-file - session manager: send message to worker process.
[2026-09-16T09:24:37.215] [DEBUG] debug-file - watch worker: worker id should be larger than 0. Nothing will be sent to any worker thread.
[2026-09-16T09:24:37.215] [DEBUG] debug-file - watch worker: worker id should be larger than 0. Nothing will be sent to any worker thread.
[2026-09-16T09:24:37.215] [DEBUG] debug-file - worker[14] exits with exit code 1.
[2026-09-16T09:25:23.521] [DEBUG] debug-file - session manager: set active socket. socketId=XQXg9NtKNOUeHkjBAAAH
[2026-09-16T09:25:23.529] [DEBUG] debug-file - watch worker: worker id should be larger than 0. Nothing will be sent to any worker thread.
[2026-09-16T09:25:23.532] [DEBUG] debug-file - Hvigor init with startParameters:{
  hvigorfileTypeCheck: false,
  parallelExecution: true,
  incrementalExecution: true,
  printStackTrace: false,
  daemon: true,
  analyze: 0,
  logLevel: Level { level: 20000, levelStr: 'INFO', colour: 'green' },
  optimizationStrategy: 'memory',
  hotCompile: undefined,
  hotReloadBuild: undefined
}
[2026-09-16T09:25:23.534] [DEBUG] debug-file - Cache service initialization finished in 2 ms 
[2026-09-16T09:25:23.534] [DEBUG] debug-file - hvigorfile, resolving D:\CityUproject\CampusNavigation\RoomMarkerHarmony\hvigorfile.ts
[2026-09-16T09:25:23.537] [DEBUG] debug-file - hvigorfile, require result:  { default: {} }
[2026-09-16T09:25:23.537] [DEBUG] debug-file - hvigorfile, binding system plugins null
[2026-09-16T09:25:23.540] [DEBUG] debug-file - Start initialize project's product build option map with build mode debug.
[2026-09-16T09:25:23.540] [DEBUG] debug-file - Picking option from product 'default' with build mode 'debug'.
[2026-09-16T09:25:23.541] [DEBUG] debug-file - Product 'default' build option initialized
[2026-09-16T09:25:23.541] [DEBUG] debug-file - End initialize project's product build option map with build mode 'debug'.
[2026-09-16T09:25:23.541] [DEBUG] debug-file - Obtain build option for product 'default'in this build.
[2026-09-16T09:25:23.542] [DEBUG] debug-file - D:\CityUproject\CampusNavigation\RoomMarkerHarmony\build\cache\default\remote_hsp\remoteHspCache.json not exists.
[2026-09-16T09:25:23.543] [DEBUG] debug-file - Start recording SDK configuration permission data.
[2026-09-16T09:25:23.560] [DEBUG] debug-file - Sdk init in 18 ms 
[2026-09-16T09:25:23.561] [DEBUG] debug-file - Project task initialization takes 2 ms 
[2026-09-16T09:25:23.561] [DEBUG] debug-file - hvigorfile, binding custom plugins undefined
[2026-09-16T09:25:23.561] [DEBUG] debug-file - hvigorfile, no custom plugins were found in D:\CityUproject\CampusNavigation\RoomMarkerHarmony\hvigorfile.ts
[2026-09-16T09:25:23.561] [DEBUG] debug-file - hvigorfile, resolve finished D:\CityUproject\CampusNavigation\RoomMarkerHarmony\hvigorfile.ts
[2026-09-16T09:25:23.562] [DEBUG] debug-file - hvigorfile, resolving D:\CityUproject\CampusNavigation\RoomMarkerHarmony\entry\hvigorfile.ts
[2026-09-16T09:25:23.564] [DEBUG] debug-file - hvigorfile, require result:  { default: {} }
[2026-09-16T09:25:23.564] [DEBUG] debug-file - hvigorfile, binding system plugins null
[2026-09-16T09:25:23.565] [DEBUG] debug-file - failed to load cangjie to dynamically generate schemas: Error: Cannot find module '@ohos/cangjie-build-support/index'
Require stack:
- D:\DevEco\DevEco Studio\tools\hvigor\hvigor-ohos-plugin\src\plugin\factory\plugin-factory.js
- D:\DevEco\DevEco Studio\tools\hvigor\hvigor-ohos-plugin\index.js
- D:\CityUproject\CampusNavigation\RoomMarkerHarmony\hvigorfile.ts
- D:\DevEco\DevEco Studio\tools\hvigor\hvigor\src\base\internal\lifecycle\configuration.js
- D:\DevEco\DevEco Studio\tools\hvigor\hvigor\src\base\boot\index.js
- D:\DevEco\DevEco Studio\tools\hvigor\hvigor\src\base\daemon\cluster\worker-process-lifecycle.js
- D:\DevEco\DevEco Studio\tools\hvigor\hvigor\src\base\daemon\process\daemon-process-boot-script.js
[2026-09-16T09:25:23.566] [DEBUG] debug-file - Start initialize module-target build option map, moduleName=entry, buildMode=debug
[2026-09-16T09:25:23.566] [DEBUG] debug-file - Target 'default' config initialized
[2026-09-16T09:25:23.566] [DEBUG] debug-file - Module 'entry' target 'default' build option initialized
[2026-09-16T09:25:23.566] [DEBUG] debug-file - End initialize module-target build option map, moduleName=entry
[2026-09-16T09:25:23.566] [DEBUG] debug-file - Start initialize module-target build option map, moduleName=entry, buildMode=release
[2026-09-16T09:25:23.566] [DEBUG] debug-file - Target 'default' config initialized
[2026-09-16T09:25:23.566] [DEBUG] debug-file - Module 'entry' target 'default' build option initialized
[2026-09-16T09:25:23.566] [DEBUG] debug-file - End initialize module-target build option map, moduleName=entry
[2026-09-16T09:25:23.566] [DEBUG] debug-file - Start initialize module-target build option map, moduleName=entry, buildMode=debug
[2026-09-16T09:25:23.566] [DEBUG] debug-file - Target 'default' config initialized
[2026-09-16T09:25:23.566] [DEBUG] debug-file - Module 'entry' target 'default' build option initialized
[2026-09-16T09:25:23.566] [DEBUG] debug-file - End initialize module-target build option map, moduleName=entry
[2026-09-16T09:25:23.566] [DEBUG] debug-file - Obtain build option for module 'entry' target 'default'in this build.
[2026-09-16T09:25:23.567] [DEBUG] debug-file - Module entry task initialization takes 1 ms 
[2026-09-16T09:25:23.567] [DEBUG] debug-file - hvigorfile, binding custom plugins undefined
[2026-09-16T09:25:23.568] [DEBUG] debug-file - hvigorfile, no custom plugins were found in D:\CityUproject\CampusNavigation\RoomMarkerHarmony\entry\hvigorfile.ts
[2026-09-16T09:25:23.568] [DEBUG] debug-file - hvigorfile, resolve finished D:\CityUproject\CampusNavigation\RoomMarkerHarmony\entry\hvigorfile.ts
[2026-09-16T09:25:23.578] [DEBUG] debug-file - hvigorfile, resolve hvigorfile dependencies in 11 ms 
[2026-09-16T09:25:23.578] [DEBUG] debug-file - project has submodules:entry
[2026-09-16T09:25:23.579] [DEBUG] debug-file - start to load updatedOhPackageInfo to the disk
[2026-09-16T09:25:23.581] [DEBUG] debug-file - load to the disk finished
[2026-09-16T09:25:23.582] [DEBUG] debug-file - Start to initialize dependency information.
[2026-09-16T09:25:23.582] [DEBUG] debug-file - Module RoomMarkerHarmony Collected Dependency: 
[2026-09-16T09:25:23.582] [DEBUG] debug-file - Module RoomMarkerHarmony's total dependency: 0
[2026-09-16T09:25:23.582] [DEBUG] debug-file - Start to initialize dependency information.
[2026-09-16T09:25:23.583] [DEBUG] debug-file - Module entry Collected Dependency: 
[2026-09-16T09:25:23.583] [DEBUG] debug-file - Module entry's total dependency: 0
[2026-09-16T09:25:23.584] [DEBUG] debug-file - Configuration phase cost:51 ms 
[2026-09-16T09:25:23.585] [DEBUG] debug-file - Configuration task cost before running: 55 ms 
[2026-09-16T09:25:23.587] [DEBUG] debug-file - Executing task :entry:default@PreBuild
[2026-09-16T09:25:23.587] [DEBUG] debug-file - Task 'entry:default@PreBuild' cost while wrapping incremental declarations: 1 ms 
[2026-09-16T09:25:23.592] [DEBUG] debug-file - Incremental task entry:default@PreBuild pre-execution cost: 4 ms .
[2026-09-16T09:25:23.592] [DEBUG] debug-file - entry : default@PreBuild cost memory 0.3222198486328125
[2026-09-16T09:25:23.593] [INFO] debug-file - UP-TO-DATE :entry:default@PreBuild...  
[2026-09-16T09:25:23.594] [DEBUG] debug-file - Executing task :entry:default@CreateModuleInfo
[2026-09-16T09:25:23.594] [DEBUG] debug-file - Task 'entry:default@CreateModuleInfo' cost while wrapping incremental declarations: 1 ms 
[2026-09-16T09:25:23.594] [DEBUG] debug-file - entry : default@CreateModuleInfo cost memory 0.04156494140625
[2026-09-16T09:25:23.594] [DEBUG] debug-file - runTaskFromQueue task cost before running: 64 ms 
[2026-09-16T09:25:23.594] [INFO] debug-file - Finished :entry:default@CreateModuleInfo... after 1 ms 
[2026-09-16T09:25:23.596] [DEBUG] debug-file - Executing task :entry:default@GenerateMetadata
[2026-09-16T09:25:23.596] [DEBUG] debug-file - Task 'entry:default@GenerateMetadata' cost while wrapping incremental declarations: 1 ms 
[2026-09-16T09:25:23.597] [DEBUG] debug-file - Incremental task entry:default@GenerateMetadata pre-execution cost: 1 ms .
[2026-09-16T09:25:23.597] [DEBUG] debug-file - entry : default@GenerateMetadata cost memory 0.09520721435546875
[2026-09-16T09:25:23.597] [INFO] debug-file - UP-TO-DATE :entry:default@GenerateMetadata...  
[2026-09-16T09:25:23.598] [DEBUG] debug-file - Executing task :entry:default@ConfigureCmake
[2026-09-16T09:25:23.598] [DEBUG] debug-file - entry : default@ConfigureCmake cost memory 0.01611328125
[2026-09-16T09:25:23.598] [DEBUG] debug-file - runTaskFromQueue task cost before running: 68 ms 
[2026-09-16T09:25:23.598] [INFO] debug-file - Finished :entry:default@ConfigureCmake... after 1 ms 
[2026-09-16T09:25:23.598] [DEBUG] debug-file - Executing task :entry:default@MergeProfile
[2026-09-16T09:25:23.599] [DEBUG] debug-file - Task 'entry:default@MergeProfile' cost while wrapping incremental declarations: 1 ms 
[2026-09-16T09:25:23.600] [DEBUG] debug-file - Incremental task entry:default@MergeProfile pre-execution cost: 2 ms .
[2026-09-16T09:25:23.600] [DEBUG] debug-file - entry : default@MergeProfile cost memory 0.139312744140625
[2026-09-16T09:25:23.602] [INFO] debug-file - UP-TO-DATE :entry:default@MergeProfile...  
[2026-09-16T09:25:23.603] [DEBUG] debug-file - Executing task :entry:default@CreateBuildProfile
[2026-09-16T09:25:23.604] [DEBUG] debug-file - Task 'entry:default@CreateBuildProfile' cost while wrapping incremental declarations: 1 ms 
[2026-09-16T09:25:23.604] [DEBUG] debug-file - Incremental task entry:default@CreateBuildProfile pre-execution cost: 1 ms .
[2026-09-16T09:25:23.605] [DEBUG] debug-file - entry : default@CreateBuildProfile cost memory 0.36739349365234375
[2026-09-16T09:25:23.605] [INFO] debug-file - UP-TO-DATE :entry:default@CreateBuildProfile...  
[2026-09-16T09:25:23.605] [DEBUG] debug-file - Executing task :entry:default@PreCheckSyscap
[2026-09-16T09:25:23.605] [DEBUG] debug-file - entry : default@PreCheckSyscap cost memory 0.0164031982421875
[2026-09-16T09:25:23.605] [DEBUG] debug-file - runTaskFromQueue task cost before running: 75 ms 
[2026-09-16T09:25:23.605] [INFO] debug-file - Finished :entry:default@PreCheckSyscap... after 1 ms 
[2026-09-16T09:25:23.606] [DEBUG] debug-file - Executing task :entry:default@GeneratePkgContextInfo
[2026-09-16T09:25:23.608] [DEBUG] debug-file - Task 'entry:default@GeneratePkgContextInfo' cost while wrapping incremental declarations: 1 ms 
[2026-09-16T09:25:23.608] [DEBUG] debug-file - entry : default@GeneratePkgContextInfo cost memory 0.35455322265625
[2026-09-16T09:25:23.608] [DEBUG] debug-file - runTaskFromQueue task cost before running: 78 ms 
[2026-09-16T09:25:23.608] [INFO] debug-file - Finished :entry:default@GeneratePkgContextInfo... after 3 ms 
[2026-09-16T09:25:23.610] [DEBUG] debug-file - Executing task :entry:default@ProcessIntegratedHsp
[2026-09-16T09:25:23.610] [DEBUG] debug-file - entry:default@ProcessIntegratedHsp is not up-to-date, since the output file 'D:\CityUproject\CampusNavigation\RoomMarkerHarmony\build\cache\default\integrated_hsp\integratedHspCache.json' does not exist.
[2026-09-16T09:25:23.610] [DEBUG] debug-file - Incremental task entry:default@ProcessIntegratedHsp pre-execution cost: 1 ms .
[2026-09-16T09:25:23.610] [DEBUG] debug-file - entry : default@ProcessIntegratedHsp cost memory 0.06279754638671875
[2026-09-16T09:25:23.610] [DEBUG] debug-file - runTaskFromQueue task cost before running: 80 ms 
[2026-09-16T09:25:23.610] [INFO] debug-file - Finished :entry:default@ProcessIntegratedHsp... after 1 ms 
[2026-09-16T09:25:23.611] [DEBUG] debug-file - Executing task :entry:default@BuildNativeWithCmake
[2026-09-16T09:25:23.611] [DEBUG] debug-file - entry : default@BuildNativeWithCmake cost memory 0.01715850830078125
[2026-09-16T09:25:23.611] [DEBUG] debug-file - runTaskFromQueue task cost before running: 81 ms 
[2026-09-16T09:25:23.611] [INFO] debug-file - Finished :entry:default@BuildNativeWithCmake... after 1 ms 
[2026-09-16T09:25:23.611] [DEBUG] debug-file - Executing task :entry:default@MakePackInfo
[2026-09-16T09:25:23.612] [DEBUG] debug-file - Incremental task entry:default@MakePackInfo pre-execution cost: 1 ms .
[2026-09-16T09:25:23.612] [DEBUG] debug-file - entry : default@MakePackInfo cost memory 0.11287689208984375
[2026-09-16T09:25:23.613] [INFO] debug-file - UP-TO-DATE :entry:default@MakePackInfo...  
[2026-09-16T09:25:23.613] [DEBUG] debug-file - Executing task :entry:default@SyscapTransform
[2026-09-16T09:25:23.613] [DEBUG] debug-file - File: 'D:\CityUproject\CampusNavigation\RoomMarkerHarmony\entry\src\main\syscap.json' from 'sysCapJsonPath' is not exists, just ignore.
[2026-09-16T09:25:23.613] [DEBUG] debug-file - Task 'entry:default@SyscapTransform' cost while wrapping incremental declarations: 1 ms 
[2026-09-16T09:25:23.615] [DEBUG] debug-file - entry:default@SyscapTransform is not up-to-date, since the output file 'D:\CityUproject\CampusNavigation\RoomMarkerHarmony\entry\build\default\intermediates\syscap\default\rpcid.sc' does not exist.
[2026-09-16T09:25:23.615] [DEBUG] debug-file - Incremental task entry:default@SyscapTransform pre-execution cost: 2 ms .
[2026-09-16T09:25:23.615] [DEBUG] debug-file - entry : default@SyscapTransform cost memory 0.160247802734375
[2026-09-16T09:25:23.615] [DEBUG] debug-file - runTaskFromQueue task cost before running: 85 ms 
[2026-09-16T09:25:23.615] [INFO] debug-file - Finished :entry:default@SyscapTransform... after 2 ms 
[2026-09-16T09:25:23.615] [DEBUG] debug-file - Executing task :entry:default@ProcessProfile
[2026-09-16T09:25:23.616] [DEBUG] debug-file - Task 'entry:default@ProcessProfile' cost while wrapping incremental declarations: 1 ms 
[2026-09-16T09:25:23.616] [DEBUG] debug-file - Incremental task entry:default@ProcessProfile pre-execution cost: 1 ms .
[2026-09-16T09:25:23.616] [DEBUG] debug-file - entry : default@ProcessProfile cost memory 0.15727996826171875
[2026-09-16T09:25:23.617] [INFO] debug-file - UP-TO-DATE :entry:default@ProcessProfile...  
[2026-09-16T09:25:23.618] [DEBUG] debug-file - Executing task :entry:default@ProcessRouterMap
[2026-09-16T09:25:23.619] [DEBUG] debug-file - Incremental task entry:default@ProcessRouterMap pre-execution cost: 2 ms .
[2026-09-16T09:25:23.619] [DEBUG] debug-file - entry : default@ProcessRouterMap cost memory 0.13201141357421875
[2026-09-16T09:25:23.619] [INFO] debug-file - UP-TO-DATE :entry:default@ProcessRouterMap...  
[2026-09-16T09:25:23.620] [DEBUG] debug-file - Executing task :entry:default@ProcessShareConfig
[2026-09-16T09:25:23.621] [DEBUG] debug-file - Incremental task entry:default@ProcessShareConfig pre-execution cost: 1 ms .
[2026-09-16T09:25:23.621] [DEBUG] debug-file - entry : default@ProcessShareConfig cost memory 0.1147613525390625
[2026-09-16T09:25:23.621] [INFO] debug-file - UP-TO-DATE :entry:default@ProcessShareConfig...  
[2026-09-16T09:25:23.622] [DEBUG] debug-file - Executing task :entry:default@ProcessStartupConfig
[2026-09-16T09:25:23.622] [DEBUG] debug-file - Task 'entry:default@ProcessStartupConfig' cost while wrapping incremental declarations: 1 ms 
[2026-09-16T09:25:23.622] [DEBUG] debug-file - entry:default@ProcessStartupConfig is not up-to-date, since the output file 'D:\CityUproject\CampusNavigation\RoomMarkerHarmony\entry\build\default\intermediates\startup\default\startup_config.json' does not exist.
[2026-09-16T09:25:23.622] [DEBUG] debug-file - Incremental task entry:default@ProcessStartupConfig pre-execution cost: 1 ms .
[2026-09-16T09:25:23.622] [DEBUG] debug-file - entry : default@ProcessStartupConfig cost memory 0.103515625
[2026-09-16T09:25:23.622] [DEBUG] debug-file - runTaskFromQueue task cost before running: 92 ms 
[2026-09-16T09:25:23.622] [INFO] debug-file - Finished :entry:default@ProcessStartupConfig... after 1 ms 
[2026-09-16T09:25:23.623] [DEBUG] debug-file - Executing task :entry:default@BuildNativeWithNinja
[2026-09-16T09:25:23.623] [DEBUG] debug-file - entry : default@BuildNativeWithNinja cost memory 0.0238189697265625
[2026-09-16T09:25:23.623] [DEBUG] debug-file - runTaskFromQueue task cost before running: 93 ms 
[2026-09-16T09:25:23.623] [INFO] debug-file - Finished :entry:default@BuildNativeWithNinja... after 1 ms 
[2026-09-16T09:25:23.624] [DEBUG] debug-file - restool module names: entry; moduleName=entry, taskName=default@ProcessResource
[2026-09-16T09:25:23.624] [DEBUG] debug-file - Executing task :entry:default@ProcessResource
[2026-09-16T09:25:23.625] [DEBUG] debug-file - Task 'entry:default@ProcessResource' cost while wrapping incremental declarations: 1 ms 
[2026-09-16T09:25:23.625] [DEBUG] debug-file - Incremental task entry:default@ProcessResource pre-execution cost: 1 ms .
[2026-09-16T09:25:23.625] [DEBUG] debug-file - entry : default@ProcessResource cost memory 0.143157958984375
[2026-09-16T09:25:23.626] [INFO] debug-file - UP-TO-DATE :entry:default@ProcessResource...  
[2026-09-16T09:25:23.627] [DEBUG] debug-file - Executing task :entry:default@GenerateLoaderJson
[2026-09-16T09:25:23.627] [DEBUG] debug-file - Task 'entry:default@GenerateLoaderJson' cost while wrapping incremental declarations: 1 ms 
[2026-09-16T09:25:23.631] [DEBUG] debug-file - Incremental task entry:default@GenerateLoaderJson pre-execution cost: 3 ms .
[2026-09-16T09:25:23.631] [DEBUG] debug-file - entry : default@GenerateLoaderJson cost memory -1.0934066772460938
[2026-09-16T09:25:23.633] [INFO] debug-file - UP-TO-DATE :entry:default@GenerateLoaderJson...  
[2026-09-16T09:25:23.634] [DEBUG] debug-file - Executing task :entry:default@ProcessLibs
[2026-09-16T09:25:23.635] [DEBUG] debug-file - Incremental task entry:default@ProcessLibs pre-execution cost: 1 ms .
[2026-09-16T09:25:23.635] [DEBUG] debug-file - entry : default@ProcessLibs cost memory 0.10860443115234375
[2026-09-16T09:25:23.636] [INFO] debug-file - UP-TO-DATE :entry:default@ProcessLibs...  
[2026-09-16T09:25:23.636] [DEBUG] debug-file - restool module names: entry; moduleName=entry, taskName=default@CompileResource
[2026-09-16T09:25:23.636] [DEBUG] debug-file - Executing task :entry:default@CompileResource
[2026-09-16T09:25:23.643] [DEBUG] debug-file - Incremental task entry:default@CompileResource pre-execution cost: 6 ms .
[2026-09-16T09:25:23.643] [DEBUG] debug-file - entry : default@CompileResource cost memory 0.5267486572265625
[2026-09-16T09:25:23.643] [INFO] debug-file - UP-TO-DATE :entry:default@CompileResource...  
[2026-09-16T09:25:23.644] [DEBUG] debug-file - Executing task :entry:default@DoNativeStrip
[2026-09-16T09:25:23.644] [DEBUG] debug-file - Task 'entry:default@DoNativeStrip' cost while wrapping incremental declarations: 1 ms 
[2026-09-16T09:25:23.645] [DEBUG] debug-file - Incremental task entry:default@DoNativeStrip pre-execution cost: 1 ms .
[2026-09-16T09:25:23.645] [DEBUG] debug-file - entry : default@DoNativeStrip cost memory 0.08522796630859375
[2026-09-16T09:25:23.645] [INFO] debug-file - UP-TO-DATE :entry:default@DoNativeStrip...  
[2026-09-16T09:25:23.645] [DEBUG] debug-file - Executing task :entry:default@CompileArkTS
[2026-09-16T09:25:23.645] [DEBUG] debug-file - obfuscationOptions: undefined
[2026-09-16T09:25:23.646] [DEBUG] debug-file - Task 'entry:default@CompileArkTS' cost while wrapping incremental declarations: 1 ms 
[2026-09-16T09:25:23.652] [DEBUG] debug-file - build config:
[2026-09-16T09:25:23.652] [DEBUG] debug-file - {
  moduleType: 'entry',
  perf: 0,
  targetName: '.default',
  packageManagerType: 'ohpm',
  localPropertiesPath: 'D:\\CityUproject\\CampusNavigation\\RoomMarkerHarmony\\local.properties',
  isPreview: false,
  isOhosTest: false,
  isLocalTest: false,
  buildMode: 'Debug',
  hotReloadBuild: undefined,
  watchMode: 'false',
  aceProfilePath: 'D:\\CityUproject\\CampusNavigation\\RoomMarkerHarmony\\entry\\build\\default\\intermediates\\res\\default\\resources\\base\\profile',
  etsLoaderPath: 'D:\\DevEco\\DevEco Studio\\sdk\\default\\openharmony\\ets\\build-tools\\ets-loader',
  modulePath: 'D:\\CityUproject\\CampusNavigation\\RoomMarkerHarmony\\entry',
  testFrameworkPar: {
    testMode: undefined,
    coveragePathFilter: undefined,
    coverageMode: undefined
  },
  needCoverageInsert: false,
  debugLine: false,
  projectTopDir: 'D:\\CityUproject\\CampusNavigation\\RoomMarkerHarmony',
  compileSdkVersion: 21,
  compatibleSdkVersion: 12,
  originCompatibleSdkVersion: '5.0.0(12)',
  compatibleSdkVersionStage: 'beta1',
  bundleName: 'c***r',
  etsLoaderVersion: '6.0.1.112',
  etsLoaderReleaseType: 'Release',
  aotCompileMode: 'type',
  apPath: 'D:\\CityUproject\\CampusNavigation\\RoomMarkerHarmony\\entry\\modules.ap',
  entryModuleName: 'entry',
  entryModuleVersion: '1.0.0',
  entryPackageName: 'entry',
  allModuleNameHash: '3e2de7d5bc42bc0bc7298cf037dca8e36c6e8252845ff7b4815a3aa3e34aecb9',
  externalApiPaths: [ 'D:\\DevEco\\DevEco Studio\\sdk\\default\\hms\\ets' ],
  compilerTypes: [],
  isCrossplatform: false,
  hvigorPluginFile: undefined,
  compilePluginPath: undefined,
  buildGeneratedProfilePath: 'D:\\CityUproject\\CampusNavigation\\RoomMarkerHarmony\\entry\\build\\default\\generated\\profile\\default',
  bundleType: 'app',
  arkTSVersion: undefined,
  apiVersion: 21,
  needCompleteSourcesMap: false,
  isFaMode: false,
  buildDir: 'D:\\CityUproject\\CampusNavigation\\RoomMarkerHarmony\\entry\\build',
  deviceTypes: [ 'phone' ],
  pkgContextInfo: undefined,
  ohPackagePathMap: {},
  dependencyAliasMap: {},
  permission: {
    requestPermissions: [
      [Object], [Object],
      [Object], [Object],
      [Object], [Object],
      [Object], [Object]
    ],
    definePermissions: undefined
  },
  integratedHsp: false,
  projectArkOption: undefined,
  sourceMapDir: undefined,
  branchElimination: false,
  transformLib: undefined,
  tsImportSendable: false,
  resolveConflictMode: true,
  depName2RootPath: {},
  depName2DepInfo: {},
  rootPathSet: [ 'D:\\CityUproject\\CampusNavigation\\RoomMarkerHarmony' ],
  useNativeResolver: true,
  shouldEmitJs: true,
  useTscResolve: false,
  singleFileEmit: false,
  userProjectConfig: {
    autoLazyImport: false,
    allowEmptyBundleName: false,
    reExportCheckMode: 'noCheck',
    executionMode: 'memory',
    usePathPlaceholder: false,
    writeRollupCache: true,
    isExpandImportEnabled: false,
    expandImportExclude: '',
    lazyImportExclude: '',
    lazyImportInclude: '',
    ignoreCrossplatformCheck: false,
    isHarDeduplicateEnabled: false,
    enableStrictCheckOHModule: false,
    useDeclarationFileSignature: false,
    isPreloadSoEnabled: false
  },
  skipOhModulesLint: false,
  executionMode: 'memory',
  arkCompileCachePath: 'D:\\CityUproject\\CampusNavigation\\RoomMarkerHarmony\\entry\\build\\default\\cache\\default\\default@CompileArkTS\\esmodule',
  autoLazyFilter: undefined,
  isHarDeduplicateEnabled: false,
  intermediateHarDuplicateDirPath: 'D:\\CityUproject\\CampusNavigation\\RoomMarkerHarmony\\entry\\build\\default\\intermediates\\har_duplicate\\default',
  autoLazyImport: false,
  allowEmptyBundleName: false,
  reExportCheckMode: 'noCheck',
  usePathPlaceholder: false,
  writeRollupCache: true,
  isExpandImportEnabled: false,
  expandImportExclude: '',
  lazyImportExclude: '',
  lazyImportInclude: '',
  ignoreCrossplatformCheck: false,
  enableStrictCheckOHModule: false,
  useDeclarationFileSignature: false,
  isPreloadSoEnabled: false,
  strictMode: undefined,
  useNormalizedOHMUrl: false,
  caseSensitiveCheck: false,
  aceModuleJsonPath: 'D:\\CityUproject\\CampusNavigation\\RoomMarkerHarmony\\entry\\build\\default\\intermediates\\res\\default\\ark_module.json',
  appResource: 'D:\\CityUproject\\CampusNavigation\\RoomMarkerHarmony\\entry\\build\\default\\intermediates\\res\\default\\ResourceTable.txt',
  rawFileResource: 'D:\\CityUproject\\CampusNavigation\\RoomMarkerHarmony\\entry\\build\\default\\intermediates\\res\\default\\resources\\rawfile',
  resourceTableHash: 'e84d41c7c4344455426326d512fd2cdd79a96857cfeacf3cd60115dd0a49deba',
  runtimeOS: 'HarmonyOS',
  sdkInfo: 'false:21:6.0.1.112:Release',
  aceModuleRoot: 'D:\\CityUproject\\CampusNavigation\\RoomMarkerHarmony\\entry\\src\\main\\ets',
  compileMode: 'esmodule',
  aceSuperVisualPath: 'D:\\CityUproject\\CampusNavigation\\RoomMarkerHarmony\\entry\\src\\main\\supervisual',
  aceBuildJson: 'D:\\CityUproject\\CampusNavigation\\RoomMarkerHarmony\\entry\\build\\default\\intermediates\\loader\\default\\loader.json',
  cachePath: 'D:\\CityUproject\\CampusNavigation\\RoomMarkerHarmony\\entry\\build\\default\\cache\\default\\default@CompileArkTS\\esmodule\\debug',
  aceModuleBuild: 'D:\\CityUproject\\CampusNavigation\\RoomMarkerHarmony\\entry\\build\\default\\intermediates\\loader_out\\default\\ets',
  supportChunks: true,
  declaredFilesPath: undefined,
  shouldCollectDirectImportees: false,
  isByteCodeHarOptimize: false,
  expandImportPath: undefined,
  pkgNameToPkgBriefInfo: {
    entry: {
      pkgRoot: 'D:\\CityUproject\\CampusNavigation\\RoomMarkerHarmony\\entry',
      originalSourceRoots: undefined,
      sourceRoots: [Array],
      pkgName: 'entry'
    }
  },
  projectModel: {
    'D:\\CityUproject\\CampusNavigation\\RoomMarkerHarmony\\entry\\src\\main': {
      moduleName: 'entry',
      modulePkgPath: 'D:\\CityUproject\\CampusNavigation\\RoomMarkerHarmony\\entry',
      belongProjectPath: 'D:\\CityUproject\\CampusNavigation\\RoomMarkerHarmony'
    },
    'D:\\CityUproject\\CampusNavigation\\RoomMarkerHarmony\\entry': {
      moduleName: 'entry',
      modulePkgPath: 'D:\\CityUproject\\CampusNavigation\\RoomMarkerHarmony\\entry',
      belongProjectPath: 'D:\\CityUproject\\CampusNavigation\\RoomMarkerHarmony'
    },
    'D:\\CityUproject\\CampusNavigation\\RoomMarkerHarmony': {
      moduleName: 'RoomMarkerHarmony',
      modulePkgPath: 'D:\\CityUproject\\CampusNavigation\\RoomMarkerHarmony',
      belongProjectPath: 'D:\\CityUproject\\CampusNavigation\\RoomMarkerHarmony'
    }
  },
  pkgJsonFileHash: 'ac019853f4aab35e0389d66085a03b3c996fc93df6c0d2d552ea85d3dfb7436a',
  allModulePaths: [ 'D:\\CityUproject\\CampusNavigation\\RoomMarkerHarmony\\entry' ],
  routerMap: {},
  obfuscationOptions: undefined,
  byteCodeHarToDependencyKeys: undefined,
  compileBlockPkg: [],
  mockParams: {
    decorator: '@MockSetup',
    packageName: '@ohos/hamock',
    etsSourceRootPath: 'src/main/ets',
    mockConfigPath: undefined,
    mockConfigKey2ModuleInfo: {},
    source2ModuleIdMap: {}
  },
  copyCodeResourceEnable: true,
  copyCodeResourceExcludes: [],
  copyCodeResourceIncludes: undefined,
  uiTransformOptimization: false,
  sdkPath: 'D:/DevEco/DevEco Studio/sdk',
  needPreloadSoFileSet: {},
  preloadSoFilePath: 'D:\\CityUproject\\CampusNavigation\\RoomMarkerHarmony\\entry\\build\\default\\intermediates\\preload\\default\\preload.json',
  useSourceHash: false,
  localModuleParamMap: {},
  otherPaths: {
    'entry/*': [
      '..\\*',
      '..\\..\\..\\build\\default\\generated\\profile\\default\\*'
    ]
  },
  collectImportersConfig: undefined
}
[2026-09-16T09:25:23.652] [DEBUG] debug-file - Compile arkts with external api path: D:\DevEco\DevEco Studio\sdk\default\hms\ets
[2026-09-16T09:25:23.653] [DEBUG] debug-file - default@CompileArkTS work[4] is submitted.
[2026-09-16T09:25:23.653] [DEBUG] debug-file - default@CompileArkTS work[4] is pushed to ready queue.
[2026-09-16T09:25:23.653] [DEBUG] debug-file - A work dispatched to worker[15] failed because unable to get work from ready queue.
[2026-09-16T09:25:23.653] [DEBUG] debug-file - A work dispatched to worker[14] failed because unable to get work from ready queue.
[2026-09-16T09:25:23.653] [DEBUG] debug-file - A work dispatched to worker[13] failed because unable to get work from ready queue.
[2026-09-16T09:25:23.653] [DEBUG] debug-file - A work dispatched to worker[12] failed because unable to get work from ready queue.
[2026-09-16T09:25:23.653] [DEBUG] debug-file - A work dispatched to worker[11] failed because unable to get work from ready queue.
[2026-09-16T09:25:23.653] [DEBUG] debug-file - A work dispatched to worker[10] failed because unable to get work from ready queue.
[2026-09-16T09:25:23.653] [DEBUG] debug-file - A work dispatched to worker[9] failed because unable to get work from ready queue.
[2026-09-16T09:25:23.653] [DEBUG] debug-file - A work dispatched to worker[8] failed because unable to get work from ready queue.
[2026-09-16T09:25:23.653] [DEBUG] debug-file - A work dispatched to worker[7] failed because unable to get work from ready queue.
[2026-09-16T09:25:23.653] [DEBUG] debug-file - A work dispatched to worker[6] failed because unable to get work from ready queue.
[2026-09-16T09:25:23.653] [DEBUG] debug-file - A work dispatched to worker[5] failed because unable to get work from ready queue.
[2026-09-16T09:25:23.653] [DEBUG] debug-file - default@CompileArkTS work[4] has been dispatched to worker[4].
[2026-09-16T09:25:23.653] [DEBUG] debug-file - default@CompileArkTS work[4] is dispatched.
[2026-09-16T09:25:23.653] [DEBUG] debug-file - CopyResources startTime: 28392641309800
[2026-09-16T09:25:23.653] [DEBUG] debug-file - default@CompileArkTS work[5] is submitted.
[2026-09-16T09:25:23.653] [DEBUG] debug-file - default@CompileArkTS work[5] is pushed to ready queue.
[2026-09-16T09:25:23.653] [DEBUG] debug-file - A work dispatched to worker[15] failed because unable to get work from ready queue.
[2026-09-16T09:25:23.653] [DEBUG] debug-file - Create  resident worker with id: 14.
[2026-09-16T09:25:23.654] [DEBUG] debug-file - default@CompileArkTS work[5] has been dispatched to worker[14].
[2026-09-16T09:25:23.654] [DEBUG] debug-file - default@CompileArkTS work[5] is dispatched.
[2026-09-16T09:25:23.654] [DEBUG] debug-file - entry : default@CompileArkTS cost memory -0.4639434814453125
[2026-09-16T09:25:23.655] [DEBUG] debug-file - Executing task :entry:default@BuildJS
[2026-09-16T09:25:23.655] [DEBUG] debug-file - Task 'entry:default@BuildJS' cost while wrapping incremental declarations: 1 ms 
[2026-09-16T09:25:23.656] [DEBUG] debug-file - entry : default@BuildJS cost memory 0.1511077880859375
[2026-09-16T09:25:23.656] [DEBUG] debug-file - runTaskFromQueue task cost before running: 126 ms 
[2026-09-16T09:25:23.656] [INFO] debug-file - Finished :entry:default@BuildJS... after 2 ms 
[2026-09-16T09:25:23.657] [DEBUG] debug-file - Executing task :entry:default@CacheNativeLibs
[2026-09-16T09:25:23.657] [DEBUG] debug-file - Task 'entry:default@CacheNativeLibs' cost while wrapping incremental declarations: 1 ms 
[2026-09-16T09:25:23.658] [DEBUG] debug-file - Incremental task entry:default@CacheNativeLibs pre-execution cost: 1 ms .
[2026-09-16T09:25:23.658] [DEBUG] debug-file - entry : default@CacheNativeLibs cost memory 0.1002960205078125
[2026-09-16T09:25:23.658] [INFO] debug-file - UP-TO-DATE :entry:default@CacheNativeLibs...  
[2026-09-16T09:25:24.304] [DEBUG] debug-file - worker[14] has one work done.
[2026-09-16T09:25:24.304] [DEBUG] debug-file - CopyResources is end, endTime: 28393291992200
[2026-09-16T09:25:24.304] [DEBUG] debug-file - default@CompileArkTS work[5] done.
[2026-09-16T09:25:24.304] [DEBUG] debug-file - A work dispatched to worker[14] failed because unable to get work from ready queue.
[2026-09-16T09:25:24.821] [WARN] debug-file - [33mWARN: [33m[33mArkTS:WARN File: D:/CityUproject/CampusNavigation/RoomMarkerHarmony/entry/src/main/ets/data/Store.ets:168:49
 Function may throw exceptions. Special handling is required.
[39m[39m
[33mWARN: [33m[33mArkTS:WARN File: D:/CityUproject/CampusNavigation/RoomMarkerHarmony/entry/src/main/ets/data/Store.ets:175:12
 Function may throw exceptions. Special handling is required.
[39m[39m
[33mWARN: [33m[33mArkTS:WARN File: D:/CityUproject/CampusNavigation/RoomMarkerHarmony/entry/src/main/ets/data/Store.ets:177:13
 Function may throw exceptions. Special handling is required.
[39m[39m
[33mWARN: [33m[33mArkTS:WARN File: D:/CityUproject/CampusNavigation/RoomMarkerHarmony/entry/src/main/ets/data/Store.ets:177:24
 Function may throw exceptions. Special handling is required.
[39m[39m
[33mWARN: [33m[33mArkTS:WARN File: D:/CityUproject/CampusNavigation/RoomMarkerHarmony/entry/src/main/ets/data/Store.ets:178:15
 Function may throw exceptions. Special handling is required.
[39m[39m
[33mWARN: [33m[33mArkTS:WARN File: D:/CityUproject/CampusNavigation/RoomMarkerHarmony/entry/src/main/ets/data/Store.ets:178:28
 Function may throw exceptions. Special handling is required.
[39m[39m
[33mWARN: [33m[33mArkTS:WARN File: D:/CityUproject/CampusNavigation/RoomMarkerHarmony/entry/src/main/ets/data/Store.ets:179:15
 Function may throw exceptions. Special handling is required.
[39m[39m
[33mWARN: [33m[33mArkTS:WARN File: D:/CityUproject/CampusNavigation/RoomMarkerHarmony/entry/src/main/ets/data/Store.ets:179:28
 Function may throw exceptions. Special handling is required.
[39m[39m
[33mWARN: [33m[33mArkTS:WARN File: D:/CityUproject/CampusNavigation/RoomMarkerHarmony/entry/src/main/ets/data/Store.ets:180:20
 Function may throw exceptions. Special handling is required.
[39m[39m
[33mWARN: [33m[33mArkTS:WARN File: D:/CityUproject/CampusNavigation/RoomMarkerHarmony/entry/src/main/ets/data/Store.ets:180:31
 Function may throw exceptions. Special handling is required.
[39m[39m
[33mWARN: [33m[33mArkTS:WARN File: D:/CityUproject/CampusNavigation/RoomMarkerHarmony/entry/src/main/ets/data/Store.ets:181:20
 Function may throw exceptions. Special handling is required.
[39m[39m
[33mWARN: [33m[33mArkTS:WARN File: D:/CityUproject/CampusNavigation/RoomMarkerHarmony/entry/src/main/ets/data/Store.ets:181:31
 Function may throw exceptions. Special handling is required.
[39m[39m
[33mWARN: [33m[33mArkTS:WARN File: D:/CityUproject/CampusNavigation/RoomMarkerHarmony/entry/src/main/ets/data/Store.ets:182:21
 Function may throw exceptions. Special handling is required.
[39m[39m
[33mWARN: [33m[33mArkTS:WARN File: D:/CityUproject/CampusNavigation/RoomMarkerHarmony/entry/src/main/ets/data/Store.ets:182:32
 Function may throw exceptions. Special handling is required.
[39m[39m
[33mWARN: [33m[33mArkTS:WARN File: D:/CityUproject/CampusNavigation/RoomMarkerHarmony/entry/src/main/ets/data/Store.ets:185:5
 Function may throw exceptions. Special handling is required.
[39m[39m
[33mWARN: [33m[33mArkTS:WARN File: D:/CityUproject/CampusNavigation/RoomMarkerHarmony/entry/src/main/ets/data/Store.ets:196:49
 Function may throw exceptions. Special handling is required.
[39m[39m
[33mWARN: [33m[33mArkTS:WARN File: D:/CityUproject/CampusNavigation/RoomMarkerHarmony/entry/src/main/ets/data/Store.ets:200:9
 Function may throw exceptions. Special handling is required.
[39m[39m
[33mWARN: [33m[33mArkTS:WARN File: D:/CityUproject/CampusNavigation/RoomMarkerHarmony/entry/src/main/ets/data/Store.ets:202:13
 Function may throw exceptions. Special handling is required.
[39m[39m
[33mWARN: [33m[33mArkTS:WARN File: D:/CityUproject/CampusNavigation/RoomMarkerHarmony/entry/src/main/ets/data/Store.ets:202:24
 Function may throw exceptions. Special handling is required.
[39m[39m
[33mWARN: [33m[33mArkTS:WARN File: D:/CityUproject/CampusNavigation/RoomMarkerHarmony/entry/src/main/ets/data/Store.ets:203:15
 Function may throw exceptions. Special handling is required.
[39m[39m
[33mWARN: [33m[33mArkTS:WARN File: D:/CityUproject/CampusNavigation/RoomMarkerHarmony/entry/src/main/ets/data/Store.ets:203:28
 Function may throw exceptions. Special handling is required.
[39m[39m
[33mWARN: [33m[33mArkTS:WARN File: D:/CityUproject/CampusNavigation/RoomMarkerHarmony/entry/src/main/ets/data/Store.ets:204:15
 Function may throw exceptions. Special handling is required.
[39m[39m
[33mWARN: [33m[33mArkTS:WARN File: D:/CityUproject/CampusNavigation/RoomMarkerHarmony/entry/src/main/ets/data/Store.ets:204:28
 Function may throw exceptions. Special handling is required.
[39m[39m
[33mWARN: [33m[33mArkTS:WARN File: D:/CityUproject/CampusNavigation/RoomMarkerHarmony/entry/src/main/ets/data/Store.ets:205:20
 Function may throw exceptions. Special handling is required.
[39m[39m
[33mWARN: [33m[33mArkTS:WARN File: D:/CityUproject/CampusNavigation/RoomMarkerHarmony/entry/src/main/ets/data/Store.ets:205:31
 Function may throw exceptions. Special handling is required.
[39m[39m
[33mWARN: [33m[33mArkTS:WARN File: D:/CityUproject/CampusNavigation/RoomMarkerHarmony/entry/src/main/ets/data/Store.ets:210:5
 Function may throw exceptions. Special handling is required.
[39m[39m
[33mWARN: [33m[33mArkTS:WARN File: D:/CityUproject/CampusNavigation/RoomMarkerHarmony/entry/src/main/ets/data/Store.ets:221:33
 Function may throw exceptions. Special handling is required.
[39m[39m
[33mWARN: [33m[33mArkTS:WARN File: D:/CityUproject/CampusNavigation/RoomMarkerHarmony/entry/src/main/ets/data/Store.ets:232:11
 Function may throw exceptions. Special handling is required.
[39m[39m
[33mWARN: [33m[33mArkTS:WARN File: D:/CityUproject/CampusNavigation/RoomMarkerHarmony/entry/src/main/ets/data/Store.ets:236:11
 Function may throw exceptions. Special handling is required.
[39m[39m
[33mWARN: [33m[33mArkTS:WARN File: D:/CityUproject/CampusNavigation/RoomMarkerHarmony/entry/src/main/ets/data/Store.ets:239:11
 Function may throw exceptions. Special handling is required.
[39m[39m
[33mWARN: [33m[33mArkTS:WARN File: D:/CityUproject/CampusNavigation/RoomMarkerHarmony/entry/src/main/ets/data/Store.ets:253:49
 Function may throw exceptions. Special handling is required.
[39m[39m
[33mWARN: [33m[33mArkTS:WARN File: D:/CityUproject/CampusNavigation/RoomMarkerHarmony/entry/src/main/ets/data/Store.ets:255:12
 Function may throw exceptions. Special handling is required.
[39m[39m
[33mWARN: [33m[33mArkTS:WARN File: D:/CityUproject/CampusNavigation/RoomMarkerHarmony/entry/src/main/ets/data/Store.ets:256:20
 Function may throw exceptions. Special handling is required.
[39m[39m
[33mWARN: [33m[33mArkTS:WARN File: D:/CityUproject/CampusNavigation/RoomMarkerHarmony/entry/src/main/ets/data/Store.ets:256:31
 Function may throw exceptions. Special handling is required.
[39m[39m
[33mWARN: [33m[33mArkTS:WARN File: D:/CityUproject/CampusNavigation/RoomMarkerHarmony/entry/src/main/ets/data/Store.ets:258:5
 Function may throw exceptions. Special handling is required.
[39m[39m
[33mWARN: [33m[33mArkTS:WARN File: D:/CityUproject/CampusNavigation/RoomMarkerHarmony/entry/src/main/ets/data/Store.ets:264:11
 Function may throw exceptions. Special handling is required.
[39m[39m
[33mWARN: [33m[33mArkTS:WARN File: D:/CityUproject/CampusNavigation/RoomMarkerHarmony/entry/src/main/ets/data/Store.ets:285:49
 Function may throw exceptions. Special handling is required.
[39m[39m
[33mWARN: [33m[33mArkTS:WARN File: D:/CityUproject/CampusNavigation/RoomMarkerHarmony/entry/src/main/ets/data/Store.ets:289:12
 Function may throw exceptions. Special handling is required.
[39m[39m
[33mWARN: [33m[33mArkTS:WARN File: D:/CityUproject/CampusNavigation/RoomMarkerHarmony/entry/src/main/ets/data/Store.ets:291:13
 Function may throw exceptions. Special handling is required.
[39m[39m
[33mWARN: [33m[33mArkTS:WARN File: D:/CityUproject/CampusNavigation/RoomMarkerHarmony/entry/src/main/ets/data/Store.ets:291:24
 Function may throw exceptions. Special handling is required.
[39m[39m
[33mWARN: [33m[33mArkTS:WARN File: D:/CityUproject/CampusNavigation/RoomMarkerHarmony/entry/src/main/ets/data/Store.ets:292:15
 Function may throw exceptions. Special handling is required.
[39m[39m
[33mWARN: [33m[33mArkTS:WARN File: D:/CityUproject/CampusNavigation/RoomMarkerHarmony/entry/src/main/ets/data/Store.ets:292:28
 Function may throw exceptions. Special handling is required.
[39m[39m
[33mWARN: [33m[33mArkTS:WARN File: D:/CityUproject/CampusNavigation/RoomMarkerHarmony/entry/src/main/ets/data/Store.ets:293:15
 Function may throw exceptions. Special handling is required.
[39m[39m
[33mWARN: [33m[33mArkTS:WARN File: D:/CityUproject/CampusNavigation/RoomMarkerHarmony/entry/src/main/ets/data/Store.ets:293:28
 Function may throw exceptions. Special handling is required.
[39m[39m
[33mWARN: [33m[33mArkTS:WARN File: D:/CityUproject/CampusNavigation/RoomMarkerHarmony/entry/src/main/ets/data/Store.ets:299:20
 Function may throw exceptions. Special handling is required.
[39m[39m
[33mWARN: [33m[33mArkTS:WARN File: D:/CityUproject/CampusNavigation/RoomMarkerHarmony/entry/src/main/ets/data/Store.ets:299:31
 Function may throw exceptions. Special handling is required.
[39m[39m
[33mWARN: [33m[33mArkTS:WARN File: D:/CityUproject/CampusNavigation/RoomMarkerHarmony/entry/src/main/ets/data/Store.ets:302:5
 Function may throw exceptions. Special handling is required.
[39m[39m
[33mWARN: [33m[33mArkTS:WARN File: D:/CityUproject/CampusNavigation/RoomMarkerHarmony/entry/src/main/ets/data/Store.ets:313:49
 Function may throw exceptions. Special handling is required.
[39m[39m
[33mWARN: [33m[33mArkTS:WARN File: D:/CityUproject/CampusNavigation/RoomMarkerHarmony/entry/src/main/ets/data/Store.ets:317:9
 Function may throw exceptions. Special handling is required.
[39m[39m
[33mWARN: [33m[33mArkTS:WARN File: D:/CityUproject/CampusNavigation/RoomMarkerHarmony/entry/src/main/ets/data/Store.ets:319:13
 Function may throw exceptions. Special handling is required.
[39m[39m
[33mWARN: [33m[33mArkTS:WARN File: D:/CityUproject/CampusNavigation/RoomMarkerHarmony/entry/src/main/ets/data/Store.ets:319:24
 Function may throw exceptions. Special handling is required.
[39m[39m
[33mWARN: [33m[33mArkTS:WARN File: D:/CityUproject/CampusNavigation/RoomMarkerHarmony/entry/src/main/ets/data/Store.ets:320:15
 Function may throw exceptions. Special handling is required.
[39m[39m
[33mWARN: [33m[33mArkTS:WARN File: D:/CityUproject/CampusNavigation/RoomMarkerHarmony/entry/src/main/ets/data/Store.ets:320:28
 Function may throw exceptions. Special handling is required.
[39m[39m
[33mWARN: [33m[33mArkTS:WARN File: D:/CityUproject/CampusNavigation/RoomMarkerHarmony/entry/src/main/ets/data/Store.ets:321:15
 Function may throw exceptions. Special handling is required.
[39m[39m
[33mWARN: [33m[33mArkTS:WARN File: D:/CityUproject/CampusNavigation/RoomMarkerHarmony/entry/src/main/ets/data/Store.ets:321:28
 Function may throw exceptions. Special handling is required.
[39m[39m
[33mWARN: [33m[33mArkTS:WARN File: D:/CityUproject/CampusNavigation/RoomMarkerHarmony/entry/src/main/ets/data/Store.ets:327:20
 Function may throw exceptions. Special handling is required.
[39m[39m
[33mWARN: [33m[33mArkTS:WARN File: D:/CityUproject/CampusNavigation/RoomMarkerHarmony/entry/src/main/ets/data/Store.ets:327:31
 Function may throw exceptions. Special handling is required.
[39m[39m
[33mWARN: [33m[33mArkTS:WARN File: D:/CityUproject/CampusNavigation/RoomMarkerHarmony/entry/src/main/ets/data/Store.ets:330:5
 Function may throw exceptions. Special handling is required.
[39m[39m
[33mWARN: [33m[33mArkTS:WARN File: D:/CityUproject/CampusNavigation/RoomMarkerHarmony/entry/src/main/ets/data/Store.ets:342:49
 Function may throw exceptions. Special handling is required.
[39m[39m
[33mWARN: [33m[33mArkTS:WARN File: D:/CityUproject/CampusNavigation/RoomMarkerHarmony/entry/src/main/ets/data/Store.ets:348:12
 Function may throw exceptions. Special handling is required.
[39m[39m
[33mWARN: [33m[33mArkTS:WARN File: D:/CityUproject/CampusNavigation/RoomMarkerHarmony/entry/src/main/ets/data/Store.ets:350:13
 Function may throw exceptions. Special handling is required.
[39m[39m
[33mWARN: [33m[33mArkTS:WARN File: D:/CityUproject/CampusNavigation/RoomMarkerHarmony/entry/src/main/ets/data/Store.ets:350:24
 Function may throw exceptions. Special handling is required.
[39m[39m
[33mWARN: [33m[33mArkTS:WARN File: D:/CityUproject/CampusNavigation/RoomMarkerHarmony/entry/src/main/ets/data/Store.ets:351:17
 Function may throw exceptions. Special handling is required.
[39m[39m
[33mWARN: [33m[33mArkTS:WARN File: D:/CityUproject/CampusNavigation/RoomMarkerHarmony/entry/src/main/ets/data/Store.ets:351:28
 Function may throw exceptions. Special handling is required.
[39m[39m
[33mWARN: [33m[33mArkTS:WARN File: D:/CityUproject/CampusNavigation/RoomMarkerHarmony/entry/src/main/ets/data/Store.ets:352:15
 Function may throw exceptions. Special handling is required.
[39m[39m
[33mWARN: [33m[33mArkTS:WARN File: D:/CityUproject/CampusNavigation/RoomMarkerHarmony/entry/src/main/ets/data/Store.ets:352:28
 Function may throw exceptions. Special handling is required.
[39m[39m
[33mWARN: [33m[33mArkTS:WARN File: D:/CityUproject/CampusNavigation/RoomMarkerHarmony/entry/src/main/ets/data/Store.ets:353:21
 Function may throw exceptions. Special handling is required.
[39m[39m
[33mWARN: [33m[33mArkTS:WARN File: D:/CityUproject/CampusNavigation/RoomMarkerHarmony/entry/src/main/ets/data/Store.ets:353:34
 Function may throw exceptions. Special handling is required.
[39m[39m
[33mWARN: [33m[33mArkTS:WARN File: D:/CityUproject/CampusNavigation/RoomMarkerHarmony/entry/src/main/ets/data/Store.ets:362:20
 Function may throw exceptions. Special handling is required.
[39m[39m
[33mWARN: [33m[33mArkTS:WARN File: D:/CityUproject/CampusNavigation/RoomMarkerHarmony/entry/src/main/ets/data/Store.ets:362:31
 Function may throw exceptions. Special handling is required.
[39m[39m
[33mWARN: [33m[33mArkTS:WARN File: D:/CityUproject/CampusNavigation/RoomMarkerHarmony/entry/src/main/ets/data/Store.ets:365:5
 Function may throw exceptions. Special handling is required.
[39m[39m
[33mWARN: [33m[33mArkTS:WARN File: D:/CityUproject/CampusNavigation/RoomMarkerHarmony/entry/src/main/ets/data/Store.ets:374:49
 Function may throw exceptions. Special handling is required.
[39m[39m
[33mWARN: [33m[33mArkTS:WARN File: D:/CityUproject/CampusNavigation/RoomMarkerHarmony/entry/src/main/ets/data/Store.ets:380:12
 Function may throw exceptions. Special handling is required.
[39m[39m
[33mWARN: [33m[33mArkTS:WARN File: D:/CityUproject/CampusNavigation/RoomMarkerHarmony/entry/src/main/ets/data/Store.ets:382:13
 Function may throw exceptions. Special handling is required.
[39m[39m
[33mWARN: [33m[33mArkTS:WARN File: D:/CityUproject/CampusNavigation/RoomMarkerHarmony/entry/src/main/ets/data/Store.ets:382:24
 Function may throw exceptions. Special handling is required.
[39m[39m
[33mWARN: [33m[33mArkTS:WARN File: D:/CityUproject/CampusNavigation/RoomMarkerHarmony/entry/src/main/ets/data/Store.ets:383:15
 Function may throw exceptions. Special handling is required.
[39m[39m
[33mWARN: [33m[33mArkTS:WARN File: D:/CityUproject/CampusNavigation/RoomMarkerHarmony/entry/src/main/ets/data/Store.ets:383:28
 Function may throw exceptions. Special handling is required.
[39m[39m
[33mWARN: [33m[33mArkTS:WARN File: D:/CityUproject/CampusNavigation/RoomMarkerHarmony/entry/src/main/ets/data/Store.ets:384:20
 Function may throw exceptions. Special handling is required.
[39m[39m
[33mWARN: [33m[33mArkTS:WARN File: D:/CityUproject/CampusNavigation/RoomMarkerHarmony/entry/src/main/ets/data/Store.ets:384:31
 Function may throw exceptions. Special handling is required.
[39m[39m
[33mWARN: [33m[33mArkTS:WARN File: D:/CityUproject/CampusNavigation/RoomMarkerHarmony/entry/src/main/ets/data/Store.ets:386:21
 Function may throw exceptions. Special handling is required.
[39m[39m
[33mWARN: [33m[33mArkTS:WARN File: D:/CityUproject/CampusNavigation/RoomMarkerHarmony/entry/src/main/ets/data/Store.ets:386:32
 Function may throw exceptions. Special handling is required.
[39m[39m
[33mWARN: [33m[33mArkTS:WARN File: D:/CityUproject/CampusNavigation/RoomMarkerHarmony/entry/src/main/ets/data/Store.ets:391:5
 Function may throw exceptions. Special handling is required.
[39m[39m
[33mWARN: [33m[33mArkTS:WARN File: D:/CityUproject/CampusNavigation/RoomMarkerHarmony/entry/src/main/ets/data/Store.ets:408:49
 Function may throw exceptions. Special handling is required.
[39m[39m
[33mWARN: [33m[33mArkTS:WARN File: D:/CityUproject/CampusNavigation/RoomMarkerHarmony/entry/src/main/ets/data/Store.ets:412:12
 Function may throw exceptions. Special handling is required.
[39m[39m
[33mWARN: [33m[33mArkTS:WARN File: D:/CityUproject/CampusNavigation/RoomMarkerHarmony/entry/src/main/ets/data/Store.ets:414:13
 Function may throw exceptions. Special handling is required.
[39m[39m
[33mWARN: [33m[33mArkTS:WARN File: D:/CityUproject/CampusNavigation/RoomMarkerHarmony/entry/src/main/ets/data/Store.ets:414:24
 Function may throw exceptions. Special handling is required.
[39m[39m
[33mWARN: [33m[33mArkTS:WARN File: D:/CityUproject/CampusNavigation/RoomMarkerHarmony/entry/src/main/ets/data/Store.ets:415:15
 Function may throw exceptions. Special handling is required.
[39m[39m
[33mWARN: [33m[33mArkTS:WARN File: D:/CityUproject/CampusNavigation/RoomMarkerHarmony/entry/src/main/ets/data/Store.ets:415:28
 Function may throw exceptions. Special handling is required.
[39m[39m
[33mWARN: [33m[33mArkTS:WARN File: D:/CityUproject/CampusNavigation/RoomMarkerHarmony/entry/src/main/ets/data/Store.ets:416:20
 Function may throw exceptions. Special handling is required.
[39m[39m
[33mWARN: [33m[33mArkTS:WARN File: D:/CityUproject/CampusNavigation/RoomMarkerHarmony/entry/src/main/ets/data/Store.ets:416:31
 Function may throw exceptions. Special handling is required.
[39m[39m
[33mWARN: [33m[33mArkTS:WARN File: D:/CityUproject/CampusNavigation/RoomMarkerHarmony/entry/src/main/ets/data/Store.ets:418:21
 Function may throw exceptions. Special handling is required.
[39m[39m
[33mWARN: [33m[33mArkTS:WARN File: D:/CityUproject/CampusNavigation/RoomMarkerHarmony/entry/src/main/ets/data/Store.ets:418:32
 Function may throw exceptions. Special handling is required.
[39m[39m
[33mWARN: [33m[33mArkTS:WARN File: D:/CityUproject/CampusNavigation/RoomMarkerHarmony/entry/src/main/ets/data/Store.ets:422:5
 Function may throw exceptions. Special handling is required.
[39m[39m
[33mWARN: [33m[33mArkTS:WARN File: D:/CityUproject/CampusNavigation/RoomMarkerHarmony/entry/src/main/ets/data/Store.ets:431:49
 Function may throw exceptions. Special handling is required.
[39m[39m
[33mWARN: [33m[33mArkTS:WARN File: D:/CityUproject/CampusNavigation/RoomMarkerHarmony/entry/src/main/ets/data/Store.ets:436:9
 Function may throw exceptions. Special handling is required.
[39m[39m
[33mWARN: [33m[33mArkTS:WARN File: D:/CityUproject/CampusNavigation/RoomMarkerHarmony/entry/src/main/ets/data/Store.ets:438:13
 Function may throw exceptions. Special handling is required.
[39m[39m
[33mWARN: [33m[33mArkTS:WARN File: D:/CityUproject/CampusNavigation/RoomMarkerHarmony/entry/src/main/ets/data/Store.ets:438:24
 Function may throw exceptions. Special handling is required.
[39m[39m
[33mWARN: [33m[33mArkTS:WARN File: D:/CityUproject/CampusNavigation/RoomMarkerHarmony/entry/src/main/ets/data/Store.ets:439:15
 Function may throw exceptions. Special handling is required.
[39m[39m
[33mWARN: [33m[33mArkTS:WARN File: D:/CityUproject/CampusNavigation/RoomMarkerHarmony/entry/src/main/ets/data/Store.ets:439:28
 Function may throw exceptions. Special handling is required.
[39m[39m
[33mWARN: [33m[33mArkTS:WARN File: D:/CityUproject/CampusNavigation/RoomMarkerHarmony/entry/src/main/ets/data/Store.ets:440:20
 Function may throw exceptions. Special handling is required.
[39m[39m
[33mWARN: [33m[33mArkTS:WARN File: D:/CityUproject/CampusNavigation/RoomMarkerHarmony/entry/src/main/ets/data/Store.ets:440:31
 Function may throw exceptions. Special handling is required.
[39m[39m
[33mWARN: [33m[33mArkTS:WARN File: D:/CityUproject/CampusNavigation/RoomMarkerHarmony/entry/src/main/ets/data/Store.ets:442:21
 Function may throw exceptions. Special handling is required.
[39m[39m
[33mWARN: [33m[33mArkTS:WARN File: D:/CityUproject/CampusNavigation/RoomMarkerHarmony/entry/src/main/ets/data/Store.ets:442:32
 Function may throw exceptions. Special handling is required.
[39m[39m
[33mWARN: [33m[33mArkTS:WARN File: D:/CityUproject/CampusNavigation/RoomMarkerHarmony/entry/src/main/ets/data/Store.ets:447:5
 Function may throw exceptions. Special handling is required.
[39m[39m
[33mWARN: [33m[33mArkTS:WARN File: D:/CityUproject/CampusNavigation/RoomMarkerHarmony/entry/src/main/ets/data/Store.ets:459:49
 Function may throw exceptions. Special handling is required.
[39m[39m
[33mWARN: [33m[33mArkTS:WARN File: D:/CityUproject/CampusNavigation/RoomMarkerHarmony/entry/src/main/ets/data/Store.ets:465:12
 Function may throw exceptions. Special handling is required.
[39m[39m
[33mWARN: [33m[33mArkTS:WARN File: D:/CityUproject/CampusNavigation/RoomMarkerHarmony/entry/src/main/ets/data/Store.ets:467:13
 Function may throw exceptions. Special handling is required.
[39m[39m
[33mWARN: [33m[33mArkTS:WARN File: D:/CityUproject/CampusNavigation/RoomMarkerHarmony/entry/src/main/ets/data/Store.ets:467:24
 Function may throw exceptions. Special handling is required.
[39m[39m
[33mWARN: [33m[33mArkTS:WARN File: D:/CityUproject/CampusNavigation/RoomMarkerHarmony/entry/src/main/ets/data/Store.ets:468:18
 Function may throw exceptions. Special handling is required.
[39m[39m
[33mWARN: [33m[33mArkTS:WARN File: D:/CityUproject/CampusNavigation/RoomMarkerHarmony/entry/src/main/ets/data/Store.ets:468:29
 Function may throw exceptions. Special handling is required.
[39m[39m
[33mWARN: [33m[33mArkTS:WARN File: D:/CityUproject/CampusNavigation/RoomMarkerHarmony/entry/src/main/ets/data/Store.ets:469:17
 Function may throw exceptions. Special handling is required.
[39m[39m
[33mWARN: [33m[33mArkTS:WARN File: D:/CityUproject/CampusNavigation/RoomMarkerHarmony/entry/src/main/ets/data/Store.ets:469:28
 Function may throw exceptions. Special handling is required.
[39m[39m
[33mWARN: [33m[33mArkTS:WARN File: D:/CityUproject/CampusNavigation/RoomMarkerHarmony/entry/src/main/ets/data/Store.ets:479:20
 Function may throw exceptions. Special handling is required.
[39m[39m
[33mWARN: [33m[33mArkTS:WARN File: D:/CityUproject/CampusNavigation/RoomMarkerHarmony/entry/src/main/ets/data/Store.ets:479:31
 Function may throw exceptions. Special handling is required.
[39m[39m
[33mWARN: [33m[33mArkTS:WARN File: D:/CityUproject/CampusNavigation/RoomMarkerHarmony/entry/src/main/ets/data/Store.ets:480:18
 Function may throw exceptions. Special handling is required.
[39m[39m
[33mWARN: [33m[33mArkTS:WARN File: D:/CityUproject/CampusNavigation/RoomMarkerHarmony/entry/src/main/ets/data/Store.ets:480:31
 Function may throw exceptions. Special handling is required.
[39m[39m
[33mWARN: [33m[33mArkTS:WARN File: D:/CityUproject/CampusNavigation/RoomMarkerHarmony/entry/src/main/ets/data/Store.ets:483:5
 Function may throw exceptions. Special handling is required.
[39m[39m
[33mWARN: [33m[33mArkTS:WARN File: D:/CityUproject/CampusNavigation/RoomMarkerHarmony/entry/src/main/ets/data/Store.ets:495:49
 Function may throw exceptions. Special handling is required.
[39m[39m
[33mWARN: [33m[33mArkTS:WARN File: D:/CityUproject/CampusNavigation/RoomMarkerHarmony/entry/src/main/ets/data/Store.ets:500:12
 Function may throw exceptions. Special handling is required.
[39m[39m
[33mWARN: [33m[33mArkTS:WARN File: D:/CityUproject/CampusNavigation/RoomMarkerHarmony/entry/src/main/ets/data/Store.ets:502:13
 Function may throw exceptions. Special handling is required.
[39m[39m
[33mWARN: [33m[33mArkTS:WARN File: D:/CityUproject/CampusNavigation/RoomMarkerHarmony/entry/src/main/ets/data/Store.ets:502:24
 Function may throw exceptions. Special handling is required.
[39m[39m
[33mWARN: [33m[33mArkTS:WARN File: D:/CityUproject/CampusNavigation/RoomMarkerHarmony/entry/src/main/ets/data/Store.ets:503:18
 Function may throw exceptions. Special handling is required.
[39m[39m
[33mWARN: [33m[33mArkTS:WARN File: D:/CityUproject/CampusNavigation/RoomMarkerHarmony/entry/src/main/ets/data/Store.ets:503:29
 Function may throw exceptions. Special handling is required.
[39m[39m
[33mWARN: [33m[33mArkTS:WARN File: D:/CityUproject/CampusNavigation/RoomMarkerHarmony/entry/src/main/ets/data/Store.ets:504:17
 Function may throw exceptions. Special handling is required.
[39m[39m
[33mWARN: [33m[33mArkTS:WARN File: D:/CityUproject/CampusNavigation/RoomMarkerHarmony/entry/src/main/ets/data/Store.ets:504:28
 Function may throw exceptions. Special handling is required.
[39m[39m
[33mWARN: [33m[33mArkTS:WARN File: D:/CityUproject/CampusNavigation/RoomMarkerHarmony/entry/src/main/ets/data/Store.ets:505:18
 Function may throw exceptions. Special handling is required.
[39m[39m
[33mWARN: [33m[33mArkTS:WARN File: D:/CityUproject/CampusNavigation/RoomMarkerHarmony/entry/src/main/ets/data/Store.ets:505:31
 Function may throw exceptions. Special handling is required.
[39m[39m
[33mWARN: [33m[33mArkTS:WARN File: D:/CityUproject/CampusNavigation/RoomMarkerHarmony/entry/src/main/ets/data/Store.ets:506:15
 Function may throw exceptions. Special handling is required.
[39m[39m
[33mWARN: [33m[33mArkTS:WARN File: D:/CityUproject/CampusNavigation/RoomMarkerHarmony/entry/src/main/ets/data/Store.ets:506:28
 Function may throw exceptions. Special handling is required.
[39m[39m
[33mWARN: [33m[33mArkTS:WARN File: D:/CityUproject/CampusNavigation/RoomMarkerHarmony/entry/src/main/ets/data/Store.ets:511:20
 Function may throw exceptions. Special handling is required.
[39m[39m
[33mWARN: [33m[33mArkTS:WARN File: D:/CityUproject/CampusNavigation/RoomMarkerHarmony/entry/src/main/ets/data/Store.ets:511:31
 Function may throw exceptions. Special handling is required.
[39m[39m
[33mWARN: [33m[33mArkTS:WARN File: D:/CityUproject/CampusNavigation/RoomMarkerHarmony/entry/src/main/ets/data/Store.ets:514:5
 Function may throw exceptions. Special handling is required.
[39m[39m
[33mWARN: [33m[33mArkTS:WARN File: D:/CityUproject/CampusNavigation/RoomMarkerHarmony/entry/src/main/ets/data/Store.ets:526:49
 Function may throw exceptions. Special handling is required.
[39m[39m
[33mWARN: [33m[33mArkTS:WARN File: D:/CityUproject/CampusNavigation/RoomMarkerHarmony/entry/src/main/ets/data/Store.ets:531:12
 Function may throw exceptions. Special handling is required.
[39m[39m
[33mWARN: [33m[33mArkTS:WARN File: D:/CityUproject/CampusNavigation/RoomMarkerHarmony/entry/src/main/ets/data/Store.ets:533:13
 Function may throw exceptions. Special handling is required.
[39m[39m
[33mWARN: [33m[33mArkTS:WARN File: D:/CityUproject/CampusNavigation/RoomMarkerHarmony/entry/src/main/ets/data/Store.ets:533:24
 Function may throw exceptions. Special handling is required.
[39m[39m
[33mWARN: [33m[33mArkTS:WARN File: D:/CityUproject/CampusNavigation/RoomMarkerHarmony/entry/src/main/ets/data/Store.ets:534:18
 Function may throw exceptions. Special handling is required.
[39m[39m
[33mWARN: [33m[33mArkTS:WARN File: D:/CityUproject/CampusNavigation/RoomMarkerHarmony/entry/src/main/ets/data/Store.ets:534:29
 Function may throw exceptions. Special handling is required.
[39m[39m
[33mWARN: [33m[33mArkTS:WARN File: D:/CityUproject/CampusNavigation/RoomMarkerHarmony/entry/src/main/ets/data/Store.ets:535:17
 Function may throw exceptions. Special handling is required.
[39m[39m
[33mWARN: [33m[33mArkTS:WARN File: D:/CityUproject/CampusNavigation/RoomMarkerHarmony/entry/src/main/ets/data/Store.ets:535:28
 Function may throw exceptions. Special handling is required.
[39m[39m
[33mWARN: [33m[33mArkTS:WARN File: D:/CityUproject/CampusNavigation/RoomMarkerHarmony/entry/src/main/ets/data/Store.ets:536:19
 Function may throw exceptions. Special handling is required.
[39m[39m
[33mWARN: [33m[33mArkTS:WARN File: D:/CityUproject/CampusNavigation/RoomMarkerHarmony/entry/src/main/ets/data/Store.ets:536:32
 Function may throw exceptions. Special handling is required.
[39m[39m
[33mWARN: [33m[33mArkTS:WARN File: D:/CityUproject/CampusNavigation/RoomMarkerHarmony/entry/src/main/ets/data/Store.ets:537:15
 Function may throw exceptions. Special handling is required.
[39m[39m
[33mWARN: [33m[33mArkTS:WARN File: D:/CityUproject/CampusNavigation/RoomMarkerHarmony/entry/src/main/ets/data/Store.ets:537:28
 Function may throw exceptions. Special handling is required.
[39m[39m
[33mWARN: [33m[33mArkTS:WARN File: D:/CityUproject/CampusNavigation/RoomMarkerHarmony/entry/src/main/ets/data/Store.ets:542:20
 Function may throw exceptions. Special handling is required.
[39m[39m
[33mWARN: [33m[33mArkTS:WARN File: D:/CityUproject/CampusNavigation/RoomMarkerHarmony/entry/src/main/ets/data/Store.ets:542:31
 Function may throw exceptions. Special handling is required.
[39m[39m
[33mWARN: [33m[33mArkTS:WARN File: D:/CityUproject/CampusNavigation/RoomMarkerHarmony/entry/src/main/ets/data/Store.ets:545:5
 Function may throw exceptions. Special handling is required.
[39m[39m
[33mWARN: [33m[33mArkTS:WARN File: D:/CityUproject/CampusNavigation/RoomMarkerHarmony/entry/src/main/ets/data/Store.ets:562:33
 Function may throw exceptions. Special handling is required.
[39m[39m
[33mWARN: [33m[33mArkTS:WARN File: D:/CityUproject/CampusNavigation/RoomMarkerHarmony/entry/src/main/ets/data/Store.ets:586:11
 Function may throw exceptions. Special handling is required.
[39m[39m
[33mWARN: [33m[33mArkTS:WARN File: D:/CityUproject/CampusNavigation/RoomMarkerHarmony/entry/src/main/ets/data/Store.ets:594:11
 Function may throw exceptions. Special handling is required.
[39m[39m
[33mWARN: [33m[33mArkTS:WARN File: D:/CityUproject/CampusNavigation/RoomMarkerHarmony/entry/src/main/ets/data/Store.ets:598:11
 Function may throw exceptions. Special handling is required.
[39m[39m
[33mWARN: [33m[33mArkTS:WARN File: D:/CityUproject/CampusNavigation/RoomMarkerHarmony/entry/src/main/ets/data/Store.ets:620:11
 Function may throw exceptions. Special handling is required.
[39m[39m
[33mWARN: [33m[33mArkTS:WARN File: D:/CityUproject/CampusNavigation/RoomMarkerHarmony/entry/src/main/ets/data/Store.ets:628:11
 Function may throw exceptions. Special handling is required.
[39m[39m
[33mWARN: [33m[33mArkTS:WARN File: D:/CityUproject/CampusNavigation/RoomMarkerHarmony/entry/src/main/ets/data/Store.ets:641:33
 Function may throw exceptions. Special handling is required.
[39m[39m
[33mWARN: [33m[33mArkTS:WARN File: D:/CityUproject/CampusNavigation/RoomMarkerHarmony/entry/src/main/ets/data/Store.ets:667:13
 Function may throw exceptions. Special handling is required.
[39m[39m
[33mWARN: [33m[33mArkTS:WARN File: D:/CityUproject/CampusNavigation/RoomMarkerHarmony/entry/src/main/ets/data/Store.ets:680:11
 Function may throw exceptions. Special handling is required.
[39m[39m
[33mWARN: [33m[33mArkTS:WARN File: D:/CityUproject/CampusNavigation/RoomMarkerHarmony/entry/src/main/ets/data/Store.ets:702:11
 Function may throw exceptions. Special handling is required.
[39m[39m
[33mWARN: [33m[33mArkTS:WARN File: D:/CityUproject/CampusNavigation/RoomMarkerHarmony/entry/src/main/ets/data/Store.ets:706:11
 Function may throw exceptions. Special handling is required.
[39m[39m
[33mWARN: [33m[33mArkTS:WARN File: D:/CityUproject/CampusNavigation/RoomMarkerHarmony/entry/src/main/ets/data/Store.ets:709:11
 Function may throw exceptions. Special handling is required.
[39m[39m
[33mWARN: [33m[33mArkTS:WARN File: D:/CityUproject/CampusNavigation/RoomMarkerHarmony/entry/src/main/ets/data/Store.ets:712:11
 Function may throw exceptions. Special handling is required.
[39m[39m
[33mWARN: [33m[33mArkTS:WARN File: D:/CityUproject/CampusNavigation/RoomMarkerHarmony/entry/src/main/ets/data/Store.ets:730:11
 Function may throw exceptions. Special handling is required.
[39m[39m
[33mWARN: [33m[33mArkTS:WARN File: D:/CityUproject/CampusNavigation/RoomMarkerHarmony/entry/src/main/ets/data/Store.ets:748:11
 Function may throw exceptions. Special handling is required.
[39m[39m
[33mWARN: [33m[33mArkTS:WARN File: D:/CityUproject/CampusNavigation/RoomMarkerHarmony/entry/src/main/ets/data/Store.ets:756:11
 Function may throw exceptions. Special handling is required.
[39m[39m
[33mWARN: [33m[33mArkTS:WARN File: D:/CityUproject/CampusNavigation/RoomMarkerHarmony/entry/src/main/ets/data/Store.ets:775:11
 Function may throw exceptions. Special handling is required.
[39m[39m
[33mWARN: [33m[33mArkTS:WARN File: D:/CityUproject/CampusNavigation/RoomMarkerHarmony/entry/src/main/ets/data/Store.ets:788:49
 Function may throw exceptions. Special handling is required.
[39m[39m
[33mWARN: [33m[33mArkTS:WARN File: D:/CityUproject/CampusNavigation/RoomMarkerHarmony/entry/src/main/ets/data/Store.ets:790:12
 Function may throw exceptions. Special handling is required.
[39m[39m
[33mWARN: [33m[33mArkTS:WARN File: D:/CityUproject/CampusNavigation/RoomMarkerHarmony/entry/src/main/ets/data/Store.ets:791:16
 Function may throw exceptions. Special handling is required.
[39m[39m
[33mWARN: [33m[33mArkTS:WARN File: D:/CityUproject/CampusNavigation/RoomMarkerHarmony/entry/src/main/ets/data/Store.ets:791:27
 Function may throw exceptions. Special handling is required.
[39m[39m
[33mWARN: [33m[33mArkTS:WARN File: D:/CityUproject/CampusNavigation/RoomMarkerHarmony/entry/src/main/ets/data/Store.ets:793:5
 Function may throw exceptions. Special handling is required.
[39m[39m
[33mWARN: [33m[33mArkTS:WARN File: D:/CityUproject/CampusNavigation/RoomMarkerHarmony/entry/src/main/ets/data/Store.ets:800:49
 Function may throw exceptions. Special handling is required.
[39m[39m
[33mWARN: [33m[33mArkTS:WARN File: D:/CityUproject/CampusNavigation/RoomMarkerHarmony/entry/src/main/ets/data/Store.ets:802:12
 Function may throw exceptions. Special handling is required.
[39m[39m
[33mWARN: [33m[33mArkTS:WARN File: D:/CityUproject/CampusNavigation/RoomMarkerHarmony/entry/src/main/ets/data/Store.ets:807:19
 Function may throw exceptions. Special handling is required.
[39m[39m
[33mWARN: [33m[33mArkTS:WARN File: D:/CityUproject/CampusNavigation/RoomMarkerHarmony/entry/src/main/ets/data/Store.ets:807:32
 Function may throw exceptions. Special handling is required.
[39m[39m
[33mWARN: [33m[33mArkTS:WARN File: D:/CityUproject/CampusNavigation/RoomMarkerHarmony/entry/src/main/ets/data/Store.ets:812:5
 Function may throw exceptions. Special handling is required.
[39m[39m
[33mWARN: [33m[33mArkTS:WARN File: D:/CityUproject/CampusNavigation/RoomMarkerHarmony/entry/src/main/ets/data/Store.ets:817:27
 Function may throw exceptions. Special handling is required.
[39m[39m
[33mWARN: [33m[33mArkTS:WARN File: D:/CityUproject/CampusNavigation/RoomMarkerHarmony/entry/src/main/ets/data/Store.ets:818:12
 Function may throw exceptions. Special handling is required.
[39m[39m
[33mWARN: [33m[33mArkTS:WARN File: D:/CityUproject/CampusNavigation/RoomMarkerHarmony/entry/src/main/ets/data/Store.ets:818:49
 Function may throw exceptions. Special handling is required.
[39m[39m
[33mWARN: [33m[33mArkTS:WARN File: D:/CityUproject/CampusNavigation/RoomMarkerHarmony/entry/src/main/ets/data/Store.ets:822:27
 Function may throw exceptions. Special handling is required.
[39m[39m
[33mWARN: [33m[33mArkTS:WARN File: D:/CityUproject/CampusNavigation/RoomMarkerHarmony/entry/src/main/ets/data/Store.ets:823:12
 Function may throw exceptions. Special handling is required.
[39m[39m
[33mWARN: [33m[33mArkTS:WARN File: D:/CityUproject/CampusNavigation/RoomMarkerHarmony/entry/src/main/ets/data/Store.ets:823:49
 Function may throw exceptions. Special handling is required.
[39m[39m
[33mWARN: [33m[33mArkTS:WARN File: D:/CityUproject/CampusNavigation/RoomMarkerHarmony/entry/src/main/ets/data/Store.ets:827:27
 Function may throw exceptions. Special handling is required.
[39m[39m
[33mWARN: [33m[33mArkTS:WARN File: D:/CityUproject/CampusNavigation/RoomMarkerHarmony/entry/src/main/ets/data/Store.ets:828:12
 Function may throw exceptions. Special handling is required.
[39m[39m
[33mWARN: [33m[33mArkTS:WARN File: D:/CityUproject/CampusNavigation/RoomMarkerHarmony/entry/src/main/ets/data/Store.ets:828:49
 Function may throw exceptions. Special handling is required.
[39m[39m
[33mWARN: [33m[33mArkTS:WARN File: D:/CityUproject/CampusNavigation/RoomMarkerHarmony/entry/src/main/ets/data/Store.ets:838:49
 Function may throw exceptions. Special handling is required.
[39m[39m
[33mWARN: [33m[33mArkTS:WARN File: D:/CityUproject/CampusNavigation/RoomMarkerHarmony/entry/src/main/ets/data/Store.ets:840:9
 Function may throw exceptions. Special handling is required.
[39m[39m
[33mWARN: [33m[33mArkTS:WARN File: D:/CityUproject/CampusNavigation/RoomMarkerHarmony/entry/src/main/ets/data/Store.ets:841:12
 Function may throw exceptions. Special handling is required.
[39m[39m
[33mWARN: [33m[33mArkTS:WARN File: D:/CityUproject/CampusNavigation/RoomMarkerHarmony/entry/src/main/ets/data/Store.ets:841:23
 Function may throw exceptions. Special handling is required.
[39m[39m
[33mWARN: [33m[33mArkTS:WARN File: D:/CityUproject/CampusNavigation/RoomMarkerHarmony/entry/src/main/ets/data/Store.ets:843:5
 Function may throw exceptions. Special handling is required.
[39m[39m
[33mWARN: [33m[33mArkTS:WARN File: D:/CityUproject/CampusNavigation/RoomMarkerHarmony/entry/src/main/ets/sensors/TrackRecorder.ets:230:19
 'scan' has been deprecated.
[39m[39m
[33mWARN: [33m[33mArkTS:WARN File: D:/CityUproject/CampusNavigation/RoomMarkerHarmony/entry/src/main/ets/sensors/TrackRecorder.ets:260:13
 The system capacity of this api 'backgroundTaskManager' is not supported on all devices
[39m[39m
[33mWARN: [33m[33mArkTS:WARN File: D:/CityUproject/CampusNavigation/RoomMarkerHarmony/entry/src/main/ets/sensors/TrackRecorder.ets:282:9
 The system capacity of this api 'backgroundTaskManager' is not supported on all devices
[39m[39m
[33mWARN: [33m[33mArkTS:WARN File: D:/CityUproject/CampusNavigation/RoomMarkerHarmony/entry/src/main/ets/sensors/TrackMedia.ets:31:3
 Function may throw exceptions. Special handling is required.
[39m[39m
[33mWARN: [33m[33mArkTS:WARN File: D:/CityUproject/CampusNavigation/RoomMarkerHarmony/entry/src/main/ets/sensors/TrackMedia.ets:35:15
 Function may throw exceptions. Special handling is required.
[39m[39m
[33mWARN: [33m[33mArkTS:WARN File: D:/CityUproject/CampusNavigation/RoomMarkerHarmony/entry/src/main/ets/sensors/TrackMedia.ets:36:16
 Function may throw exceptions. Special handling is required.
[39m[39m
[33mWARN: [33m[33mArkTS:WARN File: D:/CityUproject/CampusNavigation/RoomMarkerHarmony/entry/src/main/ets/sensors/TrackMedia.ets:38:3
 Function may throw exceptions. Special handling is required.
[39m[39m
[33mWARN: [33m[33mArkTS:WARN File: D:/CityUproject/CampusNavigation/RoomMarkerHarmony/entry/src/main/ets/sensors/TrackMedia.ets:39:3
 Function may throw exceptions. Special handling is required.
[39m[39m
[33mWARN: [33m[33mArkTS:WARN File: D:/CityUproject/CampusNavigation/RoomMarkerHarmony/entry/src/main/ets/sensors/TrackMedia.ets:40:15
 Function may throw exceptions. Special handling is required.
[39m[39m
[33mWARN: [33m[33mArkTS:WARN File: D:/CityUproject/CampusNavigation/RoomMarkerHarmony/entry/src/main/ets/sensors/TrackMedia.ets:41:3
 Function may throw exceptions. Special handling is required.
[39m[39m
[33mWARN: [33m[33mArkTS:WARN File: D:/CityUproject/CampusNavigation/RoomMarkerHarmony/entry/src/main/ets/sensors/TrackMedia.ets:42:3
 Function may throw exceptions. Special handling is required.
[39m[39m
[33mWARN: [33m[33mArkTS:WARN File: D:/CityUproject/CampusNavigation/RoomMarkerHarmony/entry/src/main/ets/pages/RecordingBanner.ets:37:7
 Function may throw exceptions. Special handling is required.
[39m[39m
[33mWARN: [33m[33mArkTS:WARN File: D:/CityUproject/CampusNavigation/RoomMarkerHarmony/entry/src/main/ets/pages/RecordingBanner.ets:37:20
 'showToast' has been deprecated.
[39m[39m
[33mWARN: [33m[33mArkTS:WARN File: D:/CityUproject/CampusNavigation/RoomMarkerHarmony/entry/src/main/ets/pages/RecordingBanner.ets:47:28
 'showToast' has been deprecated.
[39m[39m
[33mWARN: [33m[33mArkTS:WARN File: D:/CityUproject/CampusNavigation/RoomMarkerHarmony/entry/src/main/ets/pages/RecordingBanner.ets:50:28
 'showToast' has been deprecated.
[39m[39m
[33mWARN: [33m[33mArkTS:WARN File: D:/CityUproject/CampusNavigation/RoomMarkerHarmony/entry/src/main/ets/pages/RecordingBanner.ets:62:7
 Function may throw exceptions. Special handling is required.
[39m[39m
[33mWARN: [33m[33mArkTS:WARN File: D:/CityUproject/CampusNavigation/RoomMarkerHarmony/entry/src/main/ets/pages/RecordingBanner.ets:62:20
 'showToast' has been deprecated.
[39m[39m
[33mWARN: [33m[33mArkTS:WARN File: D:/CityUproject/CampusNavigation/RoomMarkerHarmony/entry/src/main/ets/pages/RecordingBanner.ets:70:22
 'showToast' has been deprecated.
[39m[39m
[33mWARN: [33m[33mArkTS:WARN File: D:/CityUproject/CampusNavigation/RoomMarkerHarmony/entry/src/main/ets/pages/RecordingBanner.ets:81:30
 'showToast' has been deprecated.
[39m[39m
[33mWARN: [33m[33mArkTS:WARN File: D:/CityUproject/CampusNavigation/RoomMarkerHarmony/entry/src/main/ets/pages/RecordingBanner.ets:84:30
 'showToast' has been deprecated.
[39m[39m
[33mWARN: [33m[33mArkTS:WARN File: D:/CityUproject/CampusNavigation/RoomMarkerHarmony/entry/src/main/ets/pages/RecordingBanner.ets:89:26
 'showToast' has been deprecated.
[39m[39m
[33mWARN: [33m[33mArkTS:WARN File: D:/CityUproject/CampusNavigation/RoomMarkerHarmony/entry/src/main/ets/pages/RecordingBanner.ets:96:20
 'showToast' has been deprecated.
[39m[39m
[33mWARN: [33m[33mArkTS:WARN File: D:/CityUproject/CampusNavigation/RoomMarkerHarmony/entry/src/main/ets/pages/RecordingBanner.ets:102:20
 'showToast' has been deprecated.
[39m[39m
[33mWARN: [33m[33mArkTS:WARN File: D:/CityUproject/CampusNavigation/RoomMarkerHarmony/entry/src/main/ets/pages/TrackList.ets:125:24
 'showToast' has been deprecated.
[39m[39m
[33mWARN: [33m[33mArkTS:WARN File: D:/CityUproject/CampusNavigation/RoomMarkerHarmony/entry/src/main/ets/pages/TrackList.ets:174:36
 'showToast' has been deprecated.
[39m[39m
[33mWARN: [33m[33mArkTS:WARN File: D:/CityUproject/CampusNavigation/RoomMarkerHarmony/entry/src/main/ets/common/Exporter.ets:217:17
 Function may throw exceptions. Special handling is required.
[39m[39m
[33mWARN: [33m[33mArkTS:WARN File: D:/CityUproject/CampusNavigation/RoomMarkerHarmony/entry/src/main/ets/common/Exporter.ets:218:5
 Function may throw exceptions. Special handling is required.
[39m[39m
[33mWARN: [33m[33mArkTS:WARN File: D:/CityUproject/CampusNavigation/RoomMarkerHarmony/entry/src/main/ets/common/Exporter.ets:219:5
 Function may throw exceptions. Special handling is required.
[39m[39m
[33mWARN: [33m[33mArkTS:WARN File: D:/CityUproject/CampusNavigation/RoomMarkerHarmony/entry/src/main/ets/pages/AreaDetail.ets:137:26
 'showToast' has been deprecated.
[39m[39m
[33mWARN: [33m[33mArkTS:WARN File: D:/CityUproject/CampusNavigation/RoomMarkerHarmony/entry/src/main/ets/pages/AreaDetail.ets:148:5
 Function may throw exceptions. Special handling is required.
[39m[39m
[33mWARN: [33m[33mArkTS:WARN File: D:/CityUproject/CampusNavigation/RoomMarkerHarmony/entry/src/main/ets/pages/AreaDetail.ets:148:18
 'showToast' has been deprecated.
[39m[39m
[33mWARN: [33m[33mArkTS:WARN File: D:/CityUproject/CampusNavigation/RoomMarkerHarmony/entry/src/main/ets/pages/AreaDetail.ets:150:20
 'showToast' has been deprecated.
[39m[39m
[33mWARN: [33m[33mArkTS:WARN File: D:/CityUproject/CampusNavigation/RoomMarkerHarmony/entry/src/main/ets/pages/AreaDetail.ets:152:20
 'showToast' has been deprecated.
[39m[39m
[33mWARN: [33m[33mArkTS:WARN File: D:/CityUproject/CampusNavigation/RoomMarkerHarmony/entry/src/main/ets/pages/AreaDetail.ets:157:18
 'showDialog' has been deprecated.
[39m[39m
[33mWARN: [33m[33mArkTS:WARN File: D:/CityUproject/CampusNavigation/RoomMarkerHarmony/entry/src/main/ets/pages/AreaDetail.ets:168:24
 'showToast' has been deprecated.
[39m[39m
[33mWARN: [33m[33mArkTS:WARN File: D:/CityUproject/CampusNavigation/RoomMarkerHarmony/entry/src/main/ets/pages/AreaDetail.ets:179:24
 'showToast' has been deprecated.
[39m[39m
[33mWARN: [33m[33mArkTS:WARN File: D:/CityUproject/CampusNavigation/RoomMarkerHarmony/entry/src/main/ets/sensors/LiveStream.ets:317:16
 To use this API, you need to apply for the permissions: ohos.permission.GYROSCOPE
[39m[39m
[33mWARN: [33m[33mArkTS:WARN File: D:/CityUproject/CampusNavigation/RoomMarkerHarmony/entry/src/main/ets/sensors/LiveStream.ets:500:19
 'scan' has been deprecated.
[39m[39m
[33mWARN: [33m[33mArkTS:WARN File: D:/CityUproject/CampusNavigation/RoomMarkerHarmony/entry/src/main/ets/pages/RoomDetail.ets:91:24
 'showToast' has been deprecated.
[39m[39m
[33mWARN: [33m[33mArkTS:WARN File: D:/CityUproject/CampusNavigation/RoomMarkerHarmony/entry/src/main/ets/pages/RoomDetail.ets:100:24
 'showToast' has been deprecated.
[39m[39m
[33mWARN: [33m[33mArkTS:WARN File: D:/CityUproject/CampusNavigation/RoomMarkerHarmony/entry/src/main/ets/pages/RoomDetail.ets:106:18
 'showDialog' has been deprecated.
[39m[39m
[33mWARN: [33m[33mArkTS:WARN File: D:/CityUproject/CampusNavigation/RoomMarkerHarmony/entry/src/main/ets/pages/RoomDetail.ets:199:22
 'showToast' has been deprecated.
[39m[39m

[2026-09-16T09:25:24.822] [DEBUG] debug-file - Ark compile task finished.finished time is 28393809659500
[2026-09-16T09:25:24.822] [DEBUG] debug-file - worker[4] has one work done.
[2026-09-16T09:25:24.823] [DEBUG] debug-file - default@CompileArkTS work[4] done.
[2026-09-16T09:25:24.824] [DEBUG] debug-file - A work dispatched to worker[4] failed because unable to get work from ready queue.
[2026-09-16T09:25:24.825] [INFO] debug-file - Finished :entry:default@CompileArkTS... after 1 s 177 ms 
[2026-09-16T09:25:24.825] [DEBUG] debug-file - Executing task :entry:default@GeneratePkgModuleJson
[2026-09-16T09:25:24.825] [DEBUG] debug-file - File: 'D:\CityUproject\CampusNavigation\RoomMarkerHarmony\entry\build\default\intermediates\preload\default\preload.json' from 'preloadSoJsonPath' is not exists, just ignore.
[2026-09-16T09:25:24.826] [DEBUG] debug-file - Error occurs while handling @Input 'shouldDeduplicateHar': The "data" argument must be of type string or an instance of Buffer, TypedArray, or DataView. Received undefined
[2026-09-16T09:25:24.826] [DEBUG] debug-file - Task 'entry:default@GeneratePkgModuleJson' cost while wrapping incremental declarations: 1 ms 
[2026-09-16T09:25:24.826] [DEBUG] debug-file - Incremental task entry:default@GeneratePkgModuleJson pre-execution cost: 1 ms .
[2026-09-16T09:25:24.826] [DEBUG] debug-file - entry : default@GeneratePkgModuleJson cost memory 0.12152862548828125
[2026-09-16T09:25:24.827] [INFO] debug-file - UP-TO-DATE :entry:default@GeneratePkgModuleJson...  
[2026-09-16T09:25:24.827] [DEBUG] debug-file - Executing task :entry:default@ProcessCompiledResources
[2026-09-16T09:25:24.827] [DEBUG] debug-file - File: 'D:\CityUproject\CampusNavigation\RoomMarkerHarmony\entry\build\default\intermediates\preload\default\preload.json' from 'preloadSoJsonPath' is not exists, just ignore.
[2026-09-16T09:25:24.827] [DEBUG] debug-file - Task 'entry:default@ProcessCompiledResources' cost while wrapping incremental declarations: 1 ms 
[2026-09-16T09:25:24.827] [DEBUG] debug-file - entry : default@ProcessCompiledResources cost memory 0.06813812255859375
[2026-09-16T09:25:24.827] [DEBUG] debug-file - runTaskFromQueue task cost before running: 1 s 298 ms 
[2026-09-16T09:25:24.828] [INFO] debug-file - Finished :entry:default@ProcessCompiledResources... after 1 ms 
[2026-09-16T09:25:24.829] [DEBUG] debug-file - Executing task :entry:default@PackageHap
[2026-09-16T09:25:24.833] [DEBUG] debug-file - entry:default@PackageHap is not up-to-date, since the input file 'D:\CityUproject\CampusNavigation\RoomMarkerHarmony\entry\build\default\intermediates\loader_out\default\ets' has been changed.
[2026-09-16T09:25:24.833] [DEBUG] debug-file - Incremental task entry:default@PackageHap pre-execution cost: 4 ms .
[2026-09-16T09:25:24.834] [DEBUG] debug-file - Use tool [D:\DevEco\DevEco Studio\sdk\default\openharmony\toolchains\lib\app_packing_tool.jar]
 [
  'java',
  '-Dfile.encoding=GBK',
  '-jar',
  'D:\\DevEco\\DevEco Studio\\sdk\\default\\openharmony\\toolchains\\lib\\app_packing_tool.jar',
  '--mode',
  'hap',
  '--force',
  'true',
  '--lib-path',
  'D:\\CityUproject\\CampusNavigation\\RoomMarkerHarmony\\entry\\build\\default\\intermediates\\stripped_native_libs\\default',
  '--json-path',
  'D:\\CityUproject\\CampusNavigation\\RoomMarkerHarmony\\entry\\build\\default\\intermediates\\package\\default\\module.json',
  '--resources-path',
  'D:\\CityUproject\\CampusNavigation\\RoomMarkerHarmony\\entry\\build\\default\\intermediates\\res\\default\\resources',
  '--index-path',
  'D:\\CityUproject\\CampusNavigation\\RoomMarkerHarmony\\entry\\build\\default\\intermediates\\res\\default\\resources.index',
  '--pack-info-path',
  'D:\\CityUproject\\CampusNavigation\\RoomMarkerHarmony\\entry\\build\\default\\outputs\\default\\pack.info',
  '--out-path',
  'D:\\CityUproject\\CampusNavigation\\RoomMarkerHarmony\\entry\\build\\default\\outputs\\default\\entry-default-unsigned.hap',
  '--ets-path',
  'D:\\CityUproject\\CampusNavigation\\RoomMarkerHarmony\\entry\\build\\default\\intermediates\\loader_out\\default\\ets'
]
[2026-09-16T09:25:25.060] [DEBUG] debug-file - java daemon socket received message:{"code":0,"message":"pack success"}
[2026-09-16T09:25:25.063] [DEBUG] debug-file - entry : default@PackageHap cost memory 0.7703475952148438
[2026-09-16T09:25:25.063] [DEBUG] debug-file - runTaskFromQueue task cost before running: 1 s 534 ms 
[2026-09-16T09:25:25.064] [INFO] debug-file - Finished :entry:default@PackageHap... after 235 ms 
[2026-09-16T09:25:25.065] [DEBUG] debug-file - Executing task :entry:default@PackingCheck
[2026-09-16T09:25:25.070] [DEBUG] debug-file - entry : default@PackingCheck cost memory -1.3114700317382812
[2026-09-16T09:25:25.070] [DEBUG] debug-file - runTaskFromQueue task cost before running: 1 s 540 ms 
[2026-09-16T09:25:25.070] [INFO] debug-file - Finished :entry:default@PackingCheck... after 5 ms 
[2026-09-16T09:25:25.071] [DEBUG] debug-file - Executing task :entry:default@SignHap
[2026-09-16T09:25:25.072] [DEBUG] debug-file - entry:default@SignHap is not up-to-date, since the input file 'D:\CityUproject\CampusNavigation\RoomMarkerHarmony\entry\build\default\outputs\default\entry-default-unsigned.hap' has been changed.
[2026-09-16T09:25:25.072] [DEBUG] debug-file - Incremental task entry:default@SignHap pre-execution cost: 1 ms .
[2026-09-16T09:25:25.101] [DEBUG] debug-file - java daemon socket close code:1000 reason:close by user
[2026-09-16T09:25:25.526] [DEBUG] debug-file - java daemon socket received message:{"code":0,"message":"verify profile success"}
[2026-09-16T09:25:25.532] [DEBUG] debug-file - java daemon socket close code:1000 reason:close by user
[2026-09-16T09:25:25.716] [DEBUG] debug-file - java daemon socket received message:{"code":0,"message":"sign app success"}
[2026-09-16T09:25:25.716] [DEBUG] debug-file - entry : default@SignHap cost memory 0.7038421630859375
[2026-09-16T09:25:25.716] [DEBUG] debug-file - runTaskFromQueue task cost before running: 2 s 186 ms 
[2026-09-16T09:25:25.717] [INFO] debug-file - Finished :entry:default@SignHap... after 646 ms 
[2026-09-16T09:25:25.718] [DEBUG] debug-file - Executing task :entry:default@CollectDebugSymbol
[2026-09-16T09:25:25.718] [DEBUG] debug-file - entry : default@CollectDebugSymbol cost memory 0.0992889404296875
[2026-09-16T09:25:25.718] [DEBUG] debug-file - runTaskFromQueue task cost before running: 2 s 189 ms 
[2026-09-16T09:25:25.719] [INFO] debug-file - Finished :entry:default@CollectDebugSymbol... after 1 ms 
[2026-09-16T09:25:25.719] [DEBUG] debug-file - Executing task :entry:assembleHap
[2026-09-16T09:25:25.719] [DEBUG] debug-file - entry : assembleHap cost memory 0.01747894287109375
[2026-09-16T09:25:25.719] [DEBUG] debug-file - runTaskFromQueue task cost before running: 2 s 189 ms 
[2026-09-16T09:25:25.719] [INFO] debug-file - Finished :entry:assembleHap... after 1 ms 
[2026-09-16T09:25:25.726] [INFO] debug-file - BUILD SUCCESSFUL in 2 s 196 ms 
[2026-09-16T09:25:25.727] [DEBUG] debug-file - There is no need to refresh cache, since the incremental task entry:default@PreBuild is up-to-date.
[2026-09-16T09:25:25.727] [DEBUG] debug-file - Update task entry:default@CreateModuleInfo output file:D:\CityUproject\CampusNavigation\RoomMarkerHarmony\entry\build\default\generated\profile\default\ModuleInfo.ts cache.
[2026-09-16T09:25:25.727] [DEBUG] debug-file - Incremental task entry:default@CreateModuleInfo post-execution cost:1 ms .
[2026-09-16T09:25:25.727] [DEBUG] debug-file - There is no need to refresh cache, since the incremental task entry:default@GenerateMetadata is up-to-date.
[2026-09-16T09:25:25.727] [DEBUG] debug-file - There is no need to refresh cache, since the incremental task entry:default@MergeProfile is up-to-date.
[2026-09-16T09:25:25.727] [DEBUG] debug-file - There is no need to refresh cache, since the incremental task entry:default@CreateBuildProfile is up-to-date.
[2026-09-16T09:25:25.727] [DEBUG] debug-file - Update task entry:default@GeneratePkgContextInfo output file:D:\CityUproject\CampusNavigation\RoomMarkerHarmony\entry\build\default\intermediates\loader\default\pkgContextInfo.json cache.
[2026-09-16T09:25:25.727] [DEBUG] debug-file - Incremental task entry:default@GeneratePkgContextInfo post-execution cost:1 ms .
[2026-09-16T09:25:25.727] [DEBUG] debug-file - Update task entry:default@ProcessIntegratedHsp output file:D:\CityUproject\CampusNavigation\RoomMarkerHarmony\build\cache\default\integrated_hsp\integratedHspCache.json cache.
[2026-09-16T09:25:25.727] [DEBUG] debug-file - Incremental task entry:default@ProcessIntegratedHsp post-execution cost:1 ms .
[2026-09-16T09:25:25.727] [DEBUG] debug-file - There is no need to refresh cache, since the incremental task entry:default@MakePackInfo is up-to-date.
[2026-09-16T09:25:25.727] [DEBUG] debug-file - Update task entry:default@SyscapTransform input file:D:\DevEco\DevEco Studio\sdk\default\openharmony\toolchains\syscap_tool.exe cache by regenerate.
[2026-09-16T09:25:25.727] [DEBUG] debug-file - Update task entry:default@SyscapTransform input file:D:\DevEco\DevEco Studio\sdk\default\openharmony\ets\api\device-define cache by regenerate.
[2026-09-16T09:25:25.728] [DEBUG] debug-file - Update task entry:default@SyscapTransform output file:D:\CityUproject\CampusNavigation\RoomMarkerHarmony\entry\build\default\intermediates\syscap\default\rpcid.sc cache.
[2026-09-16T09:25:25.729] [DEBUG] debug-file - Incremental task entry:default@SyscapTransform post-execution cost:2 ms .
[2026-09-16T09:25:25.729] [DEBUG] debug-file - There is no need to refresh cache, since the incremental task entry:default@ProcessProfile is up-to-date.
[2026-09-16T09:25:25.729] [DEBUG] debug-file - There is no need to refresh cache, since the incremental task entry:default@ProcessRouterMap is up-to-date.
[2026-09-16T09:25:25.729] [DEBUG] debug-file - There is no need to refresh cache, since the incremental task entry:default@ProcessShareConfig is up-to-date.
[2026-09-16T09:25:25.729] [DEBUG] debug-file - Update task entry:default@ProcessStartupConfig output file:D:\CityUproject\CampusNavigation\RoomMarkerHarmony\entry\build\default\intermediates\startup\default\startup_config.json cache.
[2026-09-16T09:25:25.729] [DEBUG] debug-file - Incremental task entry:default@ProcessStartupConfig post-execution cost:1 ms .
[2026-09-16T09:25:25.729] [DEBUG] debug-file - There is no need to refresh cache, since the incremental task entry:default@ProcessResource is up-to-date.
[2026-09-16T09:25:25.729] [DEBUG] debug-file - There is no need to refresh cache, since the incremental task entry:default@GenerateLoaderJson is up-to-date.
[2026-09-16T09:25:25.729] [DEBUG] debug-file - There is no need to refresh cache, since the incremental task entry:default@ProcessLibs is up-to-date.
[2026-09-16T09:25:25.730] [DEBUG] debug-file - There is no need to refresh cache, since the incremental task entry:default@CompileResource is up-to-date.
[2026-09-16T09:25:25.730] [DEBUG] debug-file - There is no need to refresh cache, since the incremental task entry:default@DoNativeStrip is up-to-date.
[2026-09-16T09:25:25.730] [DEBUG] debug-file - Update task entry:default@CompileArkTS input file:D:\CityUproject\CampusNavigation\RoomMarkerHarmony\entry\build\default\intermediates\loader\default cache by regenerate.
[2026-09-16T09:25:25.731] [DEBUG] debug-file - Update task entry:default@CompileArkTS input file:D:\CityUproject\CampusNavigation\RoomMarkerHarmony\entry\build\default\intermediates\res\default\ResourceTable.txt cache by regenerate.
[2026-09-16T09:25:25.731] [DEBUG] debug-file - Update task entry:default@CompileArkTS input file:D:\CityUproject\CampusNavigation\RoomMarkerHarmony\entry\build\default\intermediates\res\default\ark_module.json cache by regenerate.
[2026-09-16T09:25:25.731] [DEBUG] debug-file - Update task entry:default@CompileArkTS input file:D:\CityUproject\CampusNavigation\RoomMarkerHarmony\entry\build\default\intermediates\res\default\resources\base\profile cache by regenerate.
[2026-09-16T09:25:25.731] [DEBUG] debug-file - Update task entry:default@CompileArkTS input file:D:\CityUproject\CampusNavigation\RoomMarkerHarmony\entry\src\main\ets cache by regenerate.
[2026-09-16T09:25:25.734] [DEBUG] debug-file - Update task entry:default@CompileArkTS input file:D:\CityUproject\CampusNavigation\RoomMarkerHarmony\entry\build\default\generated\profile\default\BuildProfile.ets cache by regenerate.
[2026-09-16T09:25:25.734] [DEBUG] debug-file - Update task entry:default@CompileArkTS output file:D:\CityUproject\CampusNavigation\RoomMarkerHarmony\entry\build\default\intermediates\loader_out\default\ets cache.
[2026-09-16T09:25:25.735] [DEBUG] debug-file - Incremental task entry:default@CompileArkTS post-execution cost:6 ms .
[2026-09-16T09:25:25.735] [DEBUG] debug-file - Update task entry:default@BuildJS input file:D:\CityUproject\CampusNavigation\RoomMarkerHarmony\entry\build\default\intermediates\loader\default cache by regenerate.
[2026-09-16T09:25:25.736] [DEBUG] debug-file - Update task entry:default@BuildJS input file:D:\CityUproject\CampusNavigation\RoomMarkerHarmony\entry\build\default\intermediates\res\default\ResourceTable.txt cache by regenerate.
[2026-09-16T09:25:25.736] [DEBUG] debug-file - Update task entry:default@BuildJS input file:D:\CityUproject\CampusNavigation\RoomMarkerHarmony\entry\build\default\intermediates\res\default\ark_module.json cache by regenerate.
[2026-09-16T09:25:25.736] [DEBUG] debug-file - Update task entry:default@BuildJS input file:D:\CityUproject\CampusNavigation\RoomMarkerHarmony\entry\build\default\intermediates\res\default\resources\base\profile cache by regenerate.
[2026-09-16T09:25:25.736] [DEBUG] debug-file - Update task entry:default@BuildJS output file:D:\CityUproject\CampusNavigation\RoomMarkerHarmony\entry\build\default\intermediates\loader_out\default\js cache.
[2026-09-16T09:25:25.737] [DEBUG] debug-file - Incremental task entry:default@BuildJS post-execution cost:2 ms .
[2026-09-16T09:25:25.737] [DEBUG] debug-file - There is no need to refresh cache, since the incremental task entry:default@CacheNativeLibs is up-to-date.
[2026-09-16T09:25:25.737] [DEBUG] debug-file - There is no need to refresh cache, since the incremental task entry:default@GeneratePkgModuleJson is up-to-date.
[2026-09-16T09:25:25.737] [DEBUG] debug-file - Incremental task entry:default@ProcessCompiledResources post-execution cost:1 ms .
[2026-09-16T09:25:25.737] [DEBUG] debug-file - Update task entry:default@PackageHap input file:D:\CityUproject\CampusNavigation\RoomMarkerHarmony\entry\build\default\intermediates\stripped_native_libs\default cache by regenerate.
[2026-09-16T09:25:25.737] [DEBUG] debug-file - Update task entry:default@PackageHap input file:D:\CityUproject\CampusNavigation\RoomMarkerHarmony\entry\build\default\intermediates\res\default\module.json cache by regenerate.
[2026-09-16T09:25:25.737] [DEBUG] debug-file - Update task entry:default@PackageHap input file:D:\CityUproject\CampusNavigation\RoomMarkerHarmony\entry\build\default\intermediates\res\default\resources cache by regenerate.
[2026-09-16T09:25:25.738] [DEBUG] debug-file - Update task entry:default@PackageHap input file:D:\CityUproject\CampusNavigation\RoomMarkerHarmony\entry\build\default\intermediates\res\default\resources.index cache by regenerate.
[2026-09-16T09:25:25.738] [DEBUG] debug-file - Update task entry:default@PackageHap input file:D:\CityUproject\CampusNavigation\RoomMarkerHarmony\entry\build\default\outputs\default\pack.info cache by regenerate.
[2026-09-16T09:25:25.738] [DEBUG] debug-file - Update task entry:default@PackageHap input file:D:\CityUproject\CampusNavigation\RoomMarkerHarmony\entry\build\default\intermediates\loader_out\default\ets cache from map.
[2026-09-16T09:25:25.739] [DEBUG] debug-file - Update task entry:default@PackageHap input file:D:\CityUproject\CampusNavigation\RoomMarkerHarmony\entry\build\default\intermediates\loader_out\default\ets\sourceMaps.map cache by regenerate.
[2026-09-16T09:25:25.739] [DEBUG] debug-file - Update task entry:default@PackageHap input file:D:\CityUproject\CampusNavigation\RoomMarkerHarmony\entry\build\default\generated\profile\default\BuildProfile.ets cache by regenerate.
[2026-09-16T09:25:25.739] [DEBUG] debug-file - Update task entry:default@PackageHap output file:D:\CityUproject\CampusNavigation\RoomMarkerHarmony\entry\build\default\outputs\default\entry-default-unsigned.hap cache.
[2026-09-16T09:25:25.739] [DEBUG] debug-file - Update task entry:default@PackageHap output file:D:\CityUproject\CampusNavigation\RoomMarkerHarmony\entry\build\default\intermediates\source_map\default\sourceMaps.map cache.
[2026-09-16T09:25:25.739] [DEBUG] debug-file - Update task entry:default@PackageHap output file:D:\CityUproject\CampusNavigation\RoomMarkerHarmony\entry\build\default\outputs\default\mapping\sourceMaps.map cache.
[2026-09-16T09:25:25.739] [DEBUG] debug-file - Incremental task entry:default@PackageHap post-execution cost:3 ms .
[2026-09-16T09:25:25.740] [DEBUG] debug-file - Update task entry:default@SignHap input file:C:\Users\23285\.ohos\config\default_RoomMarkerHarmony_8-UkI_-5Ml4C9rZHTmYgpVvtR64Q_NJI_7h33KFhWh0=.cer cache by regenerate.
[2026-09-16T09:25:25.740] [DEBUG] debug-file - Update task entry:default@SignHap input file:C:\Users\23285\.ohos\config\default_RoomMarkerHarmony_8-UkI_-5Ml4C9rZHTmYgpVvtR64Q_NJI_7h33KFhWh0=.p7b cache by regenerate.
[2026-09-16T09:25:25.740] [DEBUG] debug-file - Update task entry:default@SignHap input file:C:\Users\23285\.ohos\config\default_RoomMarkerHarmony_8-UkI_-5Ml4C9rZHTmYgpVvtR64Q_NJI_7h33KFhWh0=.p12 cache by regenerate.
[2026-09-16T09:25:25.740] [DEBUG] debug-file - Update task entry:default@SignHap input file:D:\CityUproject\CampusNavigation\RoomMarkerHarmony\entry\build\default\outputs\default\entry-default-unsigned.hap cache from map.
[2026-09-16T09:25:25.740] [DEBUG] debug-file - Update task entry:default@SignHap output file:D:\CityUproject\CampusNavigation\RoomMarkerHarmony\entry\build\default\outputs\default\entry-default-signed.hap cache.
[2026-09-16T09:25:25.740] [DEBUG] debug-file - Incremental task entry:default@SignHap post-execution cost:1 ms .
[2026-09-16T09:25:25.740] [DEBUG] debug-file - Update task entry:default@CollectDebugSymbol input file:D:\CityUproject\CampusNavigation\RoomMarkerHarmony\entry\build\default\intermediates\loader_out\default\ets\sourceMaps.map cache by regenerate.
[2026-09-16T09:25:25.741] [DEBUG] debug-file - Update task entry:default@CollectDebugSymbol input file:D:\CityUproject\CampusNavigation\RoomMarkerHarmony\entry\build\default\intermediates\libs\default cache by regenerate.
[2026-09-16T09:25:25.741] [DEBUG] debug-file - Update task entry:default@CollectDebugSymbol output file:D:\CityUproject\CampusNavigation\RoomMarkerHarmony\entry\build\default\outputs\default\symbol cache.
[2026-09-16T09:25:25.741] [DEBUG] debug-file - Incremental task entry:default@CollectDebugSymbol post-execution cost:1 ms .
[2026-09-16T09:25:25.754] [DEBUG] debug-file - Cleanup worker 14.
[2026-09-16T09:25:25.754] [DEBUG] debug-file - Worker 14 has been cleaned up.
[2026-09-16T09:25:25.754] [DEBUG] debug-file - Current idle worker size: 1.
[2026-09-16T09:25:25.754] [DEBUG] debug-file - Current resident worker size: 2.
[2026-09-16T09:25:25.755] [DEBUG] debug-file - hvigor build process will be closed.
[2026-09-16T09:25:25.755] [DEBUG] debug-file - java daemon socket close code:1000 reason:close by user
[2026-09-16T09:25:25.758] [DEBUG] debug-file - session manager: send message to worker process.
[2026-09-16T09:25:25.758] [DEBUG] debug-file - session manager: send message to worker process.
[2026-09-16T09:25:25.758] [DEBUG] debug-file - watch worker: worker id should be larger than 0. Nothing will be sent to any worker thread.
[2026-09-16T09:25:25.758] [DEBUG] debug-file - watch worker: worker id should be larger than 0. Nothing will be sent to any worker thread.
[2026-09-16T09:25:25.761] [DEBUG] debug-file - worker[14] exits with exit code 1.
